{
  "parent": "minecraft:item/generated",
  "textures": {
    "layer0": "minecraft:item/emerald"
  },
	"overrides": 
	[
		{ "predicate": { "custom_model_data": 51}, "model": "idk:item/judd_pointlm"},
    { "predicate": { "custom_model_data": 52}, "model": "idk:item/judd_pointor"},
    { "predicate": { "custom_model_data": 53}, "model": "idk:item/judd"},
    { "predicate": { "custom_model_data": 54}, "model": "idk:item/judd_think"},
    { "predicate": { "custom_model_data": 55}, "model": "idk:item/squid_klyaksa_lime"},
    { "predicate": { "custom_model_data": 56}, "model": "idk:item/squid_klyaksa_orange"}

  ]
}