{
	"credit": "Made with Blockbench",
	"texture_size": [64, 64],
	"textures": {
		"0": "item/yellow_dye",
		"particle": "item/yellow_dye"
	},
	"elements": [
		{
			"from": [1, 3, -1],
			"to": [15, 5, 14],
			"rotation": {"angle": 22.5, "axis": "x", "origin": [7, 3, 7]},
			"faces": {
				"north": {"uv": [7, 0, 10.5, 0.5], "texture": "#0"},
				"east": {"uv": [5, 3.75, 8.75, 4.25], "texture": "#0"},
				"south": {"uv": [7, 0.5, 10.5, 1], "texture": "#0"},
				"west": {"uv": [5, 4.25, 8.75, 4.75], "texture": "#0"},
				"up": {"uv": [3.5, 3.75, 0, 0], "texture": "#0"},
				"down": {"uv": [7, 0, 3.5, 3.75], "texture": "#0"}
			}
		},
		{
			"from": [-2, -1, -1],
			"to": [18, 3, -1],
			"rotation": {"angle": 22.5, "axis": "x", "origin": [7, 3, 7]},
			"faces": {
				"north": {"uv": [0, 3.75, 5, 4.75], "texture": "#0"},
				"east": {"uv": [0, 0, 0, 1], "texture": "#0"},
				"south": {"uv": [0, 4.75, 5, 5.75], "texture": "#0"},
				"west": {"uv": [0, 0, 0, 1], "texture": "#0"},
				"up": {"uv": [5, 0, 0, 0], "texture": "#0"},
				"down": {"uv": [5, 0, 0, 0], "texture": "#0"}
			}
		},
		{
			"from": [-2, 3, -1],
			"to": [1, 5, 9],
			"rotation": {"angle": 22.5, "axis": "x", "origin": [7, 3, 7]},
			"faces": {
				"north": {"uv": [2.25, 7, 3, 7.5], "texture": "#0"},
				"east": {"uv": [2.25, 6.5, 4.75, 7], "texture": "#0"},
				"south": {"uv": [7, 2.5, 7.75, 3], "texture": "#0"},
				"west": {"uv": [7, 1, 9.5, 1.5], "texture": "#0"},
				"up": {"uv": [5.75, 7.25, 5, 4.75], "texture": "#0"},
				"down": {"uv": [0.75, 5.75, 0, 8.25], "texture": "#0"}
			}
		},
		{
			"from": [15, 3, -1],
			"to": [18, 5, 9],
			"rotation": {"angle": 22.5, "axis": "x", "origin": [23, 3, 7]},
			"faces": {
				"north": {"uv": [3, 7, 3.75, 7.5], "texture": "#0"},
				"east": {"uv": [7, 1.5, 9.5, 2], "texture": "#0"},
				"south": {"uv": [7, 3, 7.75, 3.5], "texture": "#0"},
				"west": {"uv": [7, 2, 9.5, 2.5], "texture": "#0"},
				"up": {"uv": [1.5, 8.25, 0.75, 5.75], "texture": "#0"},
				"down": {"uv": [2.25, 5.75, 1.5, 8.25], "texture": "#0"}
			}
		},
		{
			"from": [18, 0, -1],
			"to": [18, 3, 9],
			"rotation": {"angle": 22.5, "axis": "x", "origin": [23, 3, 7]},
			"faces": {
				"north": {"uv": [0, 0, 0, 0.75], "texture": "#0"},
				"east": {"uv": [2.25, 5.75, 4.75, 6.5], "texture": "#0"},
				"south": {"uv": [0, 0, 0, 0.75], "texture": "#0"},
				"west": {"uv": [5.75, 4.75, 8.25, 5.5], "texture": "#0"},
				"up": {"uv": [0, 2.5, 0, 0], "texture": "#0"},
				"down": {"uv": [0, 0, 0, 2.5], "texture": "#0"}
			}
		},
		{
			"from": [-2, 0, -1],
			"to": [-2, 3, 9],
			"rotation": {"angle": 22.5, "axis": "x", "origin": [3, 3, 7]},
			"faces": {
				"north": {"uv": [0, 0, 0, 0.75], "texture": "#0"},
				"east": {"uv": [5.75, 5.5, 8.25, 6.25], "texture": "#0"},
				"south": {"uv": [0, 0, 0, 0.75], "texture": "#0"},
				"west": {"uv": [5.75, 6.25, 8.25, 7], "texture": "#0"},
				"up": {"uv": [0, 2.5, 0, 0], "texture": "#0"},
				"down": {"uv": [0, 0, 0, 2.5], "texture": "#0"}
			}
		}
	],
	"display": {
		"thirdperson_righthand": {
			"translation": [0, -1, -1],
			"scale": [1.31, 1.31, 1.31]
		},
		"thirdperson_lefthand": {
			"translation": [0, -1, -1],
			"scale": [1.31, 1.31, 1.31]
		},
		"firstperson_righthand": {
			"translation": [0, -1, -1],
			"scale": [1.31, 1.31, 1.31]
		},
		"firstperson_lefthand": {
			"translation": [0, -1, -1],
			"scale": [1.31, 1.31, 1.31]
		},
		"ground": {
			"translation": [0, -1, -1],
			"scale": [1.31, 1.31, 1.31]
		},
		"gui": {
			"translation": [0, -1, -1],
			"scale": [1.31, 1.31, 1.31]
		},
		"head": {
			"translation": [0, -1, -1],
			"scale": [1.31, 1.31, 1.31]
		},
		"fixed": {
			"translation": [0, -1, -1],
			"scale": [1.31, 1.31, 1.31]
		}
	}
}