{
	"format_version": "1.21.6",
	"credit": "Made with Blockbench",
	"texture_size": [64, 64],
	"textures": {
		"0": "kl:item/ch2",
		"particle": "kl:item/ch2"
	},
	"elements": [
		{
			"from": [5.75, 6.25, 10],
			"to": [10.25, 11.25, 29],
			"rotation": {"angle": 0, "axis": "y", "origin": [7, 6, 15]},
			"faces": {
				"north": {"uv": [4.75, 0, 6, 1.25], "texture": "#0"},
				"east": {"uv": [0, 0, 4.75, 1.25], "texture": "#0"},
				"south": {"uv": [4.75, 1.25, 6, 2.5], "texture": "#0"},
				"west": {"uv": [0, 1.25, 4.75, 2.5], "texture": "#0"},
				"up": {"uv": [1.25, 7.25, 0, 2.5], "texture": "#0"},
				"down": {"uv": [2.5, 2.5, 1.25, 7.25], "texture": "#0"}
			}
		},
		{
			"from": [6.5, 7.5, 4.5],
			"to": [9.5, 10.75, 8],
			"rotation": {"angle": 45, "axis": "x", "origin": [7, 4, 4]},
			"faces": {
				"north": {"uv": [0, 7.25, 0.75, 8], "texture": "#0"},
				"east": {"uv": [6, 0, 7, 0.75], "texture": "#0"},
				"south": {"uv": [0.75, 7.25, 1.5, 8], "texture": "#0"},
				"west": {"uv": [6, 0.75, 7, 1.5], "texture": "#0"},
				"up": {"uv": [6.75, 2.5, 6, 1.5], "texture": "#0"},
				"down": {"uv": [5.75, 6, 5, 7], "texture": "#0"}
			}
		},
		{
			"from": [6.5, 4.25, 4.5],
			"to": [9.5, 7.5, 7],
			"rotation": {"angle": 45, "axis": "x", "origin": [7, 4, 4]},
			"faces": {
				"north": {"uv": [3.5, 7.5, 4.25, 8.25], "texture": "#0"},
				"east": {"uv": [5.75, 7.5, 6.5, 8.25], "texture": "#0"},
				"south": {"uv": [6.5, 7.5, 7.25, 8.25], "texture": "#0"},
				"west": {"uv": [7.25, 7.5, 8, 8.25], "texture": "#0"},
				"up": {"uv": [8.5, 0.75, 7.75, 0], "texture": "#0"},
				"down": {"uv": [8.5, 6, 7.75, 6.75], "texture": "#0"}
			}
		},
		{
			"from": [6.51, 5.9, 9.1],
			"to": [9.49, 8.4, 12.75],
			"rotation": {"angle": 0, "axis": "y", "origin": [7, 9, 5]},
			"faces": {
				"north": {"uv": [7.5, 1, 8.25, 1.75], "texture": "#0"},
				"east": {"uv": [6.75, 6, 7.75, 6.75], "texture": "#0"},
				"south": {"uv": [7.5, 1.75, 8.25, 2.5], "texture": "#0"},
				"west": {"uv": [6.75, 6.75, 7.75, 7.5], "texture": "#0"},
				"up": {"uv": [7.75, 1, 7, 0], "texture": "#0"},
				"down": {"uv": [5.75, 7, 5, 8], "texture": "#0"}
			}
		},
		{
			"from": [7.5, 8.4, 9.1],
			"to": [8.5, 8.9, 10],
			"rotation": {"angle": 0, "axis": "y", "origin": [7, 9.75, 5]},
			"faces": {
				"north": {"uv": [9.5, 1, 9.75, 1.25], "texture": "#0"},
				"east": {"uv": [1.25, 9.5, 1.5, 9.75], "texture": "#0"},
				"south": {"uv": [9.5, 1.25, 9.75, 1.5], "texture": "#0"},
				"west": {"uv": [1.5, 9.5, 1.75, 9.75], "texture": "#0"},
				"up": {"uv": [9.75, 1.75, 9.5, 1.5], "texture": "#0"},
				"down": {"uv": [9.75, 1.75, 9.5, 2], "texture": "#0"}
			}
		},
		{
			"from": [6.25, 7, 4.75],
			"to": [9.75, 9, 6.75],
			"rotation": {"angle": 45, "axis": "x", "origin": [3.5, 4, 4]},
			"faces": {
				"north": {"uv": [1, 8, 2, 8.5], "texture": "#0"},
				"east": {"uv": [2.5, 8.5, 3, 9], "texture": "#0"},
				"south": {"uv": [2, 8, 3, 8.5], "texture": "#0"},
				"west": {"uv": [8.5, 3.5, 9, 4], "texture": "#0"},
				"up": {"uv": [9, 3, 8, 2.5], "texture": "#0"},
				"down": {"uv": [9, 3, 8, 3.5], "texture": "#0"}
			}
		},
		{
			"from": [6, 6.5, 5.2],
			"to": [10, 8, 6.2],
			"rotation": {"angle": 45, "axis": "x", "origin": [3.5, 4, 4]},
			"faces": {
				"north": {"uv": [7.75, 6.75, 8.75, 7.25], "texture": "#0"},
				"east": {"uv": [9, 2.5, 9.25, 3], "texture": "#0"},
				"south": {"uv": [0, 8, 1, 8.5], "texture": "#0"},
				"west": {"uv": [2.75, 9, 3, 9.5], "texture": "#0"},
				"up": {"uv": [9.5, 0.75, 8.5, 0.5], "texture": "#0"},
				"down": {"uv": [2.5, 8.5, 1.5, 8.75], "texture": "#0"}
			}
		},
		{
			"from": [6.7, 8.25, 4.49],
			"to": [9.3, 10.25, 4.59],
			"rotation": {"angle": 45, "axis": "x", "origin": [7, 4, 4]},
			"faces": {
				"north": {"uv": [8, 7.25, 8.75, 7.75], "texture": "#0"},
				"east": {"uv": [2, 9, 2.25, 9.5], "texture": "#0"},
				"south": {"uv": [8, 7.75, 8.75, 8.25], "texture": "#0"},
				"west": {"uv": [2.5, 9, 2.75, 9.5], "texture": "#0"},
				"up": {"uv": [9.5, 1.5, 8.75, 1.25], "texture": "#0"},
				"down": {"uv": [2.25, 8.75, 1.5, 9], "texture": "#0"}
			}
		},
		{
			"from": [7.5, 0, 9],
			"to": [8.5, 0.75, 10.25],
			"rotation": {"angle": -45, "axis": "x", "origin": [7, 3, 10]},
			"faces": {
				"north": {"uv": [7.75, 7.25, 8, 7.5], "texture": "#0"},
				"east": {"uv": [9.25, 2.75, 9.5, 3], "texture": "#0"},
				"south": {"uv": [3, 9.25, 3.25, 9.5], "texture": "#0"},
				"west": {"uv": [3.25, 9.25, 3.5, 9.5], "texture": "#0"},
				"up": {"uv": [4.25, 9.5, 4, 9.25], "texture": "#0"},
				"down": {"uv": [9.5, 4.75, 9.25, 5], "texture": "#0"}
			}
		},
		{
			"from": [7.75, 0.1, 7.5],
			"to": [8.25, 0.6, 9.05],
			"rotation": {"angle": -45, "axis": "x", "origin": [7, 3, 10]},
			"faces": {
				"north": {"uv": [2.25, 9.5, 2.5, 9.75], "texture": "#0"},
				"east": {"uv": [0.75, 9.25, 1.25, 9.5], "texture": "#0"},
				"south": {"uv": [9.5, 2.25, 9.75, 2.5], "texture": "#0"},
				"west": {"uv": [1.25, 9.25, 1.75, 9.5], "texture": "#0"},
				"up": {"uv": [2, 9.75, 1.75, 9.25], "texture": "#0"},
				"down": {"uv": [9.5, 2.25, 9.25, 2.75], "texture": "#0"}
			}
		},
		{
			"from": [7.25, -1, 10.25],
			"to": [8.75, 5, 11.75],
			"rotation": {"angle": -45, "axis": "x", "origin": [7, 3, 10]},
			"faces": {
				"north": {"uv": [5.75, 6, 6.25, 7.5], "texture": "#0"},
				"east": {"uv": [6.25, 6, 6.75, 7.5], "texture": "#0"},
				"south": {"uv": [2.5, 6.5, 3, 8], "texture": "#0"},
				"west": {"uv": [3, 6.5, 3.5, 8], "texture": "#0"},
				"up": {"uv": [7.5, 1.5, 7, 1], "texture": "#0"},
				"down": {"uv": [7.25, 8.25, 6.75, 8.75], "texture": "#0"}
			}
		},
		{
			"from": [7.75, 0.1, 7],
			"to": [8.25, 5, 7.5],
			"rotation": {"angle": -45, "axis": "x", "origin": [7.1, 3, 10]},
			"faces": {
				"north": {"uv": [4.25, 6.5, 4.5, 7.75], "texture": "#0"},
				"east": {"uv": [4.25, 7.75, 4.5, 9], "texture": "#0"},
				"south": {"uv": [3.5, 8.25, 3.75, 9.5], "texture": "#0"},
				"west": {"uv": [3.75, 8.25, 4, 9.5], "texture": "#0"},
				"up": {"uv": [5.25, 9.5, 5, 9.25], "texture": "#0"},
				"down": {"uv": [5.5, 9.25, 5.25, 9.5], "texture": "#0"}
			}
		},
		{
			"from": [7.75, 4.5, 8.1],
			"to": [8.25, 5, 8.35],
			"rotation": {"angle": -45, "axis": "x", "origin": [7.1, 3, 10]},
			"faces": {
				"north": {"uv": [2.5, 9.5, 2.75, 9.75], "texture": "#0"},
				"east": {"uv": [9.5, 2.5, 9.75, 2.75], "texture": "#0"},
				"south": {"uv": [2.75, 9.5, 3, 9.75], "texture": "#0"},
				"west": {"uv": [9.5, 2.75, 9.75, 3], "texture": "#0"},
				"up": {"uv": [3.25, 9.75, 3, 9.5], "texture": "#0"},
				"down": {"uv": [9.75, 3, 9.5, 3.25], "texture": "#0"}
			}
		},
		{
			"from": [6, 5.25, 12.7],
			"to": [10, 6.25, 28.5],
			"rotation": {"angle": 0, "axis": "y", "origin": [7, 5, 22]},
			"faces": {
				"north": {"uv": [8.25, 2.25, 9.25, 2.5], "texture": "#0"},
				"east": {"uv": [4.5, 5, 8.5, 5.25], "texture": "#0"},
				"south": {"uv": [5.75, 8.25, 6.75, 8.5], "texture": "#0"},
				"west": {"uv": [4.5, 5.25, 8.5, 5.5], "texture": "#0"},
				"up": {"uv": [3.5, 6.5, 2.5, 2.5], "texture": "#0"},
				"down": {"uv": [4.5, 2.5, 3.5, 6.5], "texture": "#0"}
			}
		},
		{
			"from": [7.25, 4.25, 21.3],
			"to": [8.75, 5.25, 25.5],
			"rotation": {"angle": 0, "axis": "y", "origin": [7, 4, 22]},
			"faces": {
				"north": {"uv": [7.5, 9, 8, 9.25], "texture": "#0"},
				"east": {"uv": [8.5, 5.5, 9.5, 5.75], "texture": "#0"},
				"south": {"uv": [9, 7.5, 9.5, 7.75], "texture": "#0"},
				"west": {"uv": [8.5, 5.75, 9.5, 6], "texture": "#0"},
				"up": {"uv": [3.5, 9, 3, 8], "texture": "#0"},
				"down": {"uv": [8.5, 3.5, 8, 4.5], "texture": "#0"}
			}
		},
		{
			"from": [8, -0.25, 13],
			"to": [8, 4.25, 24],
			"rotation": {"angle": 0, "axis": "y", "origin": [7.25, 4, 23]},
			"faces": {
				"north": {"uv": [0, 0, 0, 1.25], "texture": "#0"},
				"east": {"uv": [4.5, 2.5, 7.25, 3.75], "texture": "#0"},
				"south": {"uv": [0, 0, 0, 1.25], "texture": "#0"},
				"west": {"uv": [4.5, 3.75, 7.25, 5], "texture": "#0"},
				"up": {"uv": [0, 2.75, 0, 0], "texture": "#0"},
				"down": {"uv": [0, 0, 0, 2.75], "texture": "#0"}
			}
		},
		{
			"from": [7, 10.75, 26],
			"to": [9, 11.75, 28],
			"rotation": {"angle": 0, "axis": "y", "origin": [7, 10.5, 24]},
			"faces": {
				"north": {"uv": [8.75, 8, 9.25, 8.25], "texture": "#0"},
				"east": {"uv": [8.75, 8.75, 9.25, 9], "texture": "#0"},
				"south": {"uv": [0, 9, 0.5, 9.25], "texture": "#0"},
				"west": {"uv": [9, 0, 9.5, 0.25], "texture": "#0"},
				"up": {"uv": [0.5, 9, 0, 8.5], "texture": "#0"},
				"down": {"uv": [9, 0, 8.5, 0.5], "texture": "#0"}
			}
		},
		{
			"from": [7, 10.75, 11],
			"to": [9, 11.75, 13],
			"rotation": {"angle": 0, "axis": "y", "origin": [7, 10.5, 9]},
			"faces": {
				"north": {"uv": [9, 0.25, 9.5, 0.5], "texture": "#0"},
				"east": {"uv": [0.5, 9, 1, 9.25], "texture": "#0"},
				"south": {"uv": [1, 9, 1.5, 9.25], "texture": "#0"},
				"west": {"uv": [1.5, 9, 2, 9.25], "texture": "#0"},
				"up": {"uv": [1, 9, 0.5, 8.5], "texture": "#0"},
				"down": {"uv": [1.5, 8.5, 1, 9], "texture": "#0"}
			}
		},
		{
			"from": [7.75, 1.55, 9.2],
			"to": [8.25, 3.4, 9.45],
			"rotation": {"angle": 0, "axis": "y", "origin": [7, 4.3, 6.7]},
			"faces": {
				"north": {"uv": [8.75, 6.75, 9, 7.25], "texture": "#0"},
				"east": {"uv": [7, 8.75, 7.25, 9.25], "texture": "#0"},
				"south": {"uv": [7.25, 8.75, 7.5, 9.25], "texture": "#0"},
				"west": {"uv": [8.75, 7.25, 9, 7.75], "texture": "#0"},
				"up": {"uv": [5.75, 9.5, 5.5, 9.25], "texture": "#0"},
				"down": {"uv": [6, 9.25, 5.75, 9.5], "texture": "#0"}
			}
		},
		{
			"from": [7.75, 3.3, 7.45],
			"to": [8.25, 3.55, 9.45],
			"rotation": {"angle": -20, "axis": "x", "origin": [7, 3.4, 9.3]},
			"faces": {
				"north": {"uv": [2, 9.5, 2.25, 9.75], "texture": "#0"},
				"east": {"uv": [8.75, 9, 9.25, 9.25], "texture": "#0"},
				"south": {"uv": [9.5, 2, 9.75, 2.25], "texture": "#0"},
				"west": {"uv": [0, 9.25, 0.5, 9.5], "texture": "#0"},
				"up": {"uv": [4.5, 9.5, 4.25, 9], "texture": "#0"},
				"down": {"uv": [0.75, 9.25, 0.5, 9.75], "texture": "#0"}
			}
		},
		{
			"from": [6.75, 4.75, 4.75],
			"to": [9.25, 7.25, 5.25],
			"rotation": {"angle": 45, "axis": "x", "origin": [7, 5, 4]},
			"faces": {
				"north": {"uv": [1.5, 7.25, 2.25, 8], "texture": "#0"},
				"east": {"uv": [2.25, 7.25, 2.5, 8], "texture": "#0"},
				"south": {"uv": [7.25, 2.5, 8, 3.25], "texture": "#0"},
				"west": {"uv": [6, 8.5, 6.25, 9.25], "texture": "#0"},
				"up": {"uv": [8, 5, 7.25, 4.75], "texture": "#0"},
				"down": {"uv": [9.25, 6, 8.5, 6.25], "texture": "#0"}
			}
		},
		{
			"from": [7.5, 5.6, -13],
			"to": [8.5, 6.6, 3],
			"rotation": {"angle": 0, "axis": "y", "origin": [7, 5.35, 3]},
			"faces": {
				"north": {"uv": [6, 9.25, 6.25, 9.5], "texture": "#0"},
				"east": {"uv": [4.5, 5.5, 8.5, 5.75], "texture": "#0"},
				"south": {"uv": [9.25, 6, 9.5, 6.25], "texture": "#0"},
				"west": {"uv": [4.5, 5.75, 8.5, 6], "texture": "#0"},
				"up": {"uv": [4.75, 10, 4.5, 6], "texture": "#0"},
				"down": {"uv": [5, 6, 4.75, 10], "texture": "#0"}
			}
		},
		{
			"from": [7.5, 4.65, 2.35],
			"to": [8.5, 5.65, 5.25],
			"rotation": {"angle": 21, "axis": "x", "origin": [7, 4.4, 5.25]},
			"faces": {
				"north": {"uv": [9.25, 8.25, 9.5, 8.5], "texture": "#0"},
				"east": {"uv": [8.75, 1.5, 9.5, 1.75], "texture": "#0"},
				"south": {"uv": [8.5, 9.25, 8.75, 9.5], "texture": "#0"},
				"west": {"uv": [8.75, 1.75, 9.5, 2], "texture": "#0"},
				"up": {"uv": [2.5, 9.5, 2.25, 8.75], "texture": "#0"},
				"down": {"uv": [7, 8.75, 6.75, 9.5], "texture": "#0"}
			}
		},
		{
			"from": [6.5, 4.25, 3.5],
			"to": [9.5, 7.25, 3.75],
			"rotation": {"angle": 21, "axis": "x", "origin": [7, 4.75, 3.5]},
			"faces": {
				"north": {"uv": [7.25, 3.25, 8, 4], "texture": "#0"},
				"east": {"uv": [6.25, 8.5, 6.5, 9.25], "texture": "#0"},
				"south": {"uv": [7.25, 4, 8, 4.75], "texture": "#0"},
				"west": {"uv": [6.5, 8.5, 6.75, 9.25], "texture": "#0"},
				"up": {"uv": [9.25, 6.5, 8.5, 6.25], "texture": "#0"},
				"down": {"uv": [9.25, 6.5, 8.5, 6.75], "texture": "#0"}
			}
		},
		{
			"from": [7.25, 5.45, -5],
			"to": [8.75, 6.75, -2.75],
			"rotation": {"angle": 0, "axis": "y", "origin": [7, 4, 5]},
			"faces": {
				"north": {"uv": [7.75, 0.75, 8.25, 1], "texture": "#0"},
				"east": {"uv": [8.75, 4.75, 9.25, 5], "texture": "#0"},
				"south": {"uv": [7.5, 8.75, 8, 9], "texture": "#0"},
				"west": {"uv": [8.75, 7.75, 9.25, 8], "texture": "#0"},
				"up": {"uv": [7.75, 8.75, 7.25, 8.25], "texture": "#0"},
				"down": {"uv": [8.25, 8.25, 7.75, 8.75], "texture": "#0"}
			}
		},
		{
			"from": [7.25, 3.95, -5],
			"to": [8.75, 5.45, -2],
			"rotation": {"angle": 0, "axis": "y", "origin": [7, 2.45, 5]},
			"faces": {
				"north": {"uv": [3, 9, 3.5, 9.25], "texture": "#0"},
				"east": {"uv": [8.75, 2, 9.5, 2.25], "texture": "#0"},
				"south": {"uv": [9, 3, 9.5, 3.25], "texture": "#0"},
				"west": {"uv": [8.75, 4.5, 9.5, 4.75], "texture": "#0"},
				"up": {"uv": [8.75, 1.5, 8.25, 0.75], "texture": "#0"},
				"down": {"uv": [8.75, 1.5, 8.25, 2.25], "texture": "#0"}
			}
		},
		{
			"from": [7.15, 4.05, -4.3],
			"to": [8.85, 5.55, -2.8],
			"rotation": {"angle": 0, "axis": "y", "origin": [7, 2.45, 5]},
			"faces": {
				"north": {"uv": [9, 4.25, 9.5, 4.5], "texture": "#0"},
				"east": {"uv": [5, 9, 5.5, 9.25], "texture": "#0"},
				"south": {"uv": [9, 5, 9.5, 5.25], "texture": "#0"},
				"west": {"uv": [9, 5.25, 9.5, 5.5], "texture": "#0"},
				"up": {"uv": [9, 5.5, 8.5, 5], "texture": "#0"},
				"down": {"uv": [6, 8.5, 5.5, 9], "texture": "#0"}
			}
		},
		{
			"from": [7.15, 4.15, -1.3],
			"to": [8.85, 5.25, -0.2],
			"rotation": {"angle": 0, "axis": "y", "origin": [7, 2.45, 8]},
			"faces": {
				"north": {"uv": [5.5, 9, 6, 9.25], "texture": "#0"},
				"east": {"uv": [9.5, 0.75, 9.75, 1], "texture": "#0"},
				"south": {"uv": [9, 6.75, 9.5, 7], "texture": "#0"},
				"west": {"uv": [1, 9.5, 1.25, 9.75], "texture": "#0"},
				"up": {"uv": [9.5, 7.25, 9, 7], "texture": "#0"},
				"down": {"uv": [9.5, 7.25, 9, 7.5], "texture": "#0"}
			}
		},
		{
			"from": [7.25, 3.95, -1.5],
			"to": [8.75, 5.45, 0.25],
			"rotation": {"angle": 0, "axis": "y", "origin": [7, 2.45, 8.5]},
			"faces": {
				"north": {"uv": [9, 3.25, 9.5, 3.5], "texture": "#0"},
				"east": {"uv": [9, 3.5, 9.5, 3.75], "texture": "#0"},
				"south": {"uv": [9, 3.75, 9.5, 4], "texture": "#0"},
				"west": {"uv": [9, 4, 9.5, 4.25], "texture": "#0"},
				"up": {"uv": [9, 4.5, 8.5, 4], "texture": "#0"},
				"down": {"uv": [5.5, 8.5, 5, 9], "texture": "#0"}
			}
		},
		{
			"from": [7.35, 5.45, -1.45],
			"to": [8.65, 6.75, -0.9],
			"rotation": {"angle": 0, "axis": "y", "origin": [7, 2.25, 8.5]},
			"faces": {
				"north": {"uv": [0, 9.5, 0.25, 9.75], "texture": "#0"},
				"east": {"uv": [9.5, 0, 9.75, 0.25], "texture": "#0"},
				"south": {"uv": [0.25, 9.5, 0.5, 9.75], "texture": "#0"},
				"west": {"uv": [9.5, 0.25, 9.75, 0.5], "texture": "#0"},
				"up": {"uv": [9.75, 0.75, 9.5, 0.5], "texture": "#0"},
				"down": {"uv": [1, 9.5, 0.75, 9.75], "texture": "#0"}
			}
		},
		{
			"from": [7.5, 4.45, -2],
			"to": [8.5, 5.2, -1.5],
			"rotation": {"angle": 0, "axis": "y", "origin": [7, 2.45, 8]},
			"faces": {
				"north": {"uv": [9.25, 8.5, 9.5, 8.75], "texture": "#0"},
				"east": {"uv": [8.75, 9.25, 9, 9.5], "texture": "#0"},
				"south": {"uv": [9.25, 8.75, 9.5, 9], "texture": "#0"},
				"west": {"uv": [9, 9.25, 9.25, 9.5], "texture": "#0"},
				"up": {"uv": [9.5, 9.25, 9.25, 9], "texture": "#0"},
				"down": {"uv": [9.5, 9.25, 9.25, 9.5], "texture": "#0"}
			}
		},
		{
			"from": [6.75, 4.5, -10],
			"to": [9.25, 8, -9.75],
			"rotation": {"angle": 0, "axis": "y", "origin": [7, 6, -2]},
			"faces": {
				"north": {"uv": [3.5, 6.5, 4.25, 7.5], "texture": "#0"},
				"east": {"uv": [4, 8.25, 4.25, 9.25], "texture": "#0"},
				"south": {"uv": [6.75, 1.5, 7.5, 2.5], "texture": "#0"},
				"west": {"uv": [8.25, 8.25, 8.5, 9.25], "texture": "#0"},
				"up": {"uv": [9.25, 8.5, 8.5, 8.25], "texture": "#0"},
				"down": {"uv": [9.25, 8.5, 8.5, 8.75], "texture": "#0"}
			}
		},
		{
			"from": [6.75, -2.5, -13.35],
			"to": [9.25, -0.5, -13.1],
			"rotation": {"angle": 45, "axis": "x", "origin": [7, -2, -5.35]},
			"faces": {
				"north": {"uv": [8, 4.5, 8.75, 5], "texture": "#0"},
				"east": {"uv": [8, 8.75, 8.25, 9.25], "texture": "#0"},
				"south": {"uv": [5, 8, 5.75, 8.5], "texture": "#0"},
				"west": {"uv": [8.5, 8.75, 8.75, 9.25], "texture": "#0"},
				"up": {"uv": [9.5, 1, 8.75, 0.75], "texture": "#0"},
				"down": {"uv": [9.5, 1, 8.75, 1.25], "texture": "#0"}
			}
		},
		{
			"from": [8.5, 8, -10],
			"to": [9.25, 8.5, -9.75],
			"rotation": {"angle": 0, "axis": "y", "origin": [7, 7.5, -2]},
			"faces": {
				"north": {"uv": [6.25, 9.25, 6.5, 9.5], "texture": "#0"},
				"east": {"uv": [9.25, 6.25, 9.5, 6.5], "texture": "#0"},
				"south": {"uv": [6.5, 9.25, 6.75, 9.5], "texture": "#0"},
				"west": {"uv": [9.25, 6.5, 9.5, 6.75], "texture": "#0"},
				"up": {"uv": [7.25, 9.5, 7, 9.25], "texture": "#0"},
				"down": {"uv": [7.5, 9.25, 7.25, 9.5], "texture": "#0"}
			}
		},
		{
			"from": [6.75, 8, -10],
			"to": [7.5, 8.5, -9.75],
			"rotation": {"angle": 0, "axis": "y", "origin": [6, 7.5, -2]},
			"faces": {
				"north": {"uv": [7.5, 9.25, 7.75, 9.5], "texture": "#0"},
				"east": {"uv": [7.75, 9.25, 8, 9.5], "texture": "#0"},
				"south": {"uv": [9.25, 7.75, 9.5, 8], "texture": "#0"},
				"west": {"uv": [8, 9.25, 8.25, 9.5], "texture": "#0"},
				"up": {"uv": [9.5, 8.25, 9.25, 8], "texture": "#0"},
				"down": {"uv": [8.5, 9.25, 8.25, 9.5], "texture": "#0"}
			}
		}
	],
	"display": {
		"thirdperson_righthand": {
			"translation": [0, 4, 0.25]
		},
		"thirdperson_lefthand": {
			"translation": [0, 4, 0.25]
		},
		"firstperson_righthand": {
			"translation": [0, 3, 0]
		},
		"firstperson_lefthand": {
			"translation": [0, 3, 0]
		},
		"gui": {
			"rotation": [-171.05, -45.84, 178.28],
			"translation": [0.5, 0.5, 0],
			"scale": [0.5, 0.5, 0.5]
		}
	}
}