{
	"format_version": "1.21.6",
	"credit": "Made with Blockbench",
	"texture_size": [64, 64],
	"textures": {
		"0": "kl:item/ch3",
		"particle": "kl:item/ch3"
	},
	"elements": [
		{
			"from": [6, 4.5, -5],
			"to": [10, 8.5, 18],
			"rotation": {"angle": 0, "axis": "y", "origin": [6.5, 5, 1]},
			"faces": {
				"north": {"uv": [5, 3.25, 6, 4.25], "texture": "#0"},
				"east": {"uv": [0, 0, 5.75, 1], "texture": "#0"},
				"south": {"uv": [4.25, 5, 5.25, 6], "texture": "#0"},
				"west": {"uv": [0, 1, 5.75, 2], "texture": "#0"},
				"up": {"uv": [1, 7.75, 0, 2], "texture": "#0"},
				"down": {"uv": [2, 2, 1, 7.75], "texture": "#0"}
			}
		},
		{
			"from": [7, 5.5, 17.5],
			"to": [9, 7.5, 21],
			"rotation": {"angle": 0, "axis": "y", "origin": [6.5, 5, 2]},
			"faces": {
				"north": {"uv": [7.75, 2, 8.25, 2.5], "texture": "#0"},
				"east": {"uv": [6.25, 2.75, 7.25, 3.25], "texture": "#0"},
				"south": {"uv": [7.75, 2.5, 8.25, 3], "texture": "#0"},
				"west": {"uv": [6.75, 0, 7.75, 0.5], "texture": "#0"},
				"up": {"uv": [7.25, 1.5, 6.75, 0.5], "texture": "#0"},
				"down": {"uv": [7.25, 6.25, 6.75, 7.25], "texture": "#0"}
			}
		},
		{
			"from": [6.25, 0.5, 21],
			"to": [9.75, 12.5, 24.5],
			"rotation": {"angle": 0, "axis": "y", "origin": [6.5, 5, 5]},
			"faces": {
				"north": {"uv": [2, 2, 3, 5], "texture": "#0"},
				"east": {"uv": [3, 2, 4, 5], "texture": "#0"},
				"south": {"uv": [4, 2, 5, 5], "texture": "#0"},
				"west": {"uv": [2, 5, 3, 8], "texture": "#0"},
				"up": {"uv": [6.25, 5.25, 5.25, 4.25], "texture": "#0"},
				"down": {"uv": [6.25, 5.25, 5.25, 6.25], "texture": "#0"}
			}
		},
		{
			"from": [6, 12.5, 20.75],
			"to": [6.75, 13.5, 24.75],
			"rotation": {"angle": 0, "axis": "y", "origin": [6.5, 5, 5]},
			"faces": {
				"north": {"uv": [9.75, 5.75, 10, 6], "texture": "#0"},
				"east": {"uv": [6, 7.25, 7.25, 7.5], "texture": "#0"},
				"south": {"uv": [6, 9.75, 6.25, 10], "texture": "#0"},
				"west": {"uv": [7.25, 6.75, 8.5, 7], "texture": "#0"},
				"up": {"uv": [7.5, 8.25, 7.25, 7], "texture": "#0"},
				"down": {"uv": [7.75, 2, 7.5, 3.25], "texture": "#0"}
			}
		},
		{
			"from": [9.25, 12.5, 20.75],
			"to": [10, 13.5, 24.75],
			"rotation": {"angle": 0, "axis": "y", "origin": [10, 5, 5]},
			"faces": {
				"north": {"uv": [9.75, 6, 10, 6.25], "texture": "#0"},
				"east": {"uv": [3, 7.5, 4.25, 7.75], "texture": "#0"},
				"south": {"uv": [6.25, 9.75, 6.5, 10], "texture": "#0"},
				"west": {"uv": [7.5, 4.25, 8.75, 4.5], "texture": "#0"},
				"up": {"uv": [7.75, 5.75, 7.5, 4.5], "texture": "#0"},
				"down": {"uv": [6.25, 7.5, 6, 8.75], "texture": "#0"}
			}
		},
		{
			"from": [6.75, 12.5, 24],
			"to": [9.25, 13.5, 24.75],
			"rotation": {"angle": 0, "axis": "y", "origin": [9, 5, 5]},
			"faces": {
				"north": {"uv": [8.75, 7.25, 9.5, 7.5], "texture": "#0"},
				"east": {"uv": [9.75, 6.25, 10, 6.5], "texture": "#0"},
				"south": {"uv": [8.75, 7.5, 9.5, 7.75], "texture": "#0"},
				"west": {"uv": [6.5, 9.75, 6.75, 10], "texture": "#0"},
				"up": {"uv": [9.5, 8, 8.75, 7.75], "texture": "#0"},
				"down": {"uv": [9.5, 8, 8.75, 8.25], "texture": "#0"}
			}
		},
		{
			"from": [6.75, 12.5, 20.75],
			"to": [9.25, 13.5, 21.5],
			"rotation": {"angle": 0, "axis": "y", "origin": [9, 5, 1.5]},
			"faces": {
				"north": {"uv": [8.75, 8.25, 9.5, 8.5], "texture": "#0"},
				"east": {"uv": [9.75, 6.5, 10, 6.75], "texture": "#0"},
				"south": {"uv": [8.5, 8.75, 9.25, 9], "texture": "#0"},
				"west": {"uv": [6.75, 9.75, 7, 10], "texture": "#0"},
				"up": {"uv": [9.5, 8.75, 8.75, 8.5], "texture": "#0"},
				"down": {"uv": [0.75, 9, 0, 9.25], "texture": "#0"}
			}
		},
		{
			"from": [6, -0.5, 20.75],
			"to": [6.75, 0.5, 24.75],
			"rotation": {"angle": 0, "axis": "y", "origin": [6.5, -8, 5]},
			"faces": {
				"north": {"uv": [9.75, 7.5, 10, 7.75], "texture": "#0"},
				"east": {"uv": [7.5, 6.25, 8.75, 6.5], "texture": "#0"},
				"south": {"uv": [7.75, 9.75, 8, 10], "texture": "#0"},
				"west": {"uv": [7.5, 6.5, 8.75, 6.75], "texture": "#0"},
				"up": {"uv": [7, 8.75, 6.75, 7.5], "texture": "#0"},
				"down": {"uv": [7.25, 7.5, 7, 8.75], "texture": "#0"}
			}
		},
		{
			"from": [9.25, -0.5, 20.75],
			"to": [10, 0.5, 24.75],
			"rotation": {"angle": 0, "axis": "y", "origin": [10, -8, 5]},
			"faces": {
				"north": {"uv": [9.75, 7.25, 10, 7.5], "texture": "#0"},
				"east": {"uv": [7.5, 5.75, 8.75, 6], "texture": "#0"},
				"south": {"uv": [7.5, 9.75, 7.75, 10], "texture": "#0"},
				"west": {"uv": [7.5, 6, 8.75, 6.25], "texture": "#0"},
				"up": {"uv": [6.5, 8.75, 6.25, 7.5], "texture": "#0"},
				"down": {"uv": [6.75, 7.5, 6.5, 8.75], "texture": "#0"}
			}
		},
		{
			"from": [6.75, -0.5, 24],
			"to": [9.25, 0.5, 24.75],
			"rotation": {"angle": 0, "axis": "y", "origin": [9, -8, 5]},
			"faces": {
				"north": {"uv": [1.25, 9, 2, 9.25], "texture": "#0"},
				"east": {"uv": [9.75, 7, 10, 7.25], "texture": "#0"},
				"south": {"uv": [2, 9, 2.75, 9.25], "texture": "#0"},
				"west": {"uv": [7.25, 9.75, 7.5, 10], "texture": "#0"},
				"up": {"uv": [3.5, 9.25, 2.75, 9], "texture": "#0"},
				"down": {"uv": [4.25, 9, 3.5, 9.25], "texture": "#0"}
			}
		},
		{
			"from": [6.75, -0.5, 20.75],
			"to": [9.25, 0.5, 21.5],
			"rotation": {"angle": 0, "axis": "y", "origin": [9, -8, 1.5]},
			"faces": {
				"north": {"uv": [9, 0, 9.75, 0.25], "texture": "#0"},
				"east": {"uv": [9.75, 6.75, 10, 7], "texture": "#0"},
				"south": {"uv": [9, 0.25, 9.75, 0.5], "texture": "#0"},
				"west": {"uv": [7, 9.75, 7.25, 10], "texture": "#0"},
				"up": {"uv": [9.75, 0.75, 9, 0.5], "texture": "#0"},
				"down": {"uv": [9.75, 0.75, 9, 1], "texture": "#0"}
			}
		},
		{
			"from": [5.5, 4, -6],
			"to": [6.5, 8, -5],
			"rotation": {"angle": 0, "axis": "y", "origin": [6.5, 5, 0]},
			"faces": {
				"north": {"uv": [0.75, 7.75, 1, 8.75], "texture": "#0"},
				"east": {"uv": [1, 7.75, 1.25, 8.75], "texture": "#0"},
				"south": {"uv": [1.25, 7.75, 1.5, 8.75], "texture": "#0"},
				"west": {"uv": [1.5, 7.75, 1.75, 8.75], "texture": "#0"},
				"up": {"uv": [6.25, 9.75, 6, 9.5], "texture": "#0"},
				"down": {"uv": [6.5, 9.5, 6.25, 9.75], "texture": "#0"}
			}
		},
		{
			"from": [6.5, 4, -6],
			"to": [9.5, 5, -5],
			"rotation": {"angle": 0, "axis": "y", "origin": [6.5, 5, 0]},
			"faces": {
				"north": {"uv": [1.25, 8.75, 2, 9], "texture": "#0"},
				"east": {"uv": [9.5, 7.25, 9.75, 7.5], "texture": "#0"},
				"south": {"uv": [8.75, 1.5, 9.5, 1.75], "texture": "#0"},
				"west": {"uv": [7.5, 9.5, 7.75, 9.75], "texture": "#0"},
				"up": {"uv": [9.5, 2, 8.75, 1.75], "texture": "#0"},
				"down": {"uv": [9.5, 2, 8.75, 2.25], "texture": "#0"}
			}
		},
		{
			"from": [5.5, 8, -6],
			"to": [9.5, 9, -5],
			"rotation": {"angle": 0, "axis": "y", "origin": [6.5, 5, 0]},
			"faces": {
				"north": {"uv": [7.75, 0, 8.75, 0.25], "texture": "#0"},
				"east": {"uv": [7, 9.5, 7.25, 9.75], "texture": "#0"},
				"south": {"uv": [7.75, 0.25, 8.75, 0.5], "texture": "#0"},
				"west": {"uv": [7.25, 9.5, 7.5, 9.75], "texture": "#0"},
				"up": {"uv": [8.75, 1.75, 7.75, 1.5], "texture": "#0"},
				"down": {"uv": [8.75, 1.75, 7.75, 2], "texture": "#0"}
			}
		},
		{
			"from": [9.5, 4, -6],
			"to": [10.5, 9, -5],
			"rotation": {"angle": 0, "axis": "y", "origin": [6.5, 5, 0]},
			"faces": {
				"north": {"uv": [4, 6.25, 4.25, 7.5], "texture": "#0"},
				"east": {"uv": [4.25, 7, 4.5, 8.25], "texture": "#0"},
				"south": {"uv": [7, 4.25, 7.25, 5.5], "texture": "#0"},
				"west": {"uv": [4.5, 7, 4.75, 8.25], "texture": "#0"},
				"up": {"uv": [9.75, 6.5, 9.5, 6.25], "texture": "#0"},
				"down": {"uv": [6.75, 9.5, 6.5, 9.75], "texture": "#0"}
			}
		},
		{
			"from": [5.75, 4.25, 18],
			"to": [6.5, 8, 19],
			"rotation": {"angle": 0, "axis": "y", "origin": [6.5, 5, 24]},
			"faces": {
				"north": {"uv": [5.25, 8.5, 5.5, 9.5], "texture": "#0"},
				"east": {"uv": [5.5, 8.5, 5.75, 9.5], "texture": "#0"},
				"south": {"uv": [5.75, 8.5, 6, 9.5], "texture": "#0"},
				"west": {"uv": [8.5, 6.75, 8.75, 7.75], "texture": "#0"},
				"up": {"uv": [10, 9.5, 9.75, 9.25], "texture": "#0"},
				"down": {"uv": [9.75, 9.75, 9.5, 10], "texture": "#0"}
			}
		},
		{
			"from": [5.75, 8, 18],
			"to": [9.5, 8.75, 19],
			"rotation": {"angle": 0, "axis": "y", "origin": [6.5, 5, 24]},
			"faces": {
				"north": {"uv": [3, 8.5, 4, 8.75], "texture": "#0"},
				"east": {"uv": [9.75, 9, 10, 9.25], "texture": "#0"},
				"south": {"uv": [4.25, 8.5, 5.25, 8.75], "texture": "#0"},
				"west": {"uv": [9.25, 9.75, 9.5, 10], "texture": "#0"},
				"up": {"uv": [9.5, 4.75, 8.5, 4.5], "texture": "#0"},
				"down": {"uv": [9.5, 4.75, 8.5, 5], "texture": "#0"}
			}
		},
		{
			"from": [6.5, 4.25, 18],
			"to": [9.5, 5, 19],
			"rotation": {"angle": 0, "axis": "y", "origin": [6.5, 5, 24]},
			"faces": {
				"north": {"uv": [9, 3.75, 9.75, 4], "texture": "#0"},
				"east": {"uv": [9.75, 8.75, 10, 9], "texture": "#0"},
				"south": {"uv": [9, 4, 9.75, 4.25], "texture": "#0"},
				"west": {"uv": [9, 9.75, 9.25, 10], "texture": "#0"},
				"up": {"uv": [9.75, 4.5, 9, 4.25], "texture": "#0"},
				"down": {"uv": [9.75, 5.5, 9, 5.75], "texture": "#0"}
			}
		},
		{
			"from": [9.5, 4.25, 18],
			"to": [10.25, 8.75, 19],
			"rotation": {"angle": 0, "axis": "y", "origin": [6.5, 5, 24]},
			"faces": {
				"north": {"uv": [7.5, 7, 7.75, 8.25], "texture": "#0"},
				"east": {"uv": [0, 7.75, 0.25, 9], "texture": "#0"},
				"south": {"uv": [0.25, 7.75, 0.5, 9], "texture": "#0"},
				"west": {"uv": [0.5, 7.75, 0.75, 9], "texture": "#0"},
				"up": {"uv": [10, 8.75, 9.75, 8.5], "texture": "#0"},
				"down": {"uv": [9, 9.75, 8.75, 10], "texture": "#0"}
			}
		},
		{
			"from": [5.75, 4.25, 3],
			"to": [6.5, 8, 4],
			"rotation": {"angle": 0, "axis": "y", "origin": [6.5, 5, 9]},
			"faces": {
				"north": {"uv": [1.75, 7.75, 2, 8.75], "texture": "#0"},
				"east": {"uv": [4, 7.75, 4.25, 8.75], "texture": "#0"},
				"south": {"uv": [7.75, 4.5, 8, 5.5], "texture": "#0"},
				"west": {"uv": [7.75, 7, 8, 8], "texture": "#0"},
				"up": {"uv": [8.75, 9.75, 8.5, 9.5], "texture": "#0"},
				"down": {"uv": [9.75, 8.5, 9.5, 8.75], "texture": "#0"}
			}
		},
		{
			"from": [6.5, 4.25, 12],
			"to": [9.5, 5, 13],
			"rotation": {"angle": 0, "axis": "y", "origin": [6.5, 5, 18]},
			"faces": {
				"north": {"uv": [8.75, 3, 9.5, 3.25], "texture": "#0"},
				"east": {"uv": [0, 9.75, 0.25, 10], "texture": "#0"},
				"south": {"uv": [8.75, 3.25, 9.5, 3.5], "texture": "#0"},
				"west": {"uv": [9.75, 0, 10, 0.25], "texture": "#0"},
				"up": {"uv": [9.5, 3.75, 8.75, 3.5], "texture": "#0"},
				"down": {"uv": [4.5, 8.75, 3.75, 9], "texture": "#0"}
			}
		},
		{
			"from": [5.75, 8, 12],
			"to": [9.5, 8.75, 13],
			"rotation": {"angle": 0, "axis": "y", "origin": [6.5, 5, 18]},
			"faces": {
				"north": {"uv": [7.75, 3.75, 8.75, 4], "texture": "#0"},
				"east": {"uv": [9.5, 9.25, 9.75, 9.5], "texture": "#0"},
				"south": {"uv": [7.75, 4, 8.75, 4.25], "texture": "#0"},
				"west": {"uv": [9.5, 9.5, 9.75, 9.75], "texture": "#0"},
				"up": {"uv": [8.75, 5.75, 7.75, 5.5], "texture": "#0"},
				"down": {"uv": [4, 8, 3, 8.25], "texture": "#0"}
			}
		},
		{
			"from": [9.5, 4.25, 12],
			"to": [10.25, 8.75, 13],
			"rotation": {"angle": 0, "axis": "y", "origin": [6.5, 5, 18]},
			"faces": {
				"north": {"uv": [5.25, 7.25, 5.5, 8.5], "texture": "#0"},
				"east": {"uv": [5.5, 7.25, 5.75, 8.5], "texture": "#0"},
				"south": {"uv": [7.25, 5.5, 7.5, 6.75], "texture": "#0"},
				"west": {"uv": [5.75, 7.25, 6, 8.5], "texture": "#0"},
				"up": {"uv": [9.75, 9.25, 9.5, 9], "texture": "#0"},
				"down": {"uv": [9.5, 9.5, 9.25, 9.75], "texture": "#0"}
			}
		},
		{
			"from": [5.75, 4.25, 12],
			"to": [6.5, 8, 13],
			"rotation": {"angle": 0, "axis": "y", "origin": [6.5, 5, 18]},
			"faces": {
				"north": {"uv": [2, 8, 2.25, 9], "texture": "#0"},
				"east": {"uv": [2.25, 8, 2.5, 9], "texture": "#0"},
				"south": {"uv": [2.5, 8, 2.75, 9], "texture": "#0"},
				"west": {"uv": [2.75, 8, 3, 9], "texture": "#0"},
				"up": {"uv": [9, 9.75, 8.75, 9.5], "texture": "#0"},
				"down": {"uv": [9.25, 9.5, 9, 9.75], "texture": "#0"}
			}
		},
		{
			"from": [9.5, 4.25, 3],
			"to": [10.25, 8.75, 4],
			"rotation": {"angle": 0, "axis": "y", "origin": [6.5, 5, 9]},
			"faces": {
				"north": {"uv": [4.75, 7, 5, 8.25], "texture": "#0"},
				"east": {"uv": [5, 7, 5.25, 8.25], "texture": "#0"},
				"south": {"uv": [7.25, 2, 7.5, 3.25], "texture": "#0"},
				"west": {"uv": [7.25, 4.25, 7.5, 5.5], "texture": "#0"},
				"up": {"uv": [8.5, 9.75, 8.25, 9.5], "texture": "#0"},
				"down": {"uv": [9.75, 8.25, 9.5, 8.5], "texture": "#0"}
			}
		},
		{
			"from": [5.75, 8, 3],
			"to": [9.5, 8.75, 4],
			"rotation": {"angle": 0, "axis": "y", "origin": [6.5, 5, 9]},
			"faces": {
				"north": {"uv": [3, 7.75, 4, 8], "texture": "#0"},
				"east": {"uv": [8, 9.5, 8.25, 9.75], "texture": "#0"},
				"south": {"uv": [7.75, 3, 8.75, 3.25], "texture": "#0"},
				"west": {"uv": [9.5, 8, 9.75, 8.25], "texture": "#0"},
				"up": {"uv": [8.75, 3.5, 7.75, 3.25], "texture": "#0"},
				"down": {"uv": [8.75, 3.5, 7.75, 3.75], "texture": "#0"}
			}
		},
		{
			"from": [6.5, 4.25, 3],
			"to": [9.5, 5, 4],
			"rotation": {"angle": 0, "axis": "y", "origin": [6.5, 5, 9]},
			"faces": {
				"north": {"uv": [8.75, 2.25, 9.5, 2.5], "texture": "#0"},
				"east": {"uv": [9.5, 7.5, 9.75, 7.75], "texture": "#0"},
				"south": {"uv": [8.75, 2.5, 9.5, 2.75], "texture": "#0"},
				"west": {"uv": [9.5, 7.75, 9.75, 8], "texture": "#0"},
				"up": {"uv": [9.5, 3, 8.75, 2.75], "texture": "#0"},
				"down": {"uv": [3.75, 8.75, 3, 9], "texture": "#0"}
			}
		},
		{
			"from": [6, 8.7, 15],
			"to": [10, 10.5, 16.25],
			"rotation": {"angle": 0, "axis": "y", "origin": [7, 8.5, 15]},
			"faces": {
				"north": {"uv": [6.75, 1.5, 7.75, 2], "texture": "#0"},
				"east": {"uv": [7, 3.25, 7.75, 3.75], "texture": "#0"},
				"south": {"uv": [3, 7, 4, 7.5], "texture": "#0"},
				"west": {"uv": [7, 3.75, 7.75, 4.25], "texture": "#0"},
				"up": {"uv": [7.25, 2.75, 6.25, 2], "texture": "#0"},
				"down": {"uv": [4, 6.25, 3, 7], "texture": "#0"}
			}
		},
		{
			"from": [6, 8.7, 16.25],
			"to": [10, 10, 17.5],
			"rotation": {"angle": 0, "axis": "y", "origin": [7, 8.5, 16.25]},
			"faces": {
				"north": {"uv": [6.75, 1.5, 7.75, 2], "texture": "#0"},
				"east": {"uv": [7, 3.25, 7.75, 3.75], "texture": "#0"},
				"south": {"uv": [3, 7, 4, 7.5], "texture": "#0"},
				"west": {"uv": [7, 3.75, 7.75, 4.25], "texture": "#0"},
				"up": {"uv": [1, 11, 0, 10.25], "texture": "#0"},
				"down": {"uv": [4, 6.25, 3, 7], "texture": "#0"}
			}
		},
		{
			"from": [7.25, 10, 16.75],
			"to": [8.75, 11, 17.25],
			"rotation": {"angle": 0, "axis": "y", "origin": [5.25, 8, 16.75]},
			"faces": {
				"north": {"uv": [9, 9, 9.5, 9.25], "texture": "#0"},
				"east": {"uv": [0.25, 9.75, 0.5, 10], "texture": "#0"},
				"south": {"uv": [0, 9.25, 0.5, 9.5], "texture": "#0"},
				"west": {"uv": [9.75, 0.25, 10, 0.5], "texture": "#0"},
				"up": {"uv": [1.75, 9.5, 1.25, 9.25], "texture": "#0"},
				"down": {"uv": [2.25, 9.25, 1.75, 9.5], "texture": "#0"}
			}
		},
		{
			"from": [7.25, 12, 16.75],
			"to": [8.75, 12.5, 17.25],
			"rotation": {"angle": 0, "axis": "y", "origin": [5.25, 10, 16.75]},
			"faces": {
				"north": {"uv": [2.25, 9.25, 2.75, 9.5], "texture": "#0"},
				"east": {"uv": [2.5, 9.75, 2.75, 10], "texture": "#0"},
				"south": {"uv": [2.75, 9.25, 3.25, 9.5], "texture": "#0"},
				"west": {"uv": [9.75, 2.5, 10, 2.75], "texture": "#0"},
				"up": {"uv": [3.75, 9.5, 3.25, 9.25], "texture": "#0"},
				"down": {"uv": [4.25, 9.25, 3.75, 9.5], "texture": "#0"}
			}
		},
		{
			"from": [8.5, 11, 16.75],
			"to": [8.75, 12, 17.25],
			"rotation": {"angle": 0, "axis": "y", "origin": [5.25, 8, 16.75]},
			"faces": {
				"north": {"uv": [0.5, 9.75, 0.75, 10], "texture": "#0"},
				"east": {"uv": [9.75, 0.5, 10, 0.75], "texture": "#0"},
				"south": {"uv": [0.75, 9.75, 1, 10], "texture": "#0"},
				"west": {"uv": [9.75, 0.75, 10, 1], "texture": "#0"},
				"up": {"uv": [1.25, 10, 1, 9.75], "texture": "#0"},
				"down": {"uv": [10, 1, 9.75, 1.25], "texture": "#0"}
			}
		},
		{
			"from": [7.25, 11, 16.75],
			"to": [7.5, 12, 17.25],
			"rotation": {"angle": 0, "axis": "y", "origin": [4.25, 8, 16.75]},
			"faces": {
				"north": {"uv": [1.25, 9.75, 1.5, 10], "texture": "#0"},
				"east": {"uv": [9.75, 1.25, 10, 1.5], "texture": "#0"},
				"south": {"uv": [1.5, 9.75, 1.75, 10], "texture": "#0"},
				"west": {"uv": [1.75, 9.75, 2, 10], "texture": "#0"},
				"up": {"uv": [2.25, 10, 2, 9.75], "texture": "#0"},
				"down": {"uv": [2.5, 9.75, 2.25, 10], "texture": "#0"}
			}
		},
		{
			"from": [10.5, 8.5, 15.75],
			"to": [11, 10, 17.25],
			"rotation": {"angle": 0, "axis": "y", "origin": [11.5, 8.5, 14.75]},
			"faces": {
				"north": {"uv": [8, 9, 8.25, 9.5], "texture": "#0"},
				"east": {"uv": [8.25, 2, 8.75, 2.5], "texture": "#0"},
				"south": {"uv": [8.25, 9, 8.5, 9.5], "texture": "#0"},
				"west": {"uv": [8.25, 2.5, 8.75, 3], "texture": "#0"},
				"up": {"uv": [8.75, 9.5, 8.5, 9], "texture": "#0"},
				"down": {"uv": [9, 9, 8.75, 9.5], "texture": "#0"}
			}
		},
		{
			"from": [5, 7, 15.25],
			"to": [5.5, 8, 16.25],
			"rotation": {"angle": 0, "axis": "y", "origin": [6, 7, 14.25]},
			"faces": {
				"north": {"uv": [9.75, 7.75, 10, 8], "texture": "#0"},
				"east": {"uv": [8, 9.75, 8.25, 10], "texture": "#0"},
				"south": {"uv": [9.75, 8, 10, 8.25], "texture": "#0"},
				"west": {"uv": [8.25, 9.75, 8.5, 10], "texture": "#0"},
				"up": {"uv": [10, 8.5, 9.75, 8.25], "texture": "#0"},
				"down": {"uv": [8.75, 9.75, 8.5, 10], "texture": "#0"}
			}
		},
		{
			"from": [10, 6.5, 15],
			"to": [10.5, 10.5, 17.5],
			"rotation": {"angle": 0, "axis": "y", "origin": [7, 8.5, 15]},
			"faces": {
				"north": {"uv": [8, 4.5, 8.25, 5.5], "texture": "#0"},
				"east": {"uv": [6.25, 4.25, 7, 5.25], "texture": "#0"},
				"south": {"uv": [8, 7, 8.25, 8], "texture": "#0"},
				"west": {"uv": [5.25, 6.25, 6, 7.25], "texture": "#0"},
				"up": {"uv": [5.25, 5, 5, 4.25], "texture": "#0"},
				"down": {"uv": [7.25, 5.5, 7, 6.25], "texture": "#0"}
			}
		},
		{
			"from": [5.5, 6.5, 15],
			"to": [6, 10.5, 17.5],
			"rotation": {"angle": 0, "axis": "y", "origin": [2.5, 8.5, 15]},
			"faces": {
				"north": {"uv": [7.75, 8, 8, 9], "texture": "#0"},
				"east": {"uv": [6.25, 5.25, 7, 6.25], "texture": "#0"},
				"south": {"uv": [8, 8, 8.25, 9], "texture": "#0"},
				"west": {"uv": [6, 6.25, 6.75, 7.25], "texture": "#0"},
				"up": {"uv": [9, 4.5, 8.75, 3.75], "texture": "#0"},
				"down": {"uv": [4.75, 8.75, 4.5, 9.5], "texture": "#0"}
			}
		},
		{
			"from": [7.5, 8.5, -3],
			"to": [8.5, 9, 1.4],
			"rotation": {"angle": 0, "axis": "y", "origin": [7, 8.5, 0]},
			"faces": {
				"north": {"uv": [9.75, 2.75, 10, 3], "texture": "#0"},
				"east": {"uv": [3, 8.25, 4, 8.5], "texture": "#0"},
				"south": {"uv": [3, 9.75, 3.25, 10], "texture": "#0"},
				"west": {"uv": [4.25, 8.25, 5.25, 8.5], "texture": "#0"},
				"up": {"uv": [8.5, 5.5, 8.25, 4.5], "texture": "#0"},
				"down": {"uv": [8.5, 7, 8.25, 8], "texture": "#0"}
			}
		},
		{
			"from": [7.5, 9, -3],
			"to": [8.5, 11.5, -2.5],
			"rotation": {"angle": 0, "axis": "y", "origin": [7, 8.5, 1]},
			"faces": {
				"north": {"uv": [4.75, 8.75, 5, 9.5], "texture": "#0"},
				"east": {"uv": [5, 8.75, 5.25, 9.5], "texture": "#0"},
				"south": {"uv": [8.75, 5.5, 9, 6.25], "texture": "#0"},
				"west": {"uv": [6, 8.75, 6.25, 9.5], "texture": "#0"},
				"up": {"uv": [10, 3.75, 9.75, 3.5], "texture": "#0"},
				"down": {"uv": [4, 9.75, 3.75, 10], "texture": "#0"}
			}
		},
		{
			"from": [7.5, 11, -3],
			"to": [8.5, 12, -1.5],
			"rotation": {"angle": 0, "axis": "y", "origin": [7, 8.5, 1]},
			"faces": {
				"north": {"uv": [9.75, 9.5, 10, 9.75], "texture": "#0"},
				"east": {"uv": [9.5, 1.75, 10, 2], "texture": "#0"},
				"south": {"uv": [9.75, 9.75, 10, 10], "texture": "#0"},
				"west": {"uv": [9.5, 2, 10, 2.25], "texture": "#0"},
				"up": {"uv": [0.75, 9.75, 0.5, 9.25], "texture": "#0"},
				"down": {"uv": [7, 9.25, 6.75, 9.75], "texture": "#0"}
			}
		},
		{
			"from": [7.5, 12, -3],
			"to": [7.8, 12.5, -1.5],
			"rotation": {"angle": 0, "axis": "y", "origin": [7, 8.5, 1]},
			"faces": {
				"north": {"uv": [0, 10, 0.25, 10.25], "texture": "#0"},
				"east": {"uv": [2.25, 9.5, 2.75, 9.75], "texture": "#0"},
				"south": {"uv": [10, 0, 10.25, 0.25], "texture": "#0"},
				"west": {"uv": [9.5, 2.25, 10, 2.5], "texture": "#0"},
				"up": {"uv": [9.75, 3, 9.5, 2.5], "texture": "#0"},
				"down": {"uv": [3, 9.5, 2.75, 10], "texture": "#0"}
			}
		},
		{
			"from": [8.2, 12, -3],
			"to": [8.5, 12.5, -1.5],
			"rotation": {"angle": 0, "axis": "y", "origin": [7.7, 8.5, 1]},
			"faces": {
				"north": {"uv": [0.25, 10, 0.5, 10.25], "texture": "#0"},
				"east": {"uv": [3, 9.5, 3.5, 9.75], "texture": "#0"},
				"south": {"uv": [10, 0.25, 10.25, 0.5], "texture": "#0"},
				"west": {"uv": [9.5, 3, 10, 3.25], "texture": "#0"},
				"up": {"uv": [9.75, 3.75, 9.5, 3.25], "texture": "#0"},
				"down": {"uv": [3.75, 9.5, 3.5, 10], "texture": "#0"}
			}
		},
		{
			"from": [7.25, 3.75, -3],
			"to": [8.75, 4.4, -2],
			"rotation": {"angle": 0, "axis": "y", "origin": [7, 3.5, 1]},
			"faces": {
				"north": {"uv": [6.25, 9.25, 6.75, 9.5], "texture": "#0"},
				"east": {"uv": [9.75, 3.75, 10, 4], "texture": "#0"},
				"south": {"uv": [7.25, 9.25, 7.75, 9.5], "texture": "#0"},
				"west": {"uv": [4, 9.75, 4.25, 10], "texture": "#0"},
				"up": {"uv": [9.75, 9, 9.25, 8.75], "texture": "#0"},
				"down": {"uv": [9.5, 9.25, 9, 9.5], "texture": "#0"}
			}
		},
		{
			"from": [5.85, 4.35, -3],
			"to": [10.15, 8.65, -2],
			"rotation": {"angle": 0, "axis": "y", "origin": [7, 3.5, 1]},
			"faces": {
				"north": {"uv": [5.75, 0, 6.75, 1], "texture": "#0"},
				"east": {"uv": [8.5, 7.75, 8.75, 8.75], "texture": "#0"},
				"south": {"uv": [5.75, 1, 6.75, 2], "texture": "#0"},
				"west": {"uv": [8.75, 0, 9, 1], "texture": "#0"},
				"up": {"uv": [9.5, 5.25, 8.5, 5], "texture": "#0"},
				"down": {"uv": [9.5, 5.25, 8.5, 5.5], "texture": "#0"}
			}
		},
		{
			"from": [5.85, 4.35, 0.5],
			"to": [10.15, 8.65, 1.5],
			"rotation": {"angle": 0, "axis": "y", "origin": [7, 3.5, 4.5]},
			"faces": {
				"north": {"uv": [6, 3.25, 7, 4.25], "texture": "#0"},
				"east": {"uv": [0.75, 8.75, 1, 9.75], "texture": "#0"},
				"south": {"uv": [4.25, 6, 5.25, 7], "texture": "#0"},
				"west": {"uv": [1, 8.75, 1.25, 9.75], "texture": "#0"},
				"up": {"uv": [9.75, 1.25, 8.75, 1], "texture": "#0"},
				"down": {"uv": [9.75, 1.25, 8.75, 1.5], "texture": "#0"}
			}
		},
		{
			"from": [7.25, 3.75, 0.5],
			"to": [8.75, 4.4, 1.5],
			"rotation": {"angle": 0, "axis": "y", "origin": [7, 3.5, 4.5]},
			"faces": {
				"north": {"uv": [0, 9.5, 0.5, 9.75], "texture": "#0"},
				"east": {"uv": [9.75, 4, 10, 4.25], "texture": "#0"},
				"south": {"uv": [1.25, 9.5, 1.75, 9.75], "texture": "#0"},
				"west": {"uv": [4.25, 9.75, 4.5, 10], "texture": "#0"},
				"up": {"uv": [10, 1.75, 9.5, 1.5], "texture": "#0"},
				"down": {"uv": [2.25, 9.5, 1.75, 9.75], "texture": "#0"}
			}
		},
		{
			"from": [7.5, 10.8, -0.05],
			"to": [8.5, 14.95, 0.55],
			"rotation": {"angle": -45, "axis": "x", "origin": [7, 10.9, 3.25]},
			"faces": {
				"north": {"uv": [7.25, 8.25, 7.5, 9.25], "texture": "#0"},
				"east": {"uv": [7.5, 8.25, 7.75, 9.25], "texture": "#0"},
				"south": {"uv": [8.25, 8, 8.5, 9], "texture": "#0"},
				"west": {"uv": [8.5, 0.5, 8.75, 1.5], "texture": "#0"},
				"up": {"uv": [3.5, 10, 3.25, 9.75], "texture": "#0"},
				"down": {"uv": [10, 3.25, 9.75, 3.5], "texture": "#0"}
			}
		},
		{
			"from": [7, 1.75, -6.25],
			"to": [7.5, 2.75, -5.25],
			"rotation": {"angle": -22.5, "axis": "x", "origin": [5.5, 2.25, -10.25]},
			"faces": {
				"north": {"uv": [9.75, 4.25, 10, 4.5], "texture": "#0"},
				"east": {"uv": [4.5, 9.75, 4.75, 10], "texture": "#0"},
				"south": {"uv": [4.75, 9.75, 5, 10], "texture": "#0"},
				"west": {"uv": [5, 9.75, 5.25, 10], "texture": "#0"},
				"up": {"uv": [5.5, 10, 5.25, 9.75], "texture": "#0"},
				"down": {"uv": [5.75, 9.75, 5.5, 10], "texture": "#0"}
			}
		},
		{
			"from": [7.5, 1.95, -6.05],
			"to": [8.5, 2.55, -5.45],
			"rotation": {"angle": -22.5, "axis": "x", "origin": [6, 2.25, -10.25]},
			"faces": {
				"north": {"uv": [2.25, 10, 2.5, 10.25], "texture": "#0"},
				"east": {"uv": [10, 2.25, 10.25, 2.5], "texture": "#0"},
				"south": {"uv": [2.5, 10, 2.75, 10.25], "texture": "#0"},
				"west": {"uv": [10, 2.5, 10.25, 2.75], "texture": "#0"},
				"up": {"uv": [3, 10.25, 2.75, 10], "texture": "#0"},
				"down": {"uv": [10.25, 2.75, 10, 3], "texture": "#0"}
			}
		},
		{
			"from": [8.5, 1.75, -6.25],
			"to": [9, 2.75, -5.25],
			"rotation": {"angle": -22.5, "axis": "x", "origin": [5.5, 2.25, -10.25]},
			"faces": {
				"north": {"uv": [1.5, 10, 1.75, 10.25], "texture": "#0"},
				"east": {"uv": [10, 1.5, 10.25, 1.75], "texture": "#0"},
				"south": {"uv": [1.75, 10, 2, 10.25], "texture": "#0"},
				"west": {"uv": [10, 1.75, 10.25, 2], "texture": "#0"},
				"up": {"uv": [2.25, 10.25, 2, 10], "texture": "#0"},
				"down": {"uv": [10.25, 2, 10, 2.25], "texture": "#0"}
			}
		},
		{
			"from": [5.5, 1.75, -11.25],
			"to": [10.5, 2.25, -6.25],
			"rotation": {"angle": -22.5, "axis": "x", "origin": [5.5, 2.25, -10.25]},
			"faces": {
				"north": {"uv": [7.25, 0.5, 8.5, 0.75], "texture": "#0"},
				"east": {"uv": [7.25, 0.75, 8.5, 1], "texture": "#0"},
				"south": {"uv": [7.25, 1, 8.5, 1.25], "texture": "#0"},
				"west": {"uv": [7.25, 1.25, 8.5, 1.5], "texture": "#0"},
				"up": {"uv": [6.25, 3.25, 5, 2], "texture": "#0"},
				"down": {"uv": [4.25, 5, 3, 6.25], "texture": "#0"}
			}
		},
		{
			"from": [6.5, 1.75, -11.75],
			"to": [9.5, 2.5, -10.75],
			"rotation": {"angle": -22.5, "axis": "x", "origin": [5.5, 2.25, -10.25]},
			"faces": {
				"north": {"uv": [9, 5.75, 9.75, 6], "texture": "#0"},
				"east": {"uv": [0.5, 10, 0.75, 10.25], "texture": "#0"},
				"south": {"uv": [9, 6, 9.75, 6.25], "texture": "#0"},
				"west": {"uv": [10, 0.5, 10.25, 0.75], "texture": "#0"},
				"up": {"uv": [7, 9.25, 6.25, 9], "texture": "#0"},
				"down": {"uv": [9.75, 6.5, 9, 6.75], "texture": "#0"}
			}
		},
		{
			"from": [6.5, 2.25, -10.25],
			"to": [7, 2.75, -7.25],
			"rotation": {"angle": -22.5, "axis": "x", "origin": [5.5, 2.25, -10.25]},
			"faces": {
				"north": {"uv": [9.75, 5.5, 10, 5.75], "texture": "#0"},
				"east": {"uv": [6.25, 8.75, 7, 9], "texture": "#0"},
				"south": {"uv": [5.75, 9.75, 6, 10], "texture": "#0"},
				"west": {"uv": [8.75, 6.25, 9.5, 6.5], "texture": "#0"},
				"up": {"uv": [9, 7.25, 8.75, 6.5], "texture": "#0"},
				"down": {"uv": [7.25, 8.75, 7, 9.5], "texture": "#0"}
			}
		},
		{
			"from": [7, 2.25, -7.75],
			"to": [9, 2.75, -7.25],
			"rotation": {"angle": -22.5, "axis": "x", "origin": [5.5, 2.25, -10.25]},
			"faces": {
				"north": {"uv": [3.75, 9.5, 4.25, 9.75], "texture": "#0"},
				"east": {"uv": [1, 10, 1.25, 10.25], "texture": "#0"},
				"south": {"uv": [4.5, 9.5, 5, 9.75], "texture": "#0"},
				"west": {"uv": [10, 1, 10.25, 1.25], "texture": "#0"},
				"up": {"uv": [10, 4.75, 9.5, 4.5], "texture": "#0"},
				"down": {"uv": [10, 4.75, 9.5, 5], "texture": "#0"}
			}
		},
		{
			"from": [7, 2.25, -10.25],
			"to": [9, 2.75, -9.75],
			"rotation": {"angle": -22.5, "axis": "x", "origin": [5.5, 2.25, -10.25]},
			"faces": {
				"north": {"uv": [5, 9.5, 5.5, 9.75], "texture": "#0"},
				"east": {"uv": [1.25, 10, 1.5, 10.25], "texture": "#0"},
				"south": {"uv": [9.5, 5, 10, 5.25], "texture": "#0"},
				"west": {"uv": [10, 1.25, 10.25, 1.5], "texture": "#0"},
				"up": {"uv": [10, 5.5, 9.5, 5.25], "texture": "#0"},
				"down": {"uv": [6, 9.5, 5.5, 9.75], "texture": "#0"}
			}
		},
		{
			"from": [9, 2.25, -10.25],
			"to": [9.5, 2.75, -7.25],
			"rotation": {"angle": -22.5, "axis": "x", "origin": [8, 2.25, -10.25]},
			"faces": {
				"north": {"uv": [0.75, 10, 1, 10.25], "texture": "#0"},
				"east": {"uv": [9, 6.75, 9.75, 7], "texture": "#0"},
				"south": {"uv": [10, 0.75, 10.25, 1], "texture": "#0"},
				"west": {"uv": [9, 7, 9.75, 7.25], "texture": "#0"},
				"up": {"uv": [4.5, 9.75, 4.25, 9], "texture": "#0"},
				"down": {"uv": [8, 9, 7.75, 9.75], "texture": "#0"}
			}
		}
	],
	"display": {
		"thirdperson_righthand": {
			"translation": [0, 3.5, -0.75]
		},
		"thirdperson_lefthand": {
			"translation": [0, 3.5, -0.75]
		},
		"firstperson_righthand": {
			"translation": [0, 0, -6]
		},
		"firstperson_lefthand": {
			"translation": [0, 0, -6]
		},
		"gui": {
			"rotation": [-8, -134, -27],
			"translation": [-0.5, 1, 0],
			"scale": [0.5, 0.5, 0.5]
		}
	}
}