{
	"credit": "Made with Blockbench",
	"texture_size": [32, 32],
	"textures": {
		"0": "kl:item/dualies_klyaksa_lime",
		"particle": "kl:item/dualies_klyaksa_lime"
	},
	"elements": [
		{
			"from": [6, 1, 8],
			"to": [10, 5, 15],
			"rotation": {"angle": 0, "axis": "y", "origin": [7, 0, 8]},
			"faces": {
				"north": {"uv": [6.5, 0, 8.5, 2], "texture": "#0"},
				"east": {"uv": [0, 4, 3.5, 6], "texture": "#0"},
				"south": {"uv": [6.5, 2, 8.5, 4], "texture": "#0"},
				"west": {"uv": [3.5, 4, 7, 6], "texture": "#0"},
				"up": {"uv": [6.5, 3.5, 4.5, 0], "texture": "#0"},
				"down": {"uv": [2, 6, 0, 9.5], "texture": "#0"}
			}
		},
		{
			"from": [7, 9, 2],
			"to": [9, 13, 11],
			"rotation": {"angle": 0, "axis": "y", "origin": [7, 8, 4]},
			"faces": {
				"north": {"uv": [8, 7, 9, 9], "texture": "#0"},
				"east": {"uv": [0, 0, 4.5, 2], "texture": "#0"},
				"south": {"uv": [8.5, 0, 9.5, 2], "texture": "#0"},
				"west": {"uv": [0, 2, 4.5, 4], "texture": "#0"},
				"up": {"uv": [6, 10.5, 5, 6], "texture": "#0"},
				"down": {"uv": [7, 6, 6, 10.5], "texture": "#0"}
			}
		},
		{
			"from": [7, 10, 11],
			"to": [9, 12, 13],
			"rotation": {"angle": 0, "axis": "y", "origin": [7, 8, 11]},
			"faces": {
				"north": {"uv": [2, 9.5, 3, 10.5], "texture": "#0"},
				"east": {"uv": [3, 9.5, 4, 10.5], "texture": "#0"},
				"south": {"uv": [9.5, 3.5, 10.5, 4.5], "texture": "#0"},
				"west": {"uv": [4, 9.5, 5, 10.5], "texture": "#0"},
				"up": {"uv": [10.5, 5.5, 9.5, 4.5], "texture": "#0"},
				"down": {"uv": [10.5, 5.5, 9.5, 6.5], "texture": "#0"}
			}
		},
		{
			"from": [7.25, 2, 9],
			"to": [8.75, 9, 12],
			"rotation": {"angle": -22.5, "axis": "x", "origin": [7, 2, 5]},
			"faces": {
				"north": {"uv": [7, 4, 8, 7.5], "texture": "#0"},
				"east": {"uv": [2, 6, 3.5, 9.5], "texture": "#0"},
				"south": {"uv": [7, 7.5, 8, 11], "texture": "#0"},
				"west": {"uv": [3.5, 6, 5, 9.5], "texture": "#0"},
				"up": {"uv": [9.5, 3.5, 8.5, 2], "texture": "#0"},
				"down": {"uv": [10, 7, 9, 8.5], "texture": "#0"}
			}
		},
		{
			"from": [7, 2, 7],
			"to": [9, 4, 8],
			"rotation": {"angle": 0, "axis": "y", "origin": [7, 1, 7]},
			"faces": {
				"north": {"uv": [10, 1, 11, 2], "texture": "#0"},
				"east": {"uv": [3.5, 10.5, 4, 11.5], "texture": "#0"},
				"south": {"uv": [10, 2, 11, 3], "texture": "#0"},
				"west": {"uv": [10.5, 3.5, 11, 4.5], "texture": "#0"},
				"up": {"uv": [9.5, 4, 8.5, 3.5], "texture": "#0"},
				"down": {"uv": [5, 10.5, 4, 11], "texture": "#0"}
			}
		},
		{
			"from": [7.5, 7, 2.5],
			"to": [8.5, 9, 3.5],
			"rotation": {"angle": 0, "axis": "y", "origin": [6.5, 5, 2.5]},
			"faces": {
				"north": {"uv": [10.5, 4.5, 11, 5.5], "texture": "#0"},
				"east": {"uv": [5, 10.5, 5.5, 11.5], "texture": "#0"},
				"south": {"uv": [5.5, 10.5, 6, 11.5], "texture": "#0"},
				"west": {"uv": [10.5, 5.5, 11, 6.5], "texture": "#0"},
				"up": {"uv": [6.5, 4, 6, 3.5], "texture": "#0"},
				"down": {"uv": [10, 6.5, 9.5, 7], "texture": "#0"}
			}
		},
		{
			"from": [7.5, 2.5, 4.1],
			"to": [8.5, 3.5, 7],
			"rotation": {"angle": 0, "axis": "y", "origin": [7, 1, 6]},
			"faces": {
				"north": {"uv": [6, 10.5, 6.5, 11], "texture": "#0"},
				"east": {"uv": [4.5, 3.5, 6, 4], "texture": "#0"},
				"south": {"uv": [6.5, 10.5, 7, 11], "texture": "#0"},
				"west": {"uv": [10, 3, 11.5, 3.5], "texture": "#0"},
				"up": {"uv": [1.5, 12, 1, 10.5], "texture": "#0"},
				"down": {"uv": [2.5, 10.5, 2, 12], "texture": "#0"}
			}
		},
		{
			"from": [8, 2.6, 4.1],
			"to": [8, 7.35, 5.1],
			"rotation": {"angle": -22.5, "axis": "x", "origin": [6.5, 3.35, 4.1]},
			"faces": {
				"north": {"uv": [0, 0, 0, 2.5], "texture": "#0"},
				"east": {"uv": [9.5, 1, 10, 3.5], "texture": "#0"},
				"south": {"uv": [0, 0, 0, 2.5], "texture": "#0"},
				"west": {"uv": [1.5, 9.5, 2, 12], "texture": "#0"},
				"up": {"uv": [0, 0.5, 0, 0], "texture": "#0"},
				"down": {"uv": [0, 0, 0, 0.5], "texture": "#0"}
			}
		},
		{
			"from": [8, 7.5, 4.5],
			"to": [8, 10, 5.5],
			"rotation": {"angle": 22.5, "axis": "x", "origin": [6.5, 6, 4.5]},
			"faces": {
				"north": {"uv": [0, 0, 0, 1.5], "texture": "#0"},
				"east": {"uv": [2.5, 10.5, 3, 12], "texture": "#0"},
				"south": {"uv": [0, 0, 0, 1.5], "texture": "#0"},
				"west": {"uv": [3, 10.5, 3.5, 12], "texture": "#0"},
				"up": {"uv": [0, 0.5, 0, 0], "texture": "#0"},
				"down": {"uv": [0, 0, 0, 0.5], "texture": "#0"}
			}
		},
		{
			"from": [7.25, 10.25, 0.5],
			"to": [8.75, 11.75, 2],
			"rotation": {"angle": 0, "axis": "y", "origin": [7, 8, 0]},
			"faces": {
				"north": {"uv": [10, 6.5, 11, 7.5], "texture": "#0"},
				"east": {"uv": [10, 7.5, 11, 8.5], "texture": "#0"},
				"south": {"uv": [10, 8.5, 11, 9.5], "texture": "#0"},
				"west": {"uv": [9, 10, 10, 11], "texture": "#0"},
				"up": {"uv": [11, 10.5, 10, 9.5], "texture": "#0"},
				"down": {"uv": [1, 10.5, 0, 11.5], "texture": "#0"}
			}
		},
		{
			"from": [6.5, 9.5, -1.5],
			"to": [9.5, 12.5, 0.5],
			"rotation": {"angle": 0, "axis": "y", "origin": [6.75, 7.75, -2]},
			"faces": {
				"north": {"uv": [8, 4, 9.5, 5.5], "texture": "#0"},
				"east": {"uv": [8, 9, 9, 10.5], "texture": "#0"},
				"south": {"uv": [8, 5.5, 9.5, 7], "texture": "#0"},
				"west": {"uv": [9, 8.5, 10, 10], "texture": "#0"},
				"up": {"uv": [1.5, 10.5, 0, 9.5], "texture": "#0"},
				"down": {"uv": [11, 0, 9.5, 1], "texture": "#0"}
			}
		}
	],
	"display": {
		"thirdperson_righthand": {
			"translation": [0, -1, 1.75],
			"scale": [0.84, 0.84, 0.84]
		},
		"thirdperson_lefthand": {
			"translation": [0, -1, 1.75],
			"scale": [0.84, 0.84, 0.84]
		},
		"firstperson_righthand": {
			"translation": [0, -0.5, 1.75],
			"scale": [0.84, 0.84, 0.84]
		},
		"firstperson_lefthand": {
			"translation": [0, -0.5, 1.75],
			"scale": [0.84, 0.84, 0.84]
		},
		"gui": {
			"rotation": [31, -132, 13],
			"translation": [-0.5, -0.25, 0],
			"scale": [0.84, 0.84, 0.84]
		}
	},
	"groups": [
		{
			"name": "group",
			"origin": [6.75, 7.75, -2],
			"color": 0,
			"children": [0, 1, 2, 3, 4, 5, 6, 7, 8, 9, 10]
		}
	]
}