{
	"format_version": "1.9.0",
	"credit": "Made with Blockbench",
	"texture_size": [32, 32],
	"textures": {
		"0": "kl:item/du2l",
		"particle": "kl:item/du2l"
	},
	"elements": [
		{
			"from": [7.55, 0.6, 4.6],
			"to": [8.45, 7.1, 6.6],
			"rotation": {"angle": -22.5, "axis": "x", "origin": [7.5, 7.6, 7.6]},
			"faces": {
				"north": {"uv": [6.5, 6, 7, 9.5], "texture": "#0"},
				"east": {"uv": [3, 3, 4, 6.5], "texture": "#0"},
				"south": {"uv": [0, 7, 0.5, 10.5], "texture": "#0"},
				"west": {"uv": [4, 0, 5, 3.5], "texture": "#0"},
				"up": {"uv": [5, 9, 4.5, 8], "texture": "#0"},
				"down": {"uv": [10.5, 7, 10, 8], "texture": "#0"}
			}
		},
		{
			"from": [7.5, 2, 10.5],
			"to": [8.5, 7, 12.5],
			"rotation": {"angle": 0, "axis": "y", "origin": [7.5, 7, 9.5]},
			"faces": {
				"north": {"uv": [2.5, 7, 3, 9.5], "texture": "#0"},
				"east": {"uv": [5.5, 2, 6.5, 4.5], "texture": "#0"},
				"south": {"uv": [6, 7.5, 6.5, 10], "texture": "#0"},
				"west": {"uv": [4, 5.5, 5, 8], "texture": "#0"},
				"up": {"uv": [11, 2.5, 10.5, 1.5], "texture": "#0"},
				"down": {"uv": [11, 7, 10.5, 8], "texture": "#0"}
			}
		},
		{
			"from": [8, 4, 10.75],
			"to": [8, 7, 12.75],
			"rotation": {"angle": 22.5, "axis": "x", "origin": [7.5, 7, 9.75]},
			"faces": {
				"north": {"uv": [0, 0, 0, 1.5], "texture": "#0"},
				"east": {"uv": [7, 6, 8, 7.5], "texture": "#0"},
				"south": {"uv": [0, 0, 0, 1.5], "texture": "#0"},
				"west": {"uv": [5, 7.5, 6, 9], "texture": "#0"},
				"up": {"uv": [0, 1, 0, 0], "texture": "#0"},
				"down": {"uv": [0, 0, 0, 1], "texture": "#0"}
			}
		},
		{
			"from": [6.75, 7, 5],
			"to": [9.25, 8, 9],
			"rotation": {"angle": 0, "axis": "y", "origin": [8, 5, 12]},
			"faces": {
				"north": {"uv": [10, 6, 11.5, 6.5], "texture": "#0"},
				"east": {"uv": [9.5, 0, 11.5, 0.5], "texture": "#0"},
				"south": {"uv": [10, 6.5, 11.5, 7], "texture": "#0"},
				"west": {"uv": [0.5, 9.5, 2.5, 10], "texture": "#0"},
				"up": {"uv": [5.5, 5.5, 4, 3.5], "texture": "#0"},
				"down": {"uv": [6.5, 0, 5, 2], "texture": "#0"}
			}
		},
		{
			"from": [6.75, 8, 5],
			"to": [9.25, 11, 13],
			"rotation": {"angle": 0, "axis": "y", "origin": [8, 5, 12]},
			"faces": {
				"north": {"uv": [6.5, 0, 8, 1.5], "texture": "#0"},
				"east": {"uv": [5.5, 13, 10.5, 15], "texture": "#0"},
				"south": {"uv": [6.5, 1.5, 8, 3], "texture": "#0"},
				"west": {"uv": [10.5, 13, 15.5, 15], "texture": "#0"},
				"up": {"uv": [1.5, 7, 0, 3], "texture": "#0"},
				"down": {"uv": [3, 3, 1.5, 7], "texture": "#0"}
			}
		},
		{
			"from": [7.49, 6, 5],
			"to": [8.51, 7, 13],
			"rotation": {"angle": 0, "axis": "y", "origin": [8.1, 4, 12]},
			"faces": {
				"north": {"uv": [11.5, 10, 12, 10.5], "texture": "#0"},
				"east": {"uv": [6.5, 3, 10.5, 3.5], "texture": "#0"},
				"south": {"uv": [10.5, 11.5, 11, 12], "texture": "#0"},
				"west": {"uv": [6.5, 3.5, 10.5, 4], "texture": "#0"},
				"up": {"uv": [3.5, 10.5, 3, 6.5], "texture": "#0"},
				"down": {"uv": [4, 6.5, 3.5, 10.5], "texture": "#0"}
			}
		},
		{
			"from": [7.49, 7, 9],
			"to": [8.51, 8, 13],
			"rotation": {"angle": 0, "axis": "y", "origin": [8.1, 5, 12]},
			"faces": {
				"north": {"uv": [11.5, 10.5, 12, 11], "texture": "#0"},
				"east": {"uv": [9.5, 0.5, 11.5, 1], "texture": "#0"},
				"south": {"uv": [11, 11.5, 11.5, 12], "texture": "#0"},
				"west": {"uv": [9.5, 1, 11.5, 1.5], "texture": "#0"},
				"up": {"uv": [3, 11.5, 2.5, 9.5], "texture": "#0"},
				"down": {"uv": [10, 4, 9.5, 6], "texture": "#0"}
			}
		},
		{
			"from": [7.51, 2.76637, 13.68718],
			"to": [8.49, 5.56637, 15.13718],
			"rotation": {"angle": 45, "axis": "x", "origin": [7.5, 7, 9.5]},
			"faces": {
				"north": {"uv": [5, 2, 5.5, 3.5], "texture": "#0"},
				"east": {"uv": [4.5, 10, 5, 11.5], "texture": "#0"},
				"south": {"uv": [5, 10, 5.5, 11.5], "texture": "#0"},
				"west": {"uv": [6, 10, 6.5, 11.5], "texture": "#0"},
				"up": {"uv": [5.5, 6, 5, 5.5], "texture": "#0"},
				"down": {"uv": [7, 4, 6.5, 4.5], "texture": "#0"}
			}
		},
		{
			"from": [7.5, 0, 8.9],
			"to": [8.5, 2, 10.5],
			"rotation": {"angle": 0, "axis": "y", "origin": [7.5, 7, 9.5]},
			"faces": {
				"north": {"uv": [10.5, 9, 11, 10], "texture": "#0"},
				"east": {"uv": [13.5, 5, 15, 7], "texture": "#0"},
				"south": {"uv": [10.5, 10, 11, 11], "texture": "#0"},
				"west": {"uv": [13.5, 5, 15, 7], "texture": "#0"},
				"up": {"uv": [11.5, 2.5, 11, 1.5], "texture": "#0"},
				"down": {"uv": [11.5, 3, 11, 4], "texture": "#0"}
			}
		},
		{
			"from": [7.5, 0, 8],
			"to": [8.5, 0.8, 8.9],
			"rotation": {"angle": 0, "axis": "y", "origin": [7.5, 7, 8.5]},
			"faces": {
				"north": {"uv": [12.5, 9.5, 13, 10], "texture": "#0"},
				"east": {"uv": [10, 12.5, 10.5, 13], "texture": "#0"},
				"south": {"uv": [12.5, 10, 13, 10.5], "texture": "#0"},
				"west": {"uv": [10.5, 12.5, 11, 13], "texture": "#0"},
				"up": {"uv": [13, 11, 12.5, 10.5], "texture": "#0"},
				"down": {"uv": [11.5, 12.5, 11, 13], "texture": "#0"}
			}
		},
		{
			"from": [7.501, -0.3033, 8.093],
			"to": [8.499, 1.6467, 8.943],
			"rotation": {"angle": 45, "axis": "x", "origin": [7.5, 0.8, 8.95]},
			"faces": {
				"north": {"uv": [8, 11.5, 8.5, 12.5], "texture": "#0"},
				"east": {"uv": [11.5, 8, 12, 9], "texture": "#0"},
				"south": {"uv": [8.5, 11.5, 9, 12.5], "texture": "#0"},
				"west": {"uv": [9.5, 11.5, 10, 12.5], "texture": "#0"},
				"up": {"uv": [13, 9.5, 12.5, 9], "texture": "#0"},
				"down": {"uv": [10, 12.5, 9.5, 13], "texture": "#0"}
			}
		},
		{
			"from": [7.5, -0.6033, 8.093],
			"to": [8.5, -0.2533, 8.443],
			"rotation": {"angle": 45, "axis": "x", "origin": [7.5, 0.8, 8.95]},
			"faces": {
				"north": {"uv": [0, 13, 0.5, 13.5], "texture": "#0"},
				"east": {"uv": [13, 0, 13.5, 0.5], "texture": "#0"},
				"south": {"uv": [0.5, 13, 1, 13.5], "texture": "#0"},
				"west": {"uv": [13, 0.5, 13.5, 1], "texture": "#0"},
				"up": {"uv": [1.5, 13.5, 1, 13], "texture": "#0"},
				"down": {"uv": [13.5, 1, 13, 1.5], "texture": "#0"}
			}
		},
		{
			"from": [7.5, 0.557, 7.5467],
			"to": [8.5, 1.007, 7.8967],
			"rotation": {"angle": -22.5, "axis": "x", "origin": [7.5, 0.15, 8.95]},
			"faces": {
				"north": {"uv": [1.5, 13, 2, 13.5], "texture": "#0"},
				"east": {"uv": [13, 1.5, 13.5, 2], "texture": "#0"},
				"south": {"uv": [2, 13, 2.5, 13.5], "texture": "#0"},
				"west": {"uv": [13, 2, 13.5, 2.5], "texture": "#0"},
				"up": {"uv": [3, 13.5, 2.5, 13], "texture": "#0"},
				"down": {"uv": [13.5, 2.5, 13, 3], "texture": "#0"}
			}
		},
		{
			"from": [7.5, -0.0033, 7.493],
			"to": [8.5, 0.4967, 8.043],
			"rotation": {"angle": 0, "axis": "y", "origin": [7.5, 0.7, 8.15]},
			"faces": {
				"north": {"uv": [12.5, 11, 13, 11.5], "texture": "#0"},
				"east": {"uv": [11.5, 12.5, 12, 13], "texture": "#0"},
				"south": {"uv": [12.5, 11.5, 13, 12], "texture": "#0"},
				"west": {"uv": [12, 12.5, 12.5, 13], "texture": "#0"},
				"up": {"uv": [13, 12.5, 12.5, 12], "texture": "#0"},
				"down": {"uv": [13, 12.5, 12.5, 13], "texture": "#0"}
			}
		},
		{
			"from": [7, 8, 4],
			"to": [9, 10, 5],
			"rotation": {"angle": 0, "axis": "y", "origin": [7, 8, 5]},
			"faces": {
				"north": {"uv": [8, 8, 9, 9], "texture": "#0"},
				"east": {"uv": [11, 4, 11.5, 5], "texture": "#0"},
				"south": {"uv": [8.5, 0, 9.5, 1], "texture": "#0"},
				"west": {"uv": [11, 5, 11.5, 6], "texture": "#0"},
				"up": {"uv": [12, 7.5, 11, 7], "texture": "#0"},
				"down": {"uv": [12, 7.5, 11, 8], "texture": "#0"}
			}
		},
		{
			"from": [7.25, 8.25, 3.5],
			"to": [8.75, 9.75, 4],
			"rotation": {"angle": 0, "axis": "y", "origin": [7, 8, 4]},
			"faces": {
				"north": {"uv": [3.5, 14.5, 5, 16], "texture": "#0"},
				"east": {"uv": [5, 14.5, 5.5, 16], "texture": "#0"},
				"south": {"uv": [8.5, 1, 9.5, 2], "texture": "#0"},
				"west": {"uv": [5, 14.5, 5.5, 16], "texture": "#0"},
				"up": {"uv": [12, 9.5, 11, 9], "texture": "#0"},
				"down": {"uv": [12, 9.5, 11, 10], "texture": "#0"}
			}
		},
		{
			"from": [7, 8, 13],
			"to": [9, 10, 14.5],
			"rotation": {"angle": 0, "axis": "y", "origin": [7, 8, 15]},
			"faces": {
				"north": {"uv": [1.5, 8.5, 2.5, 9.5], "texture": "#0"},
				"east": {"uv": [8.5, 2, 9.5, 3], "texture": "#0"},
				"south": {"uv": [8.5, 4, 9.5, 5], "texture": "#0"},
				"west": {"uv": [8.5, 5, 9.5, 6], "texture": "#0"},
				"up": {"uv": [5.5, 10, 4.5, 9], "texture": "#0"},
				"down": {"uv": [10, 6, 9, 7], "texture": "#0"}
			}
		},
		{
			"from": [6.8, 7.8, 14.5],
			"to": [9.2, 10.2, 15],
			"rotation": {"angle": 0, "axis": "y", "origin": [7, 8, 16.5]},
			"faces": {
				"north": {"uv": [9, 7, 10, 8], "texture": "#0"},
				"east": {"uv": [9, 11, 9.5, 12], "texture": "#0"},
				"south": {"uv": [8, 9, 9, 10], "texture": "#0"},
				"west": {"uv": [11, 10, 11.5, 11], "texture": "#0"},
				"up": {"uv": [11.5, 11.5, 10.5, 11], "texture": "#0"},
				"down": {"uv": [12.5, 0, 11.5, 0.5], "texture": "#0"}
			}
		},
		{
			"from": [6.55, 7.55, 15],
			"to": [9.45, 10.45, 16.5],
			"rotation": {"angle": 0, "axis": "y", "origin": [7, 8, 17.5]},
			"faces": {
				"north": {"uv": [5.5, 4.5, 7, 6], "texture": "#0"},
				"east": {"uv": [0.5, 7, 1.5, 8.5], "texture": "#0"},
				"south": {"uv": [5, 6, 6.5, 7.5], "texture": "#0"},
				"west": {"uv": [1.5, 7, 2.5, 8.5], "texture": "#0"},
				"up": {"uv": [8.5, 5, 7, 4], "texture": "#0"},
				"down": {"uv": [8.5, 5, 7, 6], "texture": "#0"}
			}
		},
		{
			"from": [7.05, 8.05, 16.5],
			"to": [8.95, 10.45, 17.25],
			"rotation": {"angle": 0, "axis": "y", "origin": [7, 8, 18]},
			"faces": {
				"north": {"uv": [9.5, 1.5, 10.5, 2.5], "texture": "#0"},
				"east": {"uv": [11.5, 0.5, 12, 1.5], "texture": "#0"},
				"south": {"uv": [9.5, 9, 10.5, 10], "texture": "#0"},
				"west": {"uv": [11.5, 1.5, 12, 2.5], "texture": "#0"},
				"up": {"uv": [12.5, 3, 11.5, 2.5], "texture": "#0"},
				"down": {"uv": [12.5, 3, 11.5, 3.5], "texture": "#0"}
			}
		},
		{
			"from": [7.75, 6.75, 13],
			"to": [8.25, 7.25, 17],
			"rotation": {"angle": 0, "axis": "y", "origin": [6.5, 6.5, 16]},
			"faces": {
				"north": {"uv": [8, 2.5, 8.5, 3], "texture": "#0"},
				"east": {"uv": [9, 8, 11, 8.5], "texture": "#0"},
				"south": {"uv": [10, 11.5, 10.5, 12], "texture": "#0"},
				"west": {"uv": [9, 8.5, 11, 9], "texture": "#0"},
				"up": {"uv": [6, 11, 5.5, 9], "texture": "#0"},
				"down": {"uv": [9.5, 9, 9, 11], "texture": "#0"}
			}
		},
		{
			"from": [7.5, 6.5, 17],
			"to": [8.5, 7.5, 17.25],
			"rotation": {"angle": 0, "axis": "y", "origin": [6.5, 6.5, 16]},
			"faces": {
				"north": {"uv": [11.5, 11, 12, 11.5], "texture": "#0"},
				"east": {"uv": [11.5, 11.5, 12, 12], "texture": "#0"},
				"south": {"uv": [0, 12, 0.5, 12.5], "texture": "#0"},
				"west": {"uv": [0.5, 12, 1, 12.5], "texture": "#0"},
				"up": {"uv": [12.5, 1, 12, 0.5], "texture": "#0"},
				"down": {"uv": [1.5, 12, 1, 12.5], "texture": "#0"}
			}
		},
		{
			"from": [7.5, 6.6, 16],
			"to": [8.5, 7.6, 16.5],
			"rotation": {"angle": 0, "axis": "y", "origin": [6.5, 6.6, 15.25]},
			"faces": {
				"north": {"uv": [12, 1, 12.5, 1.5], "texture": "#0"},
				"east": {"uv": [1.5, 12, 2, 12.5], "texture": "#0"},
				"south": {"uv": [12, 1.5, 12.5, 2], "texture": "#0"},
				"west": {"uv": [2, 12, 2.5, 12.5], "texture": "#0"},
				"up": {"uv": [12.5, 2.5, 12, 2], "texture": "#0"},
				"down": {"uv": [3.5, 12, 3, 12.5], "texture": "#0"}
			}
		},
		{
			"from": [7.5, 6.6, 15],
			"to": [8.5, 7.6, 15.5],
			"rotation": {"angle": 0, "axis": "y", "origin": [6.5, 6.6, 14]},
			"faces": {
				"north": {"uv": [3.5, 12, 4, 12.5], "texture": "#0"},
				"east": {"uv": [4, 12, 4.5, 12.5], "texture": "#0"},
				"south": {"uv": [4.5, 12, 5, 12.5], "texture": "#0"},
				"west": {"uv": [5, 12, 5.5, 12.5], "texture": "#0"},
				"up": {"uv": [6, 12.5, 5.5, 12], "texture": "#0"},
				"down": {"uv": [12.5, 6, 12, 6.5], "texture": "#0"}
			}
		},
		{
			"from": [6.75, 9.4, 4.4],
			"to": [7, 12.4, 4.65],
			"rotation": {"angle": -22.5, "axis": "x", "origin": [6.75, 10.4, 4.6]},
			"faces": {
				"north": {"uv": [7, 10, 7.5, 11.5], "texture": "#0"},
				"east": {"uv": [7.5, 10, 8, 11.5], "texture": "#0"},
				"south": {"uv": [8, 10, 8.5, 11.5], "texture": "#0"},
				"west": {"uv": [8.5, 10, 9, 11.5], "texture": "#0"},
				"up": {"uv": [12.5, 7, 12, 6.5], "texture": "#0"},
				"down": {"uv": [12.5, 7, 12, 7.5], "texture": "#0"}
			}
		},
		{
			"from": [6.75, 10.4, 3.6],
			"to": [7, 11.4, 3.85],
			"rotation": {"angle": 22.5, "axis": "x", "origin": [6.75, 11.65, 5.6]},
			"faces": {
				"north": {"uv": [12, 8.5, 12.5, 9], "texture": "#0"},
				"east": {"uv": [9, 12, 9.5, 12.5], "texture": "#0"},
				"south": {"uv": [12, 9, 12.5, 9.5], "texture": "#0"},
				"west": {"uv": [12, 9.5, 12.5, 10], "texture": "#0"},
				"up": {"uv": [10.5, 12.5, 10, 12], "texture": "#0"},
				"down": {"uv": [12.5, 10, 12, 10.5], "texture": "#0"}
			}
		},
		{
			"from": [7, 10.4, 3.6],
			"to": [9, 10.65, 3.85],
			"rotation": {"angle": 22.5, "axis": "x", "origin": [6.75, 11.65, 5.6]},
			"faces": {
				"north": {"uv": [11.5, 3.5, 12.5, 4], "texture": "#0"},
				"east": {"uv": [12, 12, 12.5, 12.5], "texture": "#0"},
				"south": {"uv": [11.5, 4, 12.5, 4.5], "texture": "#0"},
				"west": {"uv": [0, 12.5, 0.5, 13], "texture": "#0"},
				"up": {"uv": [5.5, 12, 4.5, 11.5], "texture": "#0"},
				"down": {"uv": [12.5, 4.5, 11.5, 5], "texture": "#0"}
			}
		},
		{
			"from": [8, 6.5, 5.8],
			"to": [8.8, 6.75, 6.05],
			"rotation": {"angle": 0, "axis": "y", "origin": [6.75, 7.75, 7.7]},
			"faces": {
				"north": {"uv": [12.5, 2, 13, 2.5], "texture": "#0"},
				"east": {"uv": [2.5, 12.5, 3, 13], "texture": "#0"},
				"south": {"uv": [12.5, 2.5, 13, 3], "texture": "#0"},
				"west": {"uv": [3, 12.5, 3.5, 13], "texture": "#0"},
				"up": {"uv": [13, 3.5, 12.5, 3], "texture": "#0"},
				"down": {"uv": [4, 12.5, 3.5, 13], "texture": "#0"}
			}
		},
		{
			"from": [9, 10.4, 3.6],
			"to": [9.25, 11.4, 3.85],
			"rotation": {"angle": 22.5, "axis": "x", "origin": [9, 11.65, 5.6]},
			"faces": {
				"north": {"uv": [10.5, 12, 11, 12.5], "texture": "#0"},
				"east": {"uv": [12, 10.5, 12.5, 11], "texture": "#0"},
				"south": {"uv": [11, 12, 11.5, 12.5], "texture": "#0"},
				"west": {"uv": [12, 11, 12.5, 11.5], "texture": "#0"},
				"up": {"uv": [12, 12.5, 11.5, 12], "texture": "#0"},
				"down": {"uv": [12.5, 11.5, 12, 12], "texture": "#0"}
			}
		},
		{
			"from": [9, 9.4, 4.4],
			"to": [9.25, 12.4, 4.65],
			"rotation": {"angle": -22.5, "axis": "x", "origin": [9, 10.4, 4.6]},
			"faces": {
				"north": {"uv": [9.5, 10, 10, 11.5], "texture": "#0"},
				"east": {"uv": [10, 10, 10.5, 11.5], "texture": "#0"},
				"south": {"uv": [0, 10.5, 0.5, 12], "texture": "#0"},
				"west": {"uv": [0.5, 10.5, 1, 12], "texture": "#0"},
				"up": {"uv": [12.5, 8, 12, 7.5], "texture": "#0"},
				"down": {"uv": [12.5, 8, 12, 8.5], "texture": "#0"}
			}
		},
		{
			"from": [9, 6.5, 4.75],
			"to": [9.25, 9.5, 5],
			"rotation": {"angle": 0, "axis": "y", "origin": [9.25, 7.5, 5]},
			"faces": {
				"north": {"uv": [1, 10.5, 1.5, 12], "texture": "#0"},
				"east": {"uv": [1.5, 10.5, 2, 12], "texture": "#0"},
				"south": {"uv": [2, 10.5, 2.5, 12], "texture": "#0"},
				"west": {"uv": [3, 10.5, 3.5, 12], "texture": "#0"},
				"up": {"uv": [13, 5.5, 12.5, 5], "texture": "#0"},
				"down": {"uv": [6, 12.5, 5.5, 13], "texture": "#0"}
			}
		},
		{
			"from": [8.05, 6.5, 5.45],
			"to": [8.3, 6.75, 6.65],
			"rotation": {"angle": -22.5, "axis": "y", "origin": [10, 7.75, 7.6]},
			"faces": {
				"north": {"uv": [12.5, 3.5, 13, 4], "texture": "#0"},
				"east": {"uv": [4, 12.5, 4.5, 13], "texture": "#0"},
				"south": {"uv": [12.5, 4, 13, 4.5], "texture": "#0"},
				"west": {"uv": [4.5, 12.5, 5, 13], "texture": "#0"},
				"up": {"uv": [13, 5, 12.5, 4.5], "texture": "#0"},
				"down": {"uv": [5.5, 12.5, 5, 13], "texture": "#0"}
			}
		},
		{
			"from": [6.75, 6.5, 4.75],
			"to": [7, 9.5, 5],
			"rotation": {"angle": 0, "axis": "y", "origin": [6.75, 7.5, 5]},
			"faces": {
				"north": {"uv": [10.5, 3, 11, 4.5], "texture": "#0"},
				"east": {"uv": [3.5, 10.5, 4, 12], "texture": "#0"},
				"south": {"uv": [4, 10.5, 4.5, 12], "texture": "#0"},
				"west": {"uv": [10.5, 4.5, 11, 6], "texture": "#0"},
				"up": {"uv": [13, 9, 12.5, 8.5], "texture": "#0"},
				"down": {"uv": [9.5, 12.5, 9, 13], "texture": "#0"}
			}
		},
		{
			"from": [7.2, 6.5, 5.8],
			"to": [8, 6.75, 6.05],
			"rotation": {"angle": 0, "axis": "y", "origin": [9.25, 7.75, 7.7]},
			"faces": {
				"north": {"uv": [12.5, 7, 13, 7.5], "texture": "#0"},
				"east": {"uv": [7.5, 12.5, 8, 13], "texture": "#0"},
				"south": {"uv": [12.5, 7.5, 13, 8], "texture": "#0"},
				"west": {"uv": [8, 12.5, 8.5, 13], "texture": "#0"},
				"up": {"uv": [13, 8.5, 12.5, 8], "texture": "#0"},
				"down": {"uv": [9, 12.5, 8.5, 13], "texture": "#0"}
			}
		},
		{
			"from": [7.7, 6.5, 5.45],
			"to": [7.95, 6.75, 6.65],
			"rotation": {"angle": 22.5, "axis": "y", "origin": [6, 7.75, 7.6]},
			"faces": {
				"north": {"uv": [12.5, 5.5, 13, 6], "texture": "#0"},
				"east": {"uv": [6, 12.5, 6.5, 13], "texture": "#0"},
				"south": {"uv": [12.5, 6, 13, 6.5], "texture": "#0"},
				"west": {"uv": [6.5, 12.5, 7, 13], "texture": "#0"},
				"up": {"uv": [13, 7, 12.5, 6.5], "texture": "#0"},
				"down": {"uv": [7.5, 12.5, 7, 13], "texture": "#0"}
			}
		},
		{
			"from": [9.4, 7.25, 12.5],
			"to": [9.9, 12, 13],
			"rotation": {"angle": 0, "axis": "y", "origin": [9.9, 8, 13]},
			"faces": {
				"north": {"uv": [7, 7.5, 7.5, 10], "texture": "#0"},
				"east": {"uv": [7.5, 7.5, 8, 10], "texture": "#0"},
				"south": {"uv": [8, 0, 8.5, 2.5], "texture": "#0"},
				"west": {"uv": [4, 8, 4.5, 10.5], "texture": "#0"},
				"up": {"uv": [13, 0.5, 12.5, 0], "texture": "#0"},
				"down": {"uv": [1, 12.5, 0.5, 13], "texture": "#0"}
			}
		},
		{
			"from": [7.9, 9.5, 16.5],
			"to": [8.4, 11.9, 17],
			"rotation": {"angle": -22.5, "axis": "z", "origin": [8.4, 8, 17]},
			"faces": {
				"north": {"uv": [11.5, 6, 12, 7], "texture": "#0"},
				"east": {"uv": [6.5, 11.5, 7, 12.5], "texture": "#0"},
				"south": {"uv": [7, 11.5, 7.5, 12.5], "texture": "#0"},
				"west": {"uv": [7.5, 11.5, 8, 12.5], "texture": "#0"},
				"up": {"uv": [13, 2, 12.5, 1.5], "texture": "#0"},
				"down": {"uv": [2.5, 12.5, 2, 13], "texture": "#0"}
			}
		},
		{
			"from": [9.4, 11.5, 13],
			"to": [9.9, 12, 17],
			"rotation": {"angle": 0, "axis": "y", "origin": [9.9, 8, 13]},
			"faces": {
				"north": {"uv": [12.5, 1, 13, 1.5], "texture": "#0"},
				"east": {"uv": [9.5, 2.5, 11.5, 3], "texture": "#0"},
				"south": {"uv": [1.5, 12.5, 2, 13], "texture": "#0"},
				"west": {"uv": [0.5, 10, 2.5, 10.5], "texture": "#0"},
				"up": {"uv": [7, 11.5, 6.5, 9.5], "texture": "#0"},
				"down": {"uv": [10.5, 4, 10, 6], "texture": "#0"}
			}
		},
		{
			"from": [9.5, 7.25, 10.75],
			"to": [10, 7.75, 12.5],
			"rotation": {"angle": 45, "axis": "y", "origin": [10, 7.5, 12.75]},
			"faces": {
				"north": {"uv": [12.5, 0.5, 13, 1], "texture": "#0"},
				"east": {"uv": [11.5, 5, 12.5, 5.5], "texture": "#0"},
				"south": {"uv": [1, 12.5, 1.5, 13], "texture": "#0"},
				"west": {"uv": [11.5, 5.5, 12.5, 6], "texture": "#0"},
				"up": {"uv": [3, 12.5, 2.5, 11.5], "texture": "#0"},
				"down": {"uv": [6.5, 11.5, 6, 12.5], "texture": "#0"}
			}
		},
		{
			"from": [6.74, 9, 9],
			"to": [9.26, 11.25, 9.5],
			"rotation": {"angle": 22.5, "axis": "x", "origin": [7.3, 9, 7.75]},
			"faces": {
				"north": {"uv": [0, 0, 0, 1.125], "texture": "#0"},
				"east": {"uv": [1.5, 14.525, 2, 16], "texture": "#0"},
				"south": {"uv": [0, 0, 0, 1.125], "texture": "#0"},
				"west": {"uv": [1.5, 14.5, 2, 16], "texture": "#0"},
				"up": {"uv": [0, 0, 0, 0.25], "texture": "#0"},
				"down": {"uv": [0, 0, 0, 0.25], "texture": "#0"}
			}
		},
		{
			"from": [6.74, 9, 10],
			"to": [9.26, 11.25, 10.5],
			"rotation": {"angle": 22.5, "axis": "x", "origin": [7.3, 9, 8.75]},
			"faces": {
				"north": {"uv": [0, 0, 0, 1.125], "texture": "#0"},
				"east": {"uv": [1.5, 14.525, 2, 16], "texture": "#0"},
				"south": {"uv": [0, 0, 0, 1.125], "texture": "#0"},
				"west": {"uv": [1.5, 14.5, 2, 16], "texture": "#0"},
				"up": {"uv": [0, 0, 0, 0.25], "texture": "#0"},
				"down": {"uv": [0, 0, 0, 0.25], "texture": "#0"}
			}
		},
		{
			"from": [6.74, 9, 11],
			"to": [9.26, 11.25, 11.5],
			"rotation": {"angle": 22.5, "axis": "x", "origin": [7.3, 9, 9.75]},
			"faces": {
				"north": {"uv": [0, 0, 0, 1.125], "texture": "#0"},
				"east": {"uv": [1.5, 14.525, 2, 16], "texture": "#0"},
				"south": {"uv": [0, 0, 0, 1.125], "texture": "#0"},
				"west": {"uv": [1.5, 14.5, 2, 16], "texture": "#0"},
				"up": {"uv": [0, 0, 0, 0.25], "texture": "#0"},
				"down": {"uv": [0, 0, 0, 0.25], "texture": "#0"}
			}
		},
		{
			"from": [6.74, 9.75, 7.5],
			"to": [9.26, 11.25, 8],
			"rotation": {"angle": 22.5, "axis": "x", "origin": [7.3, 9, 6.25]},
			"faces": {
				"north": {"uv": [0, 0, 0, 0.75], "texture": "#0"},
				"east": {"uv": [0, 15, 0.5, 16], "texture": "#0"},
				"south": {"uv": [0, 0, 0, 0.75], "texture": "#0"},
				"west": {"uv": [0, 15, 0.5, 16], "texture": "#0"},
				"up": {"uv": [0, 0, 0, 0.25], "texture": "#0"},
				"down": {"uv": [0, 0, 0, 0.25], "texture": "#0"}
			}
		},
		{
			"from": [6.74, 9.75, 6.5],
			"to": [9.26, 11.25, 7],
			"rotation": {"angle": 22.5, "axis": "x", "origin": [7.3, 9, 5.25]},
			"faces": {
				"north": {"uv": [0, 0, 0, 0.75], "texture": "#0"},
				"east": {"uv": [0, 15, 0.5, 16], "texture": "#0"},
				"south": {"uv": [0, 0, 0, 0.75], "texture": "#0"},
				"west": {"uv": [0, 15, 0.5, 16], "texture": "#0"},
				"up": {"uv": [0, 0, 0, 0.25], "texture": "#0"},
				"down": {"uv": [0, 0, 0, 0.25], "texture": "#0"}
			}
		},
		{
			"from": [6.74, 9.75, 5.5],
			"to": [9.26, 11.25, 6],
			"rotation": {"angle": 22.5, "axis": "x", "origin": [7.3, 9, 4.25]},
			"faces": {
				"north": {"uv": [0, 0, 0, 0.75], "texture": "#0"},
				"east": {"uv": [0, 15, 0.5, 16], "texture": "#0"},
				"south": {"uv": [0, 0, 0, 0.75], "texture": "#0"},
				"west": {"uv": [0, 15, 0.5, 16], "texture": "#0"},
				"up": {"uv": [0, 0, 0, 0.25], "texture": "#0"},
				"down": {"uv": [0, 0, 0, 0.25], "texture": "#0"}
			}
		}
	],
	"display": {
		"thirdperson_righthand": {
			"translation": [0, 2, -0.75]
		},
		"thirdperson_lefthand": {
			"translation": [0, 2, -0.75]
		},
		"firstperson_righthand": {
			"translation": [0, 0.5, -0.75]
		},
		"firstperson_lefthand": {
			"translation": [0, 0.5, -0.75]
		},
		"gui": {
			"rotation": [31, -132, 13],
			"translation": [1.25, 1, 0]
		}
	}
}