{
	"format_version": "1.9.0",
	"credit": "Made with Blockbench",
	"texture_size": [32, 32],
	"textures": {
		"0": "kl:item/du3",
		"particle": "kl:item/du3"
	},
	"elements": [
		{
			"from": [7.01, 1.15, 6],
			"to": [7.99, 1.65, 7.25],
			"rotation": {"angle": 22.5, "axis": "x", "origin": [7, -0.35, 9]},
			"faces": {
				"north": {"uv": [10.5, 4, 10, 4.5], "texture": "#0"},
				"east": {"uv": [6, 2, 5.5, 2.5], "texture": "#0"},
				"south": {"uv": [2, 2.5, 1.5, 3], "texture": "#0"},
				"west": {"uv": [6, 10, 5.5, 10.5], "texture": "#0"},
				"up": {"uv": [10.5, 5.5, 10, 6], "texture": "#0"},
				"down": {"uv": [6.5, 10.5, 6, 10], "texture": "#0"}
			}
		},
		{
			"from": [7.01, -0.35, 6],
			"to": [7.99, 0.15, 8],
			"rotation": {"angle": 22.5, "axis": "x", "origin": [7, -0.35, 9]},
			"faces": {
				"north": {"uv": [11, 4.5, 10.5, 5], "texture": "#0"},
				"east": {"uv": [10.5, 4.5, 9.5, 5], "texture": "#0"},
				"south": {"uv": [5, 10.5, 4.5, 11], "texture": "#0"},
				"west": {"uv": [10.5, 5, 9.5, 5.5], "texture": "#0"},
				"up": {"uv": [10, 6, 9.5, 7], "texture": "#0"},
				"down": {"uv": [7, 10.5, 6.5, 9.5], "texture": "#0"}
			}
		},
		{
			"from": [7.01, -0.35, 5],
			"to": [10.49, 1.65, 6],
			"rotation": {"angle": 22.5, "axis": "x", "origin": [7, -0.35, 9]},
			"faces": {
				"north": {"uv": [6, 2.5, 4.5, 3.5], "texture": "#0"},
				"east": {"uv": [1.5, 9, 1, 10], "texture": "#0"},
				"south": {"uv": [3.5, 4.5, 2, 5.5], "texture": "#0"},
				"west": {"uv": [9.5, 2, 9, 3], "texture": "#0"},
				"up": {"uv": [1.5, 4, 0, 4.5], "texture": "#0"},
				"down": {"uv": [8.5, 6, 7, 5.5], "texture": "#0"}
			}
		},
		{
			"from": [7.01, -1.35, 5],
			"to": [8.49, -0.35, 6],
			"rotation": {"angle": 22.5, "axis": "x", "origin": [7, -0.35, 9]},
			"faces": {
				"north": {"uv": [11, 7, 10.5, 7.5], "texture": "#0"},
				"east": {"uv": [7.5, 10.5, 7, 11], "texture": "#0"},
				"south": {"uv": [11, 6.5, 10.5, 7], "texture": "#0"},
				"west": {"uv": [8, 10.5, 7.5, 11], "texture": "#0"},
				"up": {"uv": [11, 7.5, 10.5, 8], "texture": "#0"},
				"down": {"uv": [8.5, 11, 8, 10.5], "texture": "#0"}
			}
		},
		{
			"from": [7, 1.75, 8],
			"to": [8, 2.25, 10],
			"rotation": {"angle": 0, "axis": "y", "origin": [7, 0, 13]},
			"faces": {
				"north": {"uv": [10.5, 6.5, 10, 7], "texture": "#0"},
				"east": {"uv": [4.5, 2.5, 3.5, 3], "texture": "#0"},
				"south": {"uv": [10.5, 6, 10, 6.5], "texture": "#0"},
				"west": {"uv": [9.5, 7.5, 8.5, 8], "texture": "#0"},
				"up": {"uv": [8.5, 8.5, 8, 9.5], "texture": "#0"},
				"down": {"uv": [9, 9, 8.5, 8], "texture": "#0"}
			}
		},
		{
			"from": [7, 0, 8],
			"to": [8, 0.5, 10],
			"rotation": {"angle": 0, "axis": "y", "origin": [7, -1.75, 13]},
			"faces": {
				"north": {"uv": [11, 4, 10.5, 4.5], "texture": "#0"},
				"east": {"uv": [10.5, 3, 9.5, 3.5], "texture": "#0"},
				"south": {"uv": [4.5, 10.5, 4, 11], "texture": "#0"},
				"west": {"uv": [10.5, 3.5, 9.5, 4], "texture": "#0"},
				"up": {"uv": [4.5, 9.5, 4, 10.5], "texture": "#0"},
				"down": {"uv": [5, 10.5, 4.5, 9.5], "texture": "#0"}
			}
		},
		{
			"from": [9.01, -0.35, 6],
			"to": [10.49, 1.65, 8],
			"rotation": {"angle": 22.5, "axis": "x", "origin": [9, -0.35, 9]},
			"faces": {
				"north": {"uv": [3.5, 9, 3, 10], "texture": "#0"},
				"east": {"uv": [7, 6.5, 6, 7.5], "texture": "#0"},
				"south": {"uv": [3, 9, 2.5, 10], "texture": "#0"},
				"west": {"uv": [1, 7, 0, 8], "texture": "#0"},
				"up": {"uv": [9.5, 3, 9, 4], "texture": "#0"},
				"down": {"uv": [4, 10, 3.5, 9], "texture": "#0"}
			}
		},
		{
			"from": [9, 0, 8],
			"to": [10.5, 2.25, 10],
			"rotation": {"angle": 0, "axis": "y", "origin": [9, 0, 13]},
			"faces": {
				"north": {"uv": [6, 6, 5, 7], "texture": "#0"},
				"east": {"uv": [7, 4.5, 6, 5.5], "texture": "#0"},
				"south": {"uv": [4, 6, 3, 7], "texture": "#0"},
				"west": {"uv": [7, 5.5, 6, 6.5], "texture": "#0"},
				"up": {"uv": [7.5, 2, 6.5, 3], "texture": "#0"},
				"down": {"uv": [7.5, 4, 6.5, 3], "texture": "#0"}
			}
		},
		{
			"from": [7, 0, 10],
			"to": [10.5, 2.25, 11],
			"rotation": {"angle": 0, "axis": "y", "origin": [9, 0, 13]},
			"faces": {
				"north": {"uv": [2, 4.5, 0, 5.5], "texture": "#0"},
				"east": {"uv": [9.5, 4.5, 9, 5.5], "texture": "#0"},
				"south": {"uv": [5.5, 1.5, 3.5, 2.5], "texture": "#0"},
				"west": {"uv": [6.5, 9, 6, 10], "texture": "#0"},
				"up": {"uv": [8, 1, 6, 1.5], "texture": "#0"},
				"down": {"uv": [8.5, 4.5, 6.5, 4], "texture": "#0"}
			}
		},
		{
			"from": [7, 0.5, 8],
			"to": [8, 1.75, 8.5],
			"rotation": {"angle": 0, "axis": "y", "origin": [9, 0, 11]},
			"faces": {
				"north": {"uv": [11, 5.5, 10.5, 6], "texture": "#0"},
				"east": {"uv": [6, 10.5, 5.5, 11], "texture": "#0"},
				"south": {"uv": [11, 5, 10.5, 5.5], "texture": "#0"},
				"west": {"uv": [6.5, 10.5, 6, 11], "texture": "#0"},
				"up": {"uv": [11, 6, 10.5, 6.5], "texture": "#0"},
				"down": {"uv": [7, 11, 6.5, 10.5], "texture": "#0"}
			}
		},
		{
			"from": [7.5, 2.75, 11],
			"to": [8, 3.25, 13.25],
			"rotation": {"angle": -45, "axis": "x", "origin": [6.25, 1.25, 13]},
			"faces": {
				"north": {"uv": [8, 10, 7.5, 10.5], "texture": "#0"},
				"east": {"uv": [7.5, 9, 6.5, 9.5], "texture": "#0"},
				"south": {"uv": [10.5, 7, 10, 7.5], "texture": "#0"},
				"west": {"uv": [10, 8, 9, 8.5], "texture": "#0"},
				"up": {"uv": [8, 9, 7.5, 10], "texture": "#0"},
				"down": {"uv": [9, 10, 8.5, 9], "texture": "#0"}
			}
		},
		{
			"from": [7.5, 2.75, 13.25],
			"to": [8, 3.25, 14],
			"rotation": {"angle": -45, "axis": "x", "origin": [6.25, 1.25, 13]},
			"faces": {
				"north": {"uv": [11, 9, 10.5, 9.5], "texture": "#0"},
				"east": {"uv": [9.5, 10.5, 9, 11], "texture": "#0"},
				"south": {"uv": [11, 8.5, 10.5, 9], "texture": "#0"},
				"west": {"uv": [10, 10.5, 9.5, 11], "texture": "#0"},
				"up": {"uv": [11, 9.5, 10.5, 10], "texture": "#0"},
				"down": {"uv": [10.5, 11, 10, 10.5], "texture": "#0"}
			}
		},
		{
			"from": [7.25, 2.75, 14],
			"to": [8.25, 3.25, 17],
			"rotation": {"angle": -45, "axis": "x", "origin": [6.25, 1.25, 13]},
			"faces": {
				"north": {"uv": [9, 10.5, 8.5, 11], "texture": "#0"},
				"east": {"uv": [9, 3, 7.5, 3.5], "texture": "#0"},
				"south": {"uv": [11, 8, 10.5, 8.5], "texture": "#0"},
				"west": {"uv": [9, 3.5, 7.5, 4], "texture": "#0"},
				"up": {"uv": [1, 8, 0.5, 9.5], "texture": "#0"},
				"down": {"uv": [4.5, 9.5, 4, 8], "texture": "#0"}
			}
		},
		{
			"from": [7.51, 0.6, 11.5],
			"to": [7.99, 1.85, 11.75],
			"rotation": {"angle": 22.5, "axis": "x", "origin": [6.25, 1.35, 13.5]},
			"faces": {
				"north": {"uv": [10.5, 9, 10, 9.5], "texture": "#0"},
				"east": {"uv": [9.5, 10, 9, 10.5], "texture": "#0"},
				"south": {"uv": [10.5, 8.5, 10, 9], "texture": "#0"},
				"west": {"uv": [10, 10, 9.5, 10.5], "texture": "#0"},
				"up": {"uv": [10.5, 9.5, 10, 10], "texture": "#0"},
				"down": {"uv": [10.5, 10.5, 10, 10], "texture": "#0"}
			}
		},
		{
			"from": [7.51, 0.6, 11.25],
			"to": [7.99, 1.6, 11.5],
			"rotation": {"angle": 22.5, "axis": "x", "origin": [6.25, 1.35, 13.5]},
			"faces": {
				"north": {"uv": [1.5, 10.5, 1, 11], "texture": "#0"},
				"east": {"uv": [1, 10.5, 0.5, 11], "texture": "#0"},
				"south": {"uv": [0.5, 10.5, 0, 11], "texture": "#0"},
				"west": {"uv": [2, 10.5, 1.5, 11], "texture": "#0"},
				"up": {"uv": [2.5, 10.5, 2, 11], "texture": "#0"},
				"down": {"uv": [11, 2.5, 10.5, 2], "texture": "#0"}
			}
		},
		{
			"from": [7.375, 1.75, 14.5],
			"to": [8.125, 2.75, 16.75],
			"rotation": {"angle": -45, "axis": "x", "origin": [6, 1.25, 13]},
			"faces": {
				"north": {"uv": [9, 10, 8.5, 10.5], "texture": "#0"},
				"east": {"uv": [14.5, 8.5, 12, 9], "texture": "#0"},
				"south": {"uv": [10.5, 8, 10, 8.5], "texture": "#0"},
				"west": {"uv": [14.5, 9, 12, 9.5], "texture": "#0"},
				"up": {"uv": [13, 10, 12.5, 12.5], "texture": "#0"},
				"down": {"uv": [12.5, 12.5, 12, 10], "texture": "#0"}
			}
		},
		{
			"from": [9.25, 2, 7.5],
			"to": [10.25, 4, 10],
			"rotation": {"angle": 0, "axis": "y", "origin": [9.25, 2, 10]},
			"faces": {
				"north": {"uv": [10, 2, 9.5, 3], "texture": "#0"},
				"east": {"uv": [5, 4.5, 3.5, 5.5], "texture": "#0"},
				"south": {"uv": [10, 1, 9.5, 2], "texture": "#0"},
				"west": {"uv": [6, 3.5, 4.5, 4.5], "texture": "#0"},
				"up": {"uv": [2, 7, 1.5, 8.5], "texture": "#0"},
				"down": {"uv": [3.5, 8.5, 3, 7], "texture": "#0"}
			}
		},
		{
			"from": [9.255, 4, 7.5],
			"to": [10.235, 7, 10],
			"rotation": {"angle": -22.5, "axis": "x", "origin": [9.25, 4, 10]},
			"faces": {
				"north": {"uv": [5.5, 7, 5, 8.5], "texture": "#0"},
				"east": {"uv": [3.5, 0, 2, 1.5], "texture": "#0"},
				"south": {"uv": [4, 7, 3.5, 8.5], "texture": "#0"},
				"west": {"uv": [3.5, 1.5, 2, 3], "texture": "#0"},
				"up": {"uv": [6, 7, 5.5, 8.5], "texture": "#0"},
				"down": {"uv": [7.5, 7.5, 7, 6], "texture": "#0"}
			}
		},
		{
			"from": [9.25, 7, 7.5],
			"to": [10.25, 8, 10.5],
			"rotation": {"angle": -22.5, "axis": "x", "origin": [9.25, 4, 10]},
			"faces": {
				"north": {"uv": [11, 2.5, 10.5, 3], "texture": "#0"},
				"east": {"uv": [9, 2, 7.5, 2.5], "texture": "#0"},
				"south": {"uv": [3, 10.5, 2.5, 11], "texture": "#0"},
				"west": {"uv": [9, 2.5, 7.5, 3], "texture": "#0"},
				"up": {"uv": [6.5, 7.5, 6, 9], "texture": "#0"},
				"down": {"uv": [8, 7.5, 7.5, 6], "texture": "#0"}
			}
		},
		{
			"from": [9.25, 8.75, 5],
			"to": [10.25, 9.25, 9.75],
			"rotation": {"angle": -22.5, "axis": "x", "origin": [9.25, 4, 10]},
			"faces": {
				"north": {"uv": [11.5, 3, 11, 3.5], "texture": "#0"},
				"east": {"uv": [8, 1.5, 5.5, 2], "texture": "#0"},
				"south": {"uv": [3.5, 11, 3, 11.5], "texture": "#0"},
				"west": {"uv": [4.5, 5.5, 2, 6], "texture": "#0"},
				"up": {"uv": [5, 5.5, 4.5, 8], "texture": "#0"},
				"down": {"uv": [2.5, 8.5, 2, 6], "texture": "#0"}
			}
		},
		{
			"from": [7.25, 9.25, 7.75],
			"to": [10.25, 10.25, 8.75],
			"rotation": {"angle": -22.5, "axis": "x", "origin": [9.25, 4, 10]},
			"faces": {
				"north": {"uv": [9.5, 1.5, 8, 2], "texture": "#0"},
				"east": {"uv": [4, 11, 3.5, 11.5], "texture": "#0"},
				"south": {"uv": [9.5, 1, 8, 1.5], "texture": "#0"},
				"west": {"uv": [11.5, 3.5, 11, 4], "texture": "#0"},
				"up": {"uv": [9.5, 6, 8, 6.5], "texture": "#0"},
				"down": {"uv": [9.5, 7, 8, 6.5], "texture": "#0"}
			}
		},
		{
			"from": [7.6, 10.25, 7.85],
			"to": [8.4, 11.75, 8.65],
			"rotation": {"angle": -22.5, "axis": "x", "origin": [9.25, 4, 10]},
			"faces": {
				"north": {"uv": [4, 10, 3.5, 11], "texture": "#0"},
				"east": {"uv": [3.5, 10, 3, 11], "texture": "#0"},
				"south": {"uv": [10.5, 2, 10, 3], "texture": "#0"},
				"west": {"uv": [5.5, 10, 5, 11], "texture": "#0"},
				"up": {"uv": [5, 11, 4.5, 11.5], "texture": "#0"},
				"down": {"uv": [11.5, 5, 11, 4.5], "texture": "#0"}
			}
		},
		{
			"from": [8.25, 9.25, 3],
			"to": [10.25, 10.25, 7.75],
			"rotation": {"angle": -22.5, "axis": "x", "origin": [9.25, 4, 10]},
			"faces": {
				"north": {"uv": [11, 0.5, 10, 1], "texture": "#0"},
				"east": {"uv": [8.5, 0, 6, 0.5], "texture": "#0"},
				"south": {"uv": [11, 0, 10, 0.5], "texture": "#0"},
				"west": {"uv": [8.5, 0.5, 6, 1], "texture": "#0"},
				"up": {"uv": [1, 0, 0, 2.5], "texture": "#0"},
				"down": {"uv": [2, 2.5, 1, 0], "texture": "#0"}
			}
		},
		{
			"from": [8.25, 1.1, 3.01],
			"to": [10.25, 2.1, 5.76],
			"rotation": {"angle": 22.5, "axis": "x", "origin": [9.25, 7.5, 10]},
			"faces": {
				"north": {"uv": [3, 10, 2, 10.5], "texture": "#0"},
				"east": {"uv": [10, 0, 8.5, 0.5], "texture": "#0"},
				"south": {"uv": [11, 1.5, 10, 2], "texture": "#0"},
				"west": {"uv": [10, 0.5, 8.5, 1], "texture": "#0"},
				"up": {"uv": [1, 5.5, 0, 7], "texture": "#0"},
				"down": {"uv": [2, 7, 1, 5.5], "texture": "#0"}
			}
		},
		{
			"from": [8.255, 4.25, 1.1],
			"to": [10.235, 7.1, 2.5],
			"rotation": {"angle": 0, "axis": "y", "origin": [9.25, 1, 8]},
			"faces": {
				"north": {"uv": [6, 4.5, 5, 6], "texture": "#0"},
				"east": {"uv": [5, 8, 4.5, 9.5], "texture": "#0"},
				"south": {"uv": [6, 0, 5, 1.5], "texture": "#0"},
				"west": {"uv": [8.5, 7, 8, 8.5], "texture": "#0"},
				"up": {"uv": [2, 10, 1, 10.5], "texture": "#0"},
				"down": {"uv": [11, 1.5, 10, 1], "texture": "#0"}
			}
		},
		{
			"from": [7.75, 4.15, -0.4],
			"to": [10.75, 7.15, 1.1],
			"rotation": {"angle": 0, "axis": "y", "origin": [9.25, 1.5, 5.75]},
			"faces": {
				"north": {"uv": [3, 3, 1.5, 4.5], "texture": "#0"},
				"east": {"uv": [2, 8.5, 1.5, 10], "texture": "#0"},
				"south": {"uv": [1.5, 2.5, 0, 4], "texture": "#0"},
				"west": {"uv": [2.5, 8.5, 2, 10], "texture": "#0"},
				"up": {"uv": [4, 8.5, 2.5, 9], "texture": "#0"},
				"down": {"uv": [10, 4.5, 8.5, 4], "texture": "#0"}
			}
		},
		{
			"from": [8, 4.4, -0.9],
			"to": [10.5, 6.9, -0.4],
			"rotation": {"angle": 0, "axis": "y", "origin": [9.25, 1.5, 4.5]},
			"faces": {
				"north": {"uv": [5, 0, 3.5, 1.5], "texture": "#0"},
				"east": {"uv": [5.5, 8.5, 5, 10], "texture": "#0"},
				"south": {"uv": [4.5, 3, 3, 4.5], "texture": "#0"},
				"west": {"uv": [6, 8.5, 5.5, 10], "texture": "#0"},
				"up": {"uv": [10, 5.5, 8.5, 6], "texture": "#0"},
				"down": {"uv": [10, 7.5, 8.5, 7], "texture": "#0"}
			}
		},
		{
			"from": [7.35, 8.75, 6.5],
			"to": [8.15, 9.25, 10.75],
			"rotation": {"angle": 0, "axis": "y", "origin": [9.25, 3, 10]},
			"faces": {
				"north": {"uv": [11.5, 4, 11, 4.5], "texture": "#0"},
				"east": {"uv": [9, 4.5, 7, 5], "texture": "#0"},
				"south": {"uv": [4.5, 11, 4, 11.5], "texture": "#0"},
				"west": {"uv": [9, 5, 7, 5.5], "texture": "#0"},
				"up": {"uv": [4.5, 6, 4, 8], "texture": "#0"},
				"down": {"uv": [1.5, 9, 1, 7], "texture": "#0"}
			}
		},
		{
			"from": [9.25, 7.25, 5],
			"to": [10.25, 8, 7],
			"rotation": {"angle": -22.5, "axis": "x", "origin": [9.25, 4, 10]},
			"faces": {
				"north": {"uv": [11, 10.5, 10.5, 11], "texture": "#0"},
				"east": {"uv": [10.5, 7.5, 9.5, 8], "texture": "#0"},
				"south": {"uv": [11, 10, 10.5, 10.5], "texture": "#0"},
				"west": {"uv": [10, 9.5, 9, 10], "texture": "#0"},
				"up": {"uv": [7.5, 9.5, 7, 10.5], "texture": "#0"},
				"down": {"uv": [8.5, 10.5, 8, 9.5], "texture": "#0"}
			}
		},
		{
			"from": [9.25, 8, 5],
			"to": [10.25, 8.75, 5.5],
			"rotation": {"angle": -22.5, "axis": "x", "origin": [9.25, 4, 10]},
			"faces": {
				"north": {"uv": [1, 11, 0.5, 11.5], "texture": "#0"},
				"east": {"uv": [11.5, 0, 11, 0.5], "texture": "#0"},
				"south": {"uv": [0.5, 11, 0, 11.5], "texture": "#0"},
				"west": {"uv": [11.5, 0.5, 11, 1], "texture": "#0"},
				"up": {"uv": [1.5, 11, 1, 11.5], "texture": "#0"},
				"down": {"uv": [11.5, 1.5, 11, 1], "texture": "#0"}
			}
		},
		{
			"from": [9.25, 8, 8.75],
			"to": [10.25, 8.75, 9.75],
			"rotation": {"angle": -22.5, "axis": "x", "origin": [9.25, 4, 10]},
			"faces": {
				"north": {"uv": [2.5, 11, 2, 11.5], "texture": "#0"},
				"east": {"uv": [11.5, 1.5, 11, 2], "texture": "#0"},
				"south": {"uv": [2, 11, 1.5, 11.5], "texture": "#0"},
				"west": {"uv": [11.5, 2, 11, 2.5], "texture": "#0"},
				"up": {"uv": [3, 11, 2.5, 11.5], "texture": "#0"},
				"down": {"uv": [11.5, 3, 11, 2.5], "texture": "#0"}
			}
		},
		{
			"from": [9.25, 6.25, 7],
			"to": [10.25, 8.75, 7.5],
			"rotation": {"angle": -22.5, "axis": "x", "origin": [9.25, 4, 10]},
			"faces": {
				"north": {"uv": [8, 7.5, 7.5, 9], "texture": "#0"},
				"east": {"uv": [7.5, 7.5, 7, 9], "texture": "#0"},
				"south": {"uv": [7, 7.5, 6.5, 9], "texture": "#0"},
				"west": {"uv": [0.5, 8, 0, 9.5], "texture": "#0"},
				"up": {"uv": [11, 3, 10.5, 3.5], "texture": "#0"},
				"down": {"uv": [11, 4, 10.5, 3.5], "texture": "#0"}
			}
		},
		{
			"from": [7.5, 4.75, 9],
			"to": [8, 4.75, 14.25],
			"rotation": {"angle": 45, "axis": "x", "origin": [7.25, 5, 15]},
			"faces": {
				"north": {"uv": [0.5, 0, 0, 0], "texture": "#0"},
				"east": {"uv": [2.5, 0, 0, 0], "texture": "#0"},
				"south": {"uv": [0.5, 0, 0, 0], "texture": "#0"},
				"west": {"uv": [2.5, 0, 0, 0], "texture": "#0"},
				"up": {"uv": [6.5, 2, 6, 4.5], "texture": "#0"},
				"down": {"uv": [3, 8.5, 2.5, 6], "texture": "#0"}
			}
		},
		{
			"from": [9.75, 4.5, 5.5],
			"to": [9.75, 5.75, 6],
			"rotation": {"angle": 22.5, "axis": "x", "origin": [9.75, 4.5, 6.25]},
			"faces": {
				"north": {"uv": [0, 0, 0, 0.5], "texture": "#0"},
				"east": {"uv": [5.5, 11, 5, 11.5], "texture": "#0"},
				"south": {"uv": [0, 0, 0, 0.5], "texture": "#0"},
				"west": {"uv": [11.5, 5, 11, 5.5], "texture": "#0"},
				"up": {"uv": [0, 0, 0, 0.5], "texture": "#0"},
				"down": {"uv": [0, 0.5, 0, 0], "texture": "#0"}
			}
		}
	],
	"display": {
		"thirdperson_righthand": {
			"rotation": [21, 0, 0],
			"translation": [-1.25, 1.5, 3]
		},
		"thirdperson_lefthand": {
			"rotation": [21, 0, 0],
			"translation": [1.25, 1.5, 3]
		},
		"firstperson_righthand": {
			"translation": [-1.25, 3, 3.5]
		},
		"firstperson_lefthand": {
			"translation": [-1.25, 3, 3.5]
		},
		"gui": {
			"rotation": [31, -132, 13],
			"translation": [0, 3, 0]
		}
	}
}