{
	"format_version": "1.21.6",
	"credit": "Made with Blockbench",
	"texture_size": [64, 64],
	"textures": {
		"0": "kl:item/rl2l",
		"particle": "kl:item/rl2l"
	},
	"elements": [
		{
			"from": [7, 0, 7],
			"to": [9, 4, 9],
			"rotation": {"angle": 0, "axis": "y", "origin": [7, -6, 7]},
			"faces": {
				"north": {"uv": [7, 3.5, 7.5, 4.5], "texture": "#0"},
				"east": {"uv": [0.5, 7.25, 1, 8.25], "texture": "#0"},
				"south": {"uv": [1, 7.25, 1.5, 8.25], "texture": "#0"},
				"west": {"uv": [1.5, 7.25, 2, 8.25], "texture": "#0"},
				"up": {"uv": [1, 8.75, 0.5, 8.25], "texture": "#0"},
				"down": {"uv": [1.5, 8.25, 1, 8.75], "texture": "#0"}
			}
		},
		{
			"from": [7.25, 3.5, 3.5],
			"to": [8.75, 9.5, 5],
			"rotation": {"angle": 45, "axis": "x", "origin": [7, -3, 3]},
			"faces": {
				"north": {"uv": [5, 7, 5.5, 8.5], "texture": "#0"},
				"east": {"uv": [5.5, 7, 6, 8.5], "texture": "#0"},
				"south": {"uv": [7, 6.25, 7.5, 7.75], "texture": "#0"},
				"west": {"uv": [0, 7.25, 0.5, 8.75], "texture": "#0"},
				"up": {"uv": [8.75, 6.75, 8.25, 6.25], "texture": "#0"},
				"down": {"uv": [8.75, 6.75, 8.25, 7.25], "texture": "#0"}
			}
		},
		{
			"from": [7.25, -2.25, 6],
			"to": [8.75, -0.75, 10.03],
			"rotation": {"angle": 45, "axis": "x", "origin": [7, 0, 18]},
			"faces": {
				"north": {"uv": [8.25, 7.25, 8.75, 7.75], "texture": "#0"},
				"east": {"uv": [6, 7.25, 7, 7.75], "texture": "#0"},
				"south": {"uv": [8.25, 7.75, 8.75, 8.25], "texture": "#0"},
				"west": {"uv": [7.5, 3.5, 8.5, 4], "texture": "#0"},
				"up": {"uv": [8, 5, 7.5, 4], "texture": "#0"},
				"down": {"uv": [8, 5, 7.5, 6], "texture": "#0"}
			}
		},
		{
			"from": [7, 13, 7],
			"to": [9, 16, 9],
			"rotation": {"angle": 0, "axis": "y", "origin": [7, 0, 7]},
			"faces": {
				"north": {"uv": [6, 7.75, 6.5, 8.5], "texture": "#0"},
				"east": {"uv": [6.5, 7.75, 7, 8.5], "texture": "#0"},
				"south": {"uv": [7, 7.75, 7.5, 8.5], "texture": "#0"},
				"west": {"uv": [8, 4, 8.5, 4.75], "texture": "#0"},
				"up": {"uv": [8.75, 5.75, 8.25, 5.25], "texture": "#0"},
				"down": {"uv": [8.75, 5.75, 8.25, 6.25], "texture": "#0"}
			}
		},
		{
			"from": [6.25, 6, 6.25],
			"to": [9.75, 13, 9.75],
			"rotation": {"angle": 0, "axis": "y", "origin": [7, -3, 7]},
			"faces": {
				"north": {"uv": [5, 3.5, 6, 5.25], "texture": "#0"},
				"east": {"uv": [5, 5.25, 6, 7], "texture": "#0"},
				"south": {"uv": [0, 5.5, 1, 7.25], "texture": "#0"},
				"west": {"uv": [1, 5.5, 2, 7.25], "texture": "#0"},
				"up": {"uv": [7, 7.25, 6, 6.25], "texture": "#0"},
				"down": {"uv": [3, 6.75, 2, 7.75], "texture": "#0"}
			}
		},
		{
			"from": [8.75, 5.5, 5.75],
			"to": [9.25, 9, 9.25],
			"rotation": {"angle": 0, "axis": "y", "origin": [6.5, -3, 7]},
			"faces": {
				"north": {"uv": [8, 4.75, 8.25, 6], "texture": "#0"},
				"east": {"uv": [2, 5.5, 3, 6.75], "texture": "#0"},
				"south": {"uv": [8, 6, 8.25, 7.25], "texture": "#0"},
				"west": {"uv": [3, 5.5, 4, 6.75], "texture": "#0"},
				"up": {"uv": [8, 9, 7.75, 8], "texture": "#0"},
				"down": {"uv": [8.5, 8.25, 8.25, 9.25], "texture": "#0"}
			}
		},
		{
			"from": [6.75, 5.5, 5.75],
			"to": [7.25, 9, 9.25],
			"rotation": {"angle": 0, "axis": "y", "origin": [4.5, -3, 7]},
			"faces": {
				"north": {"uv": [8, 7.25, 8.25, 8.5], "texture": "#0"},
				"east": {"uv": [4, 5.5, 5, 6.75], "texture": "#0"},
				"south": {"uv": [7.5, 8, 7.75, 9.25], "texture": "#0"},
				"west": {"uv": [6, 3.5, 7, 4.75], "texture": "#0"},
				"up": {"uv": [8.75, 4.5, 8.5, 3.5], "texture": "#0"},
				"down": {"uv": [5.25, 8.5, 5, 9.5], "texture": "#0"}
			}
		},
		{
			"from": [7.25, 8.5, 5.75],
			"to": [8.75, 9, 6.25],
			"rotation": {"angle": 0, "axis": "y", "origin": [4.5, -4, 7]},
			"faces": {
				"north": {"uv": [7, 4.5, 7.5, 4.75], "texture": "#0"},
				"east": {"uv": [7.25, 8.5, 7.5, 8.75], "texture": "#0"},
				"south": {"uv": [8.5, 4.5, 9, 4.75], "texture": "#0"},
				"west": {"uv": [8, 8.5, 8.25, 8.75], "texture": "#0"},
				"up": {"uv": [9, 8.5, 8.5, 8.25], "texture": "#0"},
				"down": {"uv": [9, 8.5, 8.5, 8.75], "texture": "#0"}
			}
		},
		{
			"from": [9, 3, 7],
			"to": [11, 27, 9],
			"rotation": {"angle": 20, "axis": "z", "origin": [8, 15, 8.03033]},
			"faces": {
				"north": {"uv": [5, 1.5, 11, 2], "rotation": 270, "texture": "#0"},
				"east": {"uv": [11, 3, 5, 2.5], "rotation": 90, "texture": "#0"},
				"south": {"uv": [5, 2, 11, 2.5], "rotation": 90, "texture": "#0"},
				"west": {"uv": [11, 3, 5, 3.5], "rotation": 90, "texture": "#0"},
				"up": {"uv": [8.25, 4.75, 8.75, 5.25], "rotation": 90, "texture": "#0"},
				"down": {"uv": [1.5, 8.25, 2, 8.75], "rotation": 90, "texture": "#0"}
			}
		},
		{
			"from": [11, 25, 7],
			"to": [15, 27, 9],
			"rotation": {"angle": 20, "axis": "z", "origin": [8, 15, 8.03033]},
			"faces": {
				"north": {"uv": [7.5, 6, 8, 7], "rotation": 270, "texture": "#0"},
				"east": {"uv": [5.75, 9, 5.25, 8.5], "rotation": 90, "texture": "#0"},
				"south": {"uv": [2, 7.75, 2.5, 8.75], "rotation": 90, "texture": "#0"},
				"west": {"uv": [6.25, 8.5, 5.75, 9], "rotation": 90, "texture": "#0"},
				"up": {"uv": [2.5, 7.75, 3, 8.75], "rotation": 90, "texture": "#0"},
				"down": {"uv": [7.5, 7, 8, 8], "rotation": 90, "texture": "#0"}
			}
		},
		{
			"from": [11, 3, 7],
			"to": [15, 5, 9],
			"rotation": {"angle": 20, "axis": "z", "origin": [8, 15, 8.03033]},
			"faces": {
				"north": {"uv": [3, 7.75, 3.5, 8.75], "rotation": 270, "texture": "#0"},
				"east": {"uv": [6.75, 9, 6.25, 8.5], "rotation": 90, "texture": "#0"},
				"south": {"uv": [4, 7.75, 4.5, 8.75], "rotation": 90, "texture": "#0"},
				"west": {"uv": [7.25, 8.5, 6.75, 9], "rotation": 90, "texture": "#0"},
				"up": {"uv": [4.5, 7.75, 5, 8.75], "rotation": 90, "texture": "#0"},
				"down": {"uv": [3.5, 7.75, 4, 8.75], "rotation": 90, "texture": "#0"}
			}
		},
		{
			"from": [13, 5, 6],
			"to": [17, 25, 10],
			"rotation": {"angle": 20, "axis": "z", "origin": [8, 15, 8.03033]},
			"faces": {
				"north": {"uv": [5, 3, 0, 2], "rotation": 90, "texture": "#0"},
				"east": {"uv": [0, 1, 5, 2], "rotation": 90, "texture": "#0"},
				"south": {"uv": [5, 3, 0, 4], "rotation": 90, "texture": "#0"},
				"west": {"uv": [0, 0, 5, 1], "rotation": 270, "texture": "#0"},
				"up": {"uv": [4, 6.75, 5, 7.75], "texture": "#0"},
				"down": {"uv": [3, 6.75, 4, 7.75], "rotation": 180, "texture": "#0"}
			}
		},
		{
			"from": [6, 13, 7],
			"to": [12, 13, 10],
			"rotation": {"angle": 22.5, "axis": "y", "origin": [6, 13, 5]},
			"faces": {
				"north": {"uv": [0, 0, 1.5, 0], "texture": "#0"},
				"east": {"uv": [0, 0, 0.75, 0], "texture": "#0"},
				"south": {"uv": [0, 0, 1.5, 0], "texture": "#0"},
				"west": {"uv": [0, 0, 0.75, 0], "texture": "#0"},
				"up": {"uv": [7.5, 5.5, 6, 4.75], "texture": "#0"},
				"down": {"uv": [7.5, 5.5, 6, 6.25], "texture": "#0"}
			}
		},
		{
			"from": [11, 21, 7],
			"to": [12, 23, 7],
			"rotation": {"angle": 20, "axis": "z", "origin": [8, 15, 8.03033]},
			"faces": {
				"north": {"uv": [0, 8.75, 0.5, 9], "rotation": 270, "texture": "#0"},
				"east": {"uv": [0.5, 0, 0, 0], "rotation": 90, "texture": "#0"},
				"south": {"uv": [0.5, 8.75, 1, 9], "rotation": 90, "texture": "#0"},
				"west": {"uv": [0.5, 0, 0, 0], "rotation": 90, "texture": "#0"},
				"up": {"uv": [0, 0, 0, 0.25], "rotation": 90, "texture": "#0"},
				"down": {"uv": [0, 0, 0, 0.25], "rotation": 90, "texture": "#0"}
			}
		},
		{
			"from": [11, 21, 9],
			"to": [12, 23, 9],
			"rotation": {"angle": 20, "axis": "z", "origin": [8, 15, 8.03033]},
			"faces": {
				"north": {"uv": [2, 8.75, 2.5, 9], "rotation": 270, "texture": "#0"},
				"east": {"uv": [0.5, 0, 0, 0], "rotation": 90, "texture": "#0"},
				"south": {"uv": [2.5, 8.75, 3, 9], "rotation": 90, "texture": "#0"},
				"west": {"uv": [0.5, 0, 0, 0], "rotation": 90, "texture": "#0"},
				"up": {"uv": [0, 0, 0, 0.25], "rotation": 90, "texture": "#0"},
				"down": {"uv": [0, 0, 0, 0.25], "rotation": 90, "texture": "#0"}
			}
		},
		{
			"from": [11, 7, 9],
			"to": [12, 9, 9],
			"rotation": {"angle": 20, "axis": "z", "origin": [8, 15, 8.03033]},
			"faces": {
				"north": {"uv": [3, 8.75, 3.5, 9], "rotation": 270, "texture": "#0"},
				"east": {"uv": [0.5, 0, 0, 0], "rotation": 90, "texture": "#0"},
				"south": {"uv": [3.5, 8.75, 4, 9], "rotation": 90, "texture": "#0"},
				"west": {"uv": [0.5, 0, 0, 0], "rotation": 90, "texture": "#0"},
				"up": {"uv": [0, 0, 0, 0.25], "rotation": 90, "texture": "#0"},
				"down": {"uv": [0, 0, 0, 0.25], "rotation": 90, "texture": "#0"}
			}
		},
		{
			"from": [11, 7, 7],
			"to": [12, 9, 7],
			"rotation": {"angle": 20, "axis": "z", "origin": [8, 15, 8.03033]},
			"faces": {
				"north": {"uv": [1, 8.75, 1.5, 9], "rotation": 270, "texture": "#0"},
				"east": {"uv": [0.5, 0, 0, 0], "rotation": 90, "texture": "#0"},
				"south": {"uv": [1.5, 8.75, 2, 9], "rotation": 90, "texture": "#0"},
				"west": {"uv": [0.5, 0, 0, 0], "rotation": 90, "texture": "#0"},
				"up": {"uv": [0, 0, 0, 0.25], "rotation": 90, "texture": "#0"},
				"down": {"uv": [0, 0, 0, 0.25], "rotation": 90, "texture": "#0"}
			}
		},
		{
			"from": [12, 5, 5.88756],
			"to": [15, 25, 5.88756],
			"rotation": {"angle": 20, "axis": "z", "origin": [8, 15, 8.03033]},
			"faces": {
				"north": {"uv": [0, 4, 5, 4.75], "rotation": 270, "texture": "#0"},
				"east": {"uv": [5, 0, 0, 0], "rotation": 90, "texture": "#0"},
				"south": {"uv": [0, 4.75, 5, 5.5], "rotation": 90, "texture": "#0"},
				"west": {"uv": [5, 0, 0, 0], "rotation": 90, "texture": "#0"},
				"up": {"uv": [0, 0, 0, 0.75], "rotation": 90, "texture": "#0"},
				"down": {"uv": [0, 0, 0, 0.75], "rotation": 90, "texture": "#0"}
			}
		},
		{
			"from": [12, 5, 5.9],
			"to": [12, 25, 9],
			"rotation": {"angle": 20, "axis": "z", "origin": [8, 15, 8.03033]},
			"faces": {
				"north": {"uv": [0, 0, 5, 0], "rotation": 270, "texture": "#0"},
				"east": {"uv": [10, 0.75, 5, 0], "rotation": 90, "texture": "#0"},
				"south": {"uv": [0, 0, 5, 0], "rotation": 90, "texture": "#0"},
				"west": {"uv": [10, 0.75, 5, 1.5], "rotation": 90, "texture": "#0"},
				"up": {"uv": [0, 0, 0.75, 0], "rotation": 90, "texture": "#0"},
				"down": {"uv": [0, 0, 0.75, 0], "rotation": 90, "texture": "#0"}
			}
		}
	],
	"display": {
		"thirdperson_righthand": {
			"rotation": [89.23, -90, 0.44],
			"translation": [0.25, 0, 7.5]
		},
		"thirdperson_lefthand": {
			"rotation": [-68, 0, 0],
			"translation": [0, 1, -3]
		},
		"firstperson_righthand": {
			"rotation": [43, -90, 0.44],
			"translation": [0.25, 0, 2.25]
		},
		"firstperson_lefthand": {
			"rotation": [43, 90, 0.44],
			"translation": [0.25, 0, 2.25]
		},
		"gui": {
			"rotation": [-175.82, 30.25, 169.54],
			"translation": [0.5, -3, 0],
			"scale": [0.6, 0.6, 0.6]
		}
	}
}