{
	"format_version": "1.21.6",
	"credit": "Made with Blockbench",
	"texture_size": [64, 64],
	"textures": {
		"0": "kl:item/rl3l",
		"particle": "kl:item/rl3l"
	},
	"elements": [
		{
			"from": [7, 3, 7],
			"to": [9, 10.5, 9],
			"rotation": {"angle": 0, "axis": "y", "origin": [7.25, -4, 9]},
			"faces": {
				"north": {"uv": [7.5, 9, 8, 11], "texture": "#0"},
				"east": {"uv": [0, 9.25, 0.5, 11.25], "texture": "#0"},
				"south": {"uv": [9.25, 0, 9.75, 2], "texture": "#0"},
				"west": {"uv": [0.5, 9.25, 1, 11.25], "texture": "#0"},
				"up": {"uv": [5.25, 12, 4.75, 11.5], "texture": "#0"},
				"down": {"uv": [12, 6, 11.5, 6.5], "texture": "#0"}
			}
		},
		{
			"from": [6.75, 0, 6.75],
			"to": [9.25, 3.5, 9.25],
			"rotation": {"angle": 0, "axis": "y", "origin": [7.25, -7, 9]},
			"faces": {
				"north": {"uv": [10, 8.75, 10.75, 9.75], "texture": "#0"},
				"east": {"uv": [10, 9.75, 10.75, 10.75], "texture": "#0"},
				"south": {"uv": [10.25, 0, 11, 1], "texture": "#0"},
				"west": {"uv": [1, 10.25, 1.75, 11.25], "texture": "#0"},
				"up": {"uv": [11.75, 3.25, 11, 2.5], "texture": "#0"},
				"down": {"uv": [3.75, 11, 3, 11.75], "texture": "#0"}
			}
		},
		{
			"from": [6.5, 7, 6.5],
			"to": [10, 9.5, 7],
			"rotation": {"angle": 0, "axis": "y", "origin": [7, 7, 7]},
			"faces": {
				"north": {"uv": [5.5, 9.75, 6.5, 10.5], "texture": "#0"},
				"east": {"uv": [5.25, 11.5, 5.5, 12.25], "texture": "#0"},
				"south": {"uv": [10, 8, 11, 8.75], "texture": "#0"},
				"west": {"uv": [7.5, 11.5, 7.75, 12.25], "texture": "#0"},
				"up": {"uv": [12.5, 6.75, 11.5, 6.5], "texture": "#0"},
				"down": {"uv": [12.5, 6.75, 11.5, 7], "texture": "#0"}
			}
		},
		{
			"from": [9.5, 7, 7],
			"to": [10, 9.5, 9.5],
			"rotation": {"angle": 0, "axis": "y", "origin": [9.5, 7, 8]},
			"faces": {
				"north": {"uv": [7.75, 11.5, 8, 12.25], "texture": "#0"},
				"east": {"uv": [10.25, 6.75, 11, 7.5], "texture": "#0"},
				"south": {"uv": [8, 11.5, 8.25, 12.25], "texture": "#0"},
				"west": {"uv": [5.5, 10.5, 6.25, 11.25], "texture": "#0"},
				"up": {"uv": [8.5, 12.25, 8.25, 11.5], "texture": "#0"},
				"down": {"uv": [8.75, 11.5, 8.5, 12.25], "texture": "#0"}
			}
		},
		{
			"from": [6.5, 7, 7],
			"to": [7, 9.5, 10],
			"rotation": {"angle": 0, "axis": "y", "origin": [6.5, 7, 8]},
			"faces": {
				"north": {"uv": [11.5, 8.75, 11.75, 9.5], "texture": "#0"},
				"east": {"uv": [10.75, 1, 11.5, 1.75], "texture": "#0"},
				"south": {"uv": [9, 11.5, 9.25, 12.25], "texture": "#0"},
				"west": {"uv": [10.75, 8.75, 11.5, 9.5], "texture": "#0"},
				"up": {"uv": [9.5, 12.25, 9.25, 11.5], "texture": "#0"},
				"down": {"uv": [9.75, 11.5, 9.5, 12.25], "texture": "#0"}
			}
		},
		{
			"from": [7.5, 12, 10.25],
			"to": [8.5, 16, 10.25],
			"rotation": {"angle": 0, "axis": "y", "origin": [8, 12, 9.5]},
			"faces": {
				"north": {"uv": [9.75, 11, 10, 12], "texture": "#0"},
				"east": {"uv": [0, 0, 0, 1], "texture": "#0"},
				"south": {"uv": [6, 11.25, 6.25, 12.25], "texture": "#0"},
				"west": {"uv": [0, 0, 0, 1], "texture": "#0"},
				"up": {"uv": [0.25, 0, 0, 0], "texture": "#0"},
				"down": {"uv": [0.25, 0, 0, 0], "texture": "#0"}
			}
		},
		{
			"from": [7.5, 12, 5.75],
			"to": [8.5, 16, 5.75],
			"rotation": {"angle": 0, "axis": "y", "origin": [8, 12, 4.75]},
			"faces": {
				"north": {"uv": [8.75, 11.25, 9, 12.25], "texture": "#0"},
				"east": {"uv": [0, 0, 0, 1], "texture": "#0"},
				"south": {"uv": [2, 11.5, 2.25, 12.5], "texture": "#0"},
				"west": {"uv": [0, 0, 0, 1], "texture": "#0"},
				"up": {"uv": [0.25, 0, 0, 0], "texture": "#0"},
				"down": {"uv": [0.25, 0, 0, 0], "texture": "#0"}
			}
		},
		{
			"from": [6.75, 10.5, 6.75],
			"to": [9.25, 11, 9.25],
			"rotation": {"angle": 0, "axis": "y", "origin": [7, 10.5, 9]},
			"faces": {
				"north": {"uv": [11.5, 7, 12.25, 7.25], "texture": "#0"},
				"east": {"uv": [11.5, 7.25, 12.25, 7.5], "texture": "#0"},
				"south": {"uv": [11.5, 9.5, 12.25, 9.75], "texture": "#0"},
				"west": {"uv": [11.5, 9.75, 12.25, 10], "texture": "#0"},
				"up": {"uv": [11.5, 10.25, 10.75, 9.5], "texture": "#0"},
				"down": {"uv": [10.75, 10.75, 10, 11.5], "texture": "#0"}
			}
		},
		{
			"from": [6.25, 12, 6.25],
			"to": [9.75, 16, 9.75],
			"rotation": {"angle": 0, "axis": "y", "origin": [7, 12.5, 9]},
			"faces": {
				"north": {"uv": [1, 9.25, 2, 10.25], "texture": "#0"},
				"east": {"uv": [2, 9.25, 3, 10.25], "texture": "#0"},
				"south": {"uv": [9.25, 2, 10.25, 3], "texture": "#0"},
				"west": {"uv": [3, 9.25, 4, 10.25], "texture": "#0"},
				"up": {"uv": [10.25, 7, 9.25, 6], "texture": "#0"},
				"down": {"uv": [10.25, 7, 9.25, 8], "texture": "#0"}
			}
		},
		{
			"from": [5.75, 11, 5.75],
			"to": [10.25, 12, 10.25],
			"rotation": {"angle": 0, "axis": "y", "origin": [7, 11, 9]},
			"faces": {
				"north": {"uv": [11, 8.5, 12.25, 8.75], "texture": "#0"},
				"east": {"uv": [11.25, 4.75, 12.5, 5], "texture": "#0"},
				"south": {"uv": [7.5, 11.25, 8.75, 11.5], "texture": "#0"},
				"west": {"uv": [11.5, 1, 12.75, 1.25], "texture": "#0"},
				"up": {"uv": [9.25, 7.25, 8, 6], "texture": "#0"},
				"down": {"uv": [9.25, 7.25, 8, 8.5], "texture": "#0"}
			}
		},
		{
			"from": [5, 16, 5.25],
			"to": [11, 17, 10.75],
			"rotation": {"angle": 0, "axis": "y", "origin": [7, 10.5, 9]},
			"faces": {
				"north": {"uv": [11, 0.75, 12.5, 1], "texture": "#0"},
				"east": {"uv": [7.5, 11, 9, 11.25], "texture": "#0"},
				"south": {"uv": [11, 8, 12.5, 8.25], "texture": "#0"},
				"west": {"uv": [11, 8.25, 12.5, 8.5], "texture": "#0"},
				"up": {"uv": [3, 9.25, 1.5, 7.75], "texture": "#0"},
				"down": {"uv": [4.5, 7.75, 3, 9.25], "texture": "#0"}
			}
		},
		{
			"from": [6, 17, 6.5],
			"to": [9, 19.25, 9.5],
			"rotation": {"angle": 0, "axis": "y", "origin": [9, 17, 9.5]},
			"faces": {
				"north": {"uv": [9.25, 8, 10, 8.5], "texture": "#0"},
				"east": {"uv": [9, 11, 9.75, 11.5], "texture": "#0"},
				"south": {"uv": [10.75, 11, 11.5, 11.5], "texture": "#0"},
				"west": {"uv": [0, 11.25, 0.75, 11.75], "texture": "#0"},
				"up": {"uv": [11.5, 11, 10.75, 10.25], "texture": "#0"},
				"down": {"uv": [11.75, 0, 11, 0.75], "texture": "#0"}
			}
		},
		{
			"from": [3, 17, 6.5],
			"to": [6, 18.75, 9.5],
			"rotation": {"angle": 0, "axis": "z", "origin": [6, 17, 9.5]},
			"faces": {
				"north": {"uv": [0.75, 11.25, 1.5, 11.75], "texture": "#0"},
				"east": {"uv": [11.25, 3.25, 12, 3.75], "texture": "#0"},
				"south": {"uv": [11.25, 3.75, 12, 4.25], "texture": "#0"},
				"west": {"uv": [11.25, 4.25, 12, 4.75], "texture": "#0"},
				"up": {"uv": [11.75, 2.5, 11, 1.75], "texture": "#0"},
				"down": {"uv": [3, 11, 2.25, 11.75], "texture": "#0"}
			}
		},
		{
			"from": [-4, 17.4, 7.5],
			"to": [3, 18.4, 8.5],
			"rotation": {"angle": 45, "axis": "x", "origin": [2.5, 17.9, 8]},
			"faces": {
				"north": {"uv": [9.25, 3, 11, 3.25], "texture": "#0"},
				"east": {"uv": [9.75, 1.75, 10, 2], "texture": "#0"},
				"south": {"uv": [9.25, 3.25, 11, 3.5], "texture": "#0"},
				"west": {"uv": [10, 1.75, 10.25, 2], "texture": "#0"},
				"up": {"uv": [12, 7.75, 10.25, 7.5], "texture": "#0"},
				"down": {"uv": [12, 7.75, 10.25, 8], "texture": "#0"}
			}
		},
		{
			"from": [-11.5, 16.4, 6.5],
			"to": [-4, 19.4, 9.5],
			"rotation": {"angle": 45, "axis": "x", "origin": [2.5, 17.9, 8]},
			"faces": {
				"north": {"uv": [8, 8.5, 10, 9.25], "texture": "#0"},
				"east": {"uv": [2.25, 10.25, 3, 11], "texture": "#0"},
				"south": {"uv": [9, 3.5, 11, 4.25], "texture": "#0"},
				"west": {"uv": [10.25, 2.25, 11, 3], "texture": "#0"},
				"up": {"uv": [11, 5, 9, 4.25], "texture": "#0"},
				"down": {"uv": [6.5, 9, 4.5, 9.75], "texture": "#0"}
			}
		},
		{
			"from": [-7, 20, 5],
			"to": [23, 26, 11],
			"rotation": {"angle": 45, "axis": "x", "origin": [2.5, 17.9, 8]},
			"faces": {
				"north": {"uv": [0, 0, 7.5, 1.5], "texture": "#0"},
				"east": {"uv": [7.5, 3.5, 9, 5], "texture": "#0"},
				"south": {"uv": [0, 1.5, 7.5, 3], "texture": "#0"},
				"west": {"uv": [0, 7.75, 1.5, 9.25], "texture": "#0"},
				"up": {"uv": [7.5, 4.5, 0, 3], "texture": "#0"},
				"down": {"uv": [7.5, 4.5, 0, 6], "texture": "#0"}
			}
		},
		{
			"from": [-9.5, 14.3, 5.75],
			"to": [-8.5, 14.3, 7.75],
			"rotation": {"angle": 45, "axis": "x", "origin": [-10.5, 16.4, 7.25]},
			"faces": {
				"north": {"uv": [0, 0, 0.25, 0], "texture": "#0"},
				"east": {"uv": [0, 0, 0.5, 0], "texture": "#0"},
				"south": {"uv": [0, 0, 0.25, 0], "texture": "#0"},
				"west": {"uv": [0, 0, 0.5, 0], "texture": "#0"},
				"up": {"uv": [11, 2.25, 10.75, 1.75], "texture": "#0"},
				"down": {"uv": [4.5, 11, 4.25, 11.5], "texture": "#0"}
			}
		},
		{
			"from": [-8.5, 14.15, 4.25],
			"to": [-7, 21.65, 11.75],
			"rotation": {"angle": 45, "axis": "x", "origin": [2.5, 17.9, 8]},
			"faces": {
				"north": {"uv": [13.5, 3, 14, 5], "texture": "#0"},
				"east": {"uv": [13.25, 12, 15.25, 14], "texture": "#0"},
				"south": {"uv": [13, 3, 13.5, 5], "texture": "#0"},
				"west": {"uv": [13.25, 12, 15.25, 14], "texture": "#0"},
				"up": {"uv": [7, 11, 6.5, 9], "texture": "#0"},
				"down": {"uv": [7.5, 9, 7, 11], "texture": "#0"}
			}
		},
		{
			"from": [-8.5, 21.65, 4.75],
			"to": [-7, 26.65, 11.25],
			"rotation": {"angle": 45, "axis": "x", "origin": [2.5, 17.9, 8]},
			"faces": {
				"north": {"uv": [10.25, 1, 10.75, 2.25], "texture": "#0"},
				"east": {"uv": [4.5, 7.75, 6.25, 9], "texture": "#0"},
				"south": {"uv": [1.75, 10.25, 2.25, 11.5], "texture": "#0"},
				"west": {"uv": [6.25, 7.75, 8, 9], "texture": "#0"},
				"up": {"uv": [9, 11, 8.5, 9.25], "texture": "#0"},
				"down": {"uv": [9.5, 9.25, 9, 11], "texture": "#0"}
			}
		},
		{
			"from": [23, 26.65, 7],
			"to": [24.25, 28.65, 9],
			"rotation": {"angle": 45, "axis": "x", "origin": [2.5, 17.9, 8]},
			"faces": {
				"north": {"uv": [10, 11.5, 10.25, 12], "texture": "#0"},
				"east": {"uv": [5.5, 11.25, 6, 11.75], "texture": "#0"},
				"south": {"uv": [11.5, 10, 11.75, 10.5], "texture": "#0"},
				"west": {"uv": [11.5, 1.25, 12, 1.75], "texture": "#0"},
				"up": {"uv": [10.5, 12, 10.25, 11.5], "texture": "#0"},
				"down": {"uv": [10.75, 11.5, 10.5, 12], "texture": "#0"}
			}
		},
		{
			"from": [23, 19.65, 4.5],
			"to": [24.5, 26.65, 11.5],
			"rotation": {"angle": 45, "axis": "x", "origin": [2.5, 17.9, 8]},
			"faces": {
				"north": {"uv": [9.5, 9.25, 10, 11], "texture": "#0"},
				"east": {"uv": [13.25, 0.75, 15, 2.5], "texture": "#0"},
				"south": {"uv": [9.75, 0, 10.25, 1.75], "texture": "#0"},
				"west": {"uv": [11.5, 12.25, 13.25, 14], "texture": "#0"},
				"up": {"uv": [5, 11.5, 4.5, 9.75], "texture": "#0"},
				"down": {"uv": [5.5, 9.75, 5, 11.5], "texture": "#0"}
			}
		},
		{
			"from": [-10.5, 14.15, 4.25],
			"to": [-9.5, 21.65, 11.75],
			"rotation": {"angle": 45, "axis": "x", "origin": [2.5, 17.9, 8]},
			"faces": {
				"north": {"uv": [14.75, 3, 15, 5], "texture": "#0"},
				"east": {"uv": [13.25, 12, 15.25, 14], "texture": "#0"},
				"south": {"uv": [14.25, 3, 14.5, 5], "texture": "#0"},
				"west": {"uv": [13.25, 8, 15.25, 10], "texture": "#0"},
				"up": {"uv": [14.25, 5, 14, 3], "texture": "#0"},
				"down": {"uv": [14.75, 3, 14.5, 5], "texture": "#0"}
			}
		},
		{
			"from": [-9.5, 22.4, 6.5],
			"to": [-8, 25.4, 9.5],
			"rotation": {"angle": 45, "axis": "x", "origin": [2.5, 17.9, 8]},
			"faces": {
				"north": {"uv": [11, 6, 11.5, 6.75], "texture": "#0"},
				"east": {"uv": [3, 10.25, 3.75, 11], "texture": "#0"},
				"south": {"uv": [6.5, 11, 7, 11.75], "texture": "#0"},
				"west": {"uv": [10.25, 6, 11, 6.75], "texture": "#0"},
				"up": {"uv": [11.5, 7.5, 11, 6.75], "texture": "#0"},
				"down": {"uv": [7.5, 11, 7, 11.75], "texture": "#0"}
			}
		},
		{
			"from": [24, 21.9, 6],
			"to": [25.5, 24.9, 9],
			"rotation": {"angle": 45, "axis": "x", "origin": [36, 17.4, 7.5]},
			"faces": {
				"north": {"uv": [13, 7, 13.5, 7.75], "texture": "#0"},
				"east": {"uv": [13.75, 6.25, 14.5, 7], "texture": "#0"},
				"south": {"uv": [14.5, 7, 15, 7.75], "texture": "#0"},
				"west": {"uv": [13, 6.25, 13.75, 7], "texture": "#0"},
				"up": {"uv": [14, 7.75, 13.5, 7], "texture": "#0"},
				"down": {"uv": [14.5, 7, 14, 7.75], "texture": "#0"}
			}
		},
		{
			"from": [-9.5, 17, 4.25],
			"to": [-8.5, 19, 4.25],
			"rotation": {"angle": 45, "axis": "x", "origin": [2.5, 17.9, 8]},
			"faces": {
				"north": {"uv": [11.5, 10.5, 11.75, 11], "texture": "#0"},
				"east": {"uv": [0, 0, 0, 0.5], "texture": "#0"},
				"south": {"uv": [10.75, 11.5, 11, 12], "texture": "#0"},
				"west": {"uv": [0, 0, 0, 0.5], "texture": "#0"},
				"up": {"uv": [0.25, 0, 0, 0], "texture": "#0"},
				"down": {"uv": [0.25, 0, 0, 0], "texture": "#0"}
			}
		},
		{
			"from": [-9.5, 17, 11.75],
			"to": [-8.5, 19, 11.75],
			"rotation": {"angle": 45, "axis": "x", "origin": [2.5, 17.9, 8]},
			"faces": {
				"north": {"uv": [11, 11.5, 11.25, 12], "texture": "#0"},
				"east": {"uv": [0, 0, 0, 0.5], "texture": "#0"},
				"south": {"uv": [11.5, 11, 11.75, 11.5], "texture": "#0"},
				"west": {"uv": [0, 0, 0, 0.5], "texture": "#0"},
				"up": {"uv": [0.25, 0, 0, 0], "texture": "#0"},
				"down": {"uv": [0.25, 0, 0, 0], "texture": "#0"}
			}
		},
		{
			"from": [-9.5, 21.65, 7],
			"to": [-8.5, 21.65, 9],
			"rotation": {"angle": 45, "axis": "x", "origin": [2.5, 17.9, 8]},
			"faces": {
				"north": {"uv": [0, 0, 0.25, 0], "texture": "#0"},
				"east": {"uv": [0, 0, 0.5, 0], "texture": "#0"},
				"south": {"uv": [0, 0, 0.25, 0], "texture": "#0"},
				"west": {"uv": [0, 0, 0.5, 0], "texture": "#0"},
				"up": {"uv": [11.5, 12, 11.25, 11.5], "texture": "#0"},
				"down": {"uv": [11.75, 11.5, 11.5, 12], "texture": "#0"}
			}
		},
		{
			"from": [-8.25, 26.65, 7],
			"to": [-7, 28.65, 9],
			"rotation": {"angle": 45, "axis": "x", "origin": [2.5, 17.9, 8]},
			"faces": {
				"north": {"uv": [0, 11.75, 0.25, 12.25], "texture": "#0"},
				"east": {"uv": [1.5, 11.5, 2, 12], "texture": "#0"},
				"south": {"uv": [11.75, 0, 12, 0.5], "texture": "#0"},
				"west": {"uv": [4.25, 11.5, 4.75, 12], "texture": "#0"},
				"up": {"uv": [0.5, 12.25, 0.25, 11.75], "texture": "#0"},
				"down": {"uv": [0.75, 11.75, 0.5, 12.25], "texture": "#0"}
			}
		},
		{
			"from": [-7.25, 26.9, 7.5],
			"to": [23, 28.15, 8.75],
			"rotation": {"angle": 45, "axis": "x", "origin": [2.5, 17.9, 8]},
			"faces": {
				"north": {"uv": [7.5, 5, 15, 5.25], "texture": "#0"},
				"east": {"uv": [1.5, 11.25, 1.75, 11.5], "texture": "#0"},
				"south": {"uv": [7.5, 5.25, 15, 5.5], "texture": "#0"},
				"west": {"uv": [11.75, 0.5, 12, 0.75], "texture": "#0"},
				"up": {"uv": [15, 5.75, 7.5, 5.5], "texture": "#0"},
				"down": {"uv": [15, 5.75, 7.5, 6], "texture": "#0"}
			}
		}
	],
	"display": {
		"thirdperson_righthand": {
			"rotation": [-68, 90, 159],
			"translation": [0.25, 0.75, 6]
		},
		"thirdperson_lefthand": {
			"rotation": [-68, 90, 159],
			"translation": [0.25, 0.75, 6]
		},
		"firstperson_righthand": {
			"rotation": [4.33, 83.98, 25.18],
			"translation": [1, -1.75, 0]
		},
		"firstperson_lefthand": {
			"rotation": [4.33, 83.98, 25.18],
			"translation": [1, -1.75, 0]
		},
		"gui": {
			"rotation": [-170.19, -18.81, -165.53],
			"translation": [-1.25, -3, 0],
			"scale": [0.48, 0.48, 0.48]
		}
	},
	"groups": [
		0,
		1,
		2,
		3,
		4,
		5,
		6,
		7,
		8,
		9,
		10,
		11,
		12,
		{
			"name": "group",
			"origin": [15.25, 29.4, 9.25],
			"color": 0,
			"children": [13, 14, 15, 16, 17, 18, 19, 20, 21, 22, 23, 24, 25, 26, 27, 28]
		}
	]
}