{
	"format_version": "1.21.6",
	"credit": "Made with Blockbench",
	"texture_size": [64, 64],
	"textures": {
		"0": "kl:item/96gal_or",
		"particle": "kl:item/96gal_or"
	},
	"elements": [
		{
			"from": [7, 1, 11],
			"to": [9, 7, 14],
			"rotation": {"angle": -22.5, "axis": "x", "origin": [7, 0, 12]},
			"faces": {
				"north": {"uv": [4.5, 7.25, 5, 8.75], "texture": "#0"},
				"east": {"uv": [1, 6, 1.75, 7.5], "texture": "#0"},
				"south": {"uv": [7.25, 6.25, 7.75, 7.75], "texture": "#0"},
				"west": {"uv": [5.25, 6, 6, 7.5], "texture": "#0"},
				"up": {"uv": [6.25, 2, 5.75, 1.25], "texture": "#0"},
				"down": {"uv": [8.25, 4, 7.75, 4.75], "texture": "#0"}
			}
		},
		{
			"from": [7, 1, 10],
			"to": [9, 3, 11],
			"rotation": {"angle": -22.5, "axis": "x", "origin": [7, 0, 12]},
			"faces": {
				"north": {"uv": [8.25, 7.25, 8.75, 7.75], "texture": "#0"},
				"east": {"uv": [3, 8.5, 3.25, 9], "texture": "#0"},
				"south": {"uv": [8.25, 7.75, 8.75, 8.25], "texture": "#0"},
				"west": {"uv": [8.5, 3, 8.75, 3.5], "texture": "#0"},
				"up": {"uv": [3.75, 8.75, 3.25, 8.5], "texture": "#0"},
				"down": {"uv": [9, 3.5, 8.5, 3.75], "texture": "#0"}
			}
		},
		{
			"from": [6.5, 6, 11],
			"to": [9.5, 12, 16],
			"rotation": {"angle": 0, "axis": "y", "origin": [7, 7, 11]},
			"faces": {
				"north": {"uv": [6, 6, 6.75, 7.5], "texture": "#0"},
				"east": {"uv": [4, 2, 5.25, 3.5], "texture": "#0"},
				"south": {"uv": [6.25, 1.25, 7, 2.75], "texture": "#0"},
				"west": {"uv": [4, 3.5, 5.25, 5], "texture": "#0"},
				"up": {"uv": [7.75, 5.25, 7, 4], "texture": "#0"},
				"down": {"uv": [4, 7.25, 3.25, 8.5], "texture": "#0"}
			}
		},
		{
			"from": [6, 7, -8],
			"to": [10, 11, -2],
			"rotation": {"angle": 0, "axis": "y", "origin": [7.5, 7, -8]},
			"faces": {
				"north": {"uv": [6.75, 0, 7.75, 1], "texture": "#0"},
				"east": {"uv": [3.25, 5, 4.75, 6], "texture": "#0"},
				"south": {"uv": [7, 1, 8, 2], "texture": "#0"},
				"west": {"uv": [4.75, 5, 6.25, 6], "texture": "#0"},
				"up": {"uv": [6.25, 3.5, 5.25, 2], "texture": "#0"},
				"down": {"uv": [6.25, 3.5, 5.25, 5], "texture": "#0"}
			}
		},
		{
			"from": [9, 7, -9],
			"to": [10, 11, -8],
			"rotation": {"angle": 0, "axis": "y", "origin": [7.5, 7, -14]},
			"faces": {
				"north": {"uv": [8, 2.5, 8.25, 3.5], "texture": "#0"},
				"east": {"uv": [5.25, 8, 5.5, 9], "texture": "#0"},
				"south": {"uv": [5.5, 8, 5.75, 9], "texture": "#0"},
				"west": {"uv": [5.75, 8, 6, 9], "texture": "#0"},
				"up": {"uv": [7, 1.25, 6.75, 1], "texture": "#0"},
				"down": {"uv": [8, 7.5, 7.75, 7.75], "texture": "#0"}
			}
		},
		{
			"from": [6, 7, -9],
			"to": [7, 11, -8],
			"rotation": {"angle": 0, "axis": "y", "origin": [4.5, 7, -14]},
			"faces": {
				"north": {"uv": [6, 8, 6.25, 9], "texture": "#0"},
				"east": {"uv": [8, 7.5, 8.25, 8.5], "texture": "#0"},
				"south": {"uv": [8.25, 2.5, 8.5, 3.5], "texture": "#0"},
				"west": {"uv": [6.75, 8.25, 7, 9.25], "texture": "#0"},
				"up": {"uv": [8.75, 4, 8.5, 3.75], "texture": "#0"},
				"down": {"uv": [8.75, 6.25, 8.5, 6.5], "texture": "#0"}
			}
		},
		{
			"from": [7, 10, -9],
			"to": [9, 11, -8],
			"rotation": {"angle": 0, "axis": "y", "origin": [5.5, 7, -14]},
			"faces": {
				"north": {"uv": [6.25, 5.75, 6.75, 6], "texture": "#0"},
				"east": {"uv": [8.5, 6.5, 8.75, 6.75], "texture": "#0"},
				"south": {"uv": [8.25, 4.5, 8.75, 4.75], "texture": "#0"},
				"west": {"uv": [7.5, 8.5, 7.75, 8.75], "texture": "#0"},
				"up": {"uv": [2.5, 8.75, 2, 8.5], "texture": "#0"},
				"down": {"uv": [9, 2, 8.5, 2.25], "texture": "#0"}
			}
		},
		{
			"from": [7, 7, -9],
			"to": [9, 8, -8],
			"rotation": {"angle": 0, "axis": "y", "origin": [5.5, 4, -14]},
			"faces": {
				"north": {"uv": [8.5, 2.25, 9, 2.5], "texture": "#0"},
				"east": {"uv": [7.75, 8.5, 8, 8.75], "texture": "#0"},
				"south": {"uv": [2.5, 8.5, 3, 8.75], "texture": "#0"},
				"west": {"uv": [8, 8.5, 8.25, 8.75], "texture": "#0"},
				"up": {"uv": [9, 2.75, 8.5, 2.5], "texture": "#0"},
				"down": {"uv": [9, 2.75, 8.5, 3], "texture": "#0"}
			}
		},
		{
			"from": [6, 12, -2],
			"to": [10, 17, -2],
			"rotation": {"angle": 0, "axis": "y", "origin": [7.5, 7, -8]},
			"faces": {
				"north": {"uv": [5.75, 0, 6.75, 1.25], "texture": "#0"},
				"east": {"uv": [0, 0, 0, 1.25], "texture": "#0"},
				"south": {"uv": [0, 6, 1, 7.25], "texture": "#0"},
				"west": {"uv": [0, 0, 0, 1.25], "texture": "#0"},
				"up": {"uv": [1, 0, 0, 0], "texture": "#0"},
				"down": {"uv": [1, 0, 0, 0], "texture": "#0"}
			}
		},
		{
			"from": [6, 9.5, -7],
			"to": [10, 14.5, -7],
			"rotation": {"angle": 45, "axis": "x", "origin": [7.5, 4.5, -13]},
			"faces": {
				"north": {"uv": [3.25, 6, 4.25, 7.25], "texture": "#0"},
				"east": {"uv": [0, 0, 0, 1.25], "texture": "#0"},
				"south": {"uv": [4.25, 6, 5.25, 7.25], "texture": "#0"},
				"west": {"uv": [0, 0, 0, 1.25], "texture": "#0"},
				"up": {"uv": [1, 0, 0, 0], "texture": "#0"},
				"down": {"uv": [1, 0, 0, 0], "texture": "#0"}
			}
		},
		{
			"from": [4.5, 4, -2],
			"to": [11.5, 12, 7],
			"rotation": {"angle": 0, "axis": "y", "origin": [7, 7, 1]},
			"faces": {
				"north": {"uv": [0, 4, 1.75, 6], "texture": "#0"},
				"east": {"uv": [0, 0, 2.25, 2], "texture": "#0"},
				"south": {"uv": [4, 0, 5.75, 2], "texture": "#0"},
				"west": {"uv": [0, 2, 2.25, 4], "texture": "#0"},
				"up": {"uv": [4, 2.25, 2.25, 0], "texture": "#0"},
				"down": {"uv": [4, 2.25, 2.25, 4.5], "texture": "#0"}
			}
		},
		{
			"from": [6, 6, 7],
			"to": [7, 14, 9],
			"rotation": {"angle": 0, "axis": "y", "origin": [7, 7, 3]},
			"faces": {
				"north": {"uv": [5, 7.25, 5.25, 9.25], "texture": "#0"},
				"east": {"uv": [2.75, 6.5, 3.25, 8.5], "texture": "#0"},
				"south": {"uv": [1.5, 7.5, 1.75, 9.5], "texture": "#0"},
				"west": {"uv": [6.75, 5.75, 7.25, 7.75], "texture": "#0"},
				"up": {"uv": [8.75, 2, 8.5, 1.5], "texture": "#0"},
				"down": {"uv": [2, 8.5, 1.75, 9], "texture": "#0"}
			}
		},
		{
			"from": [9, 6, 7],
			"to": [10, 14, 9],
			"rotation": {"angle": 0, "axis": "y", "origin": [10, 7, 3]},
			"faces": {
				"north": {"uv": [6.25, 7.5, 6.5, 9.5], "texture": "#0"},
				"east": {"uv": [7, 2, 7.5, 4], "texture": "#0"},
				"south": {"uv": [6.5, 7.5, 6.75, 9.5], "texture": "#0"},
				"west": {"uv": [0, 7.25, 0.5, 9.25], "texture": "#0"},
				"up": {"uv": [4, 9, 3.75, 8.5], "texture": "#0"},
				"down": {"uv": [8.75, 4.75, 8.5, 5.25], "texture": "#0"}
			}
		},
		{
			"from": [6, 12, 5],
			"to": [10, 13.5, 7],
			"rotation": {"angle": 0, "axis": "y", "origin": [7, 7, 3]},
			"faces": {
				"north": {"uv": [7.5, 3.5, 8.5, 4], "texture": "#0"},
				"east": {"uv": [1.75, 4, 2.25, 4.5], "texture": "#0"},
				"south": {"uv": [5.25, 7.5, 6.25, 8], "texture": "#0"},
				"west": {"uv": [8.25, 4, 8.75, 4.5], "texture": "#0"},
				"up": {"uv": [8.75, 0.5, 7.75, 0], "texture": "#0"},
				"down": {"uv": [8.75, 0.5, 7.75, 1], "texture": "#0"}
			}
		},
		{
			"from": [7, 6, 7],
			"to": [9, 13.5, 9],
			"rotation": {"angle": 0, "axis": "y", "origin": [7, 7, 5]},
			"faces": {
				"north": {"uv": [7.75, 6.75, 8.25, 7.5], "texture": "#0"},
				"east": {"uv": [7.5, 7.75, 8, 8.5], "texture": "#0"},
				"south": {"uv": [8, 1, 8.5, 1.75], "texture": "#0"},
				"west": {"uv": [8, 1.75, 8.5, 2.5], "texture": "#0"},
				"up": {"uv": [8.75, 8.75, 8.25, 8.25], "texture": "#0"},
				"down": {"uv": [9, 1, 8.5, 1.5], "texture": "#0"}
			}
		},
		{
			"from": [7, 11, -2.4],
			"to": [9, 12.5, 5],
			"rotation": {"angle": 0, "axis": "y", "origin": [7, 7, 1]},
			"faces": {
				"north": {"uv": [8.25, 6.75, 8.75, 7.25], "texture": "#0"},
				"east": {"uv": [7, 5.25, 8.75, 5.75], "texture": "#0"},
				"south": {"uv": [7, 8.25, 7.5, 8.75], "texture": "#0"},
				"west": {"uv": [7.25, 5.75, 9, 6.25], "texture": "#0"},
				"up": {"uv": [1, 9, 0.5, 7.25], "texture": "#0"},
				"down": {"uv": [4.5, 7.25, 4, 9], "texture": "#0"}
			}
		},
		{
			"from": [6.75, 6, 9],
			"to": [9.25, 11.5, 11],
			"rotation": {"angle": 0, "axis": "y", "origin": [6.75, 7, 5]},
			"faces": {
				"north": {"uv": [6.25, 2.75, 7, 4.25], "texture": "#0"},
				"east": {"uv": [1, 7.5, 1.5, 9], "texture": "#0"},
				"south": {"uv": [6.25, 4.25, 7, 5.75], "texture": "#0"},
				"west": {"uv": [7.5, 2, 8, 3.5], "texture": "#0"},
				"up": {"uv": [8.5, 6.75, 7.75, 6.25], "texture": "#0"},
				"down": {"uv": [7.5, 7.75, 6.75, 8.25], "texture": "#0"}
			}
		},
		{
			"from": [6.5, 4, 16],
			"to": [9.5, 12, 18],
			"rotation": {"angle": 0, "axis": "y", "origin": [7, 7, 17]},
			"faces": {
				"north": {"uv": [1.75, 4.5, 2.5, 6.5], "texture": "#0"},
				"east": {"uv": [1.75, 6.5, 2.25, 8.5], "texture": "#0"},
				"south": {"uv": [2.5, 4.5, 3.25, 6.5], "texture": "#0"},
				"west": {"uv": [2.25, 6.5, 2.75, 8.5], "texture": "#0"},
				"up": {"uv": [4, 5, 3.25, 4.5], "texture": "#0"},
				"down": {"uv": [8.5, 4.75, 7.75, 5.25], "texture": "#0"}
			}
		}
	],
	"display": {
		"thirdperson_righthand": {
			"translation": [0, 2, 0.25],
			"scale": [0.84, 0.84, 0.84]
		},
		"thirdperson_lefthand": {
			"translation": [0, 2, 0.25],
			"scale": [0.84, 0.84, 0.84]
		},
		"firstperson_righthand": {
			"translation": [1, -1.25, 0.25],
			"scale": [0.84, 0.84, 0.84]
		},
		"firstperson_lefthand": {
			"translation": [1, -1.25, 0.25],
			"scale": [0.84, 0.84, 0.84]
		},
		"gui": {
			"rotation": [9, -132, 0],
			"translation": [-2, -0.5, 0],
			"scale": [0.68, 0.68, 0.68]
		}
	}
}