{
	"format_version": "1.21.6",
	"credit": "Made with Blockbench",
	"texture_size": [64, 64],
	"textures": {
		"0": "kl:item/aerospray",
		"particle": "kl:item/aerospray"
	},
	"elements": [
		{
			"from": [7, 7, -3],
			"to": [9, 9, 16],
			"rotation": {"angle": 0, "axis": "y", "origin": [7, 7, 12]},
			"faces": {
				"north": {"uv": [2.25, 8, 2.75, 8.5], "texture": "#0"},
				"east": {"uv": [3, 0, 7.75, 0.5], "texture": "#0"},
				"south": {"uv": [8, 2.25, 8.5, 2.75], "texture": "#0"},
				"west": {"uv": [3, 0.5, 7.75, 1], "texture": "#0"},
				"up": {"uv": [3.5, 5.75, 3, 1], "texture": "#0"},
				"down": {"uv": [0.5, 3.5, 0, 8.25], "texture": "#0"}
			}
		},
		{
			"from": [8, 0, 14],
			"to": [8, 7, 20],
			"rotation": {"angle": 45, "axis": "x", "origin": [7, 6, 17]},
			"faces": {
				"north": {"uv": [0, 0, 0, 1.75], "texture": "#0"},
				"east": {"uv": [0, 0, 1.5, 1.75], "texture": "#0"},
				"south": {"uv": [0, 0, 0, 1.75], "texture": "#0"},
				"west": {"uv": [1.5, 0, 3, 1.75], "texture": "#0"},
				"up": {"uv": [0, 1.5, 0, 0], "texture": "#0"},
				"down": {"uv": [0, 0, 0, 1.5], "texture": "#0"}
			}
		},
		{
			"from": [7, 6, -1],
			"to": [9, 7, 11],
			"rotation": {"angle": 0, "axis": "y", "origin": [7, 6, 12]},
			"faces": {
				"north": {"uv": [5.5, 6.75, 6, 7], "texture": "#0"},
				"east": {"uv": [6.5, 3.5, 9.5, 3.75], "texture": "#0"},
				"south": {"uv": [8, 7, 8.5, 7.25], "texture": "#0"},
				"west": {"uv": [6.5, 3.75, 9.5, 4], "texture": "#0"},
				"up": {"uv": [3.5, 8.75, 3, 5.75], "texture": "#0"},
				"down": {"uv": [6.5, 3.5, 6, 6.5], "texture": "#0"}
			}
		},
		{
			"from": [7, 9, 5],
			"to": [9, 11, 7],
			"rotation": {"angle": 0, "axis": "y", "origin": [7, 9, 12]},
			"faces": {
				"north": {"uv": [8, 2.75, 8.5, 3.25], "texture": "#0"},
				"east": {"uv": [3.5, 8, 4, 8.5], "texture": "#0"},
				"south": {"uv": [4, 8, 4.5, 8.5], "texture": "#0"},
				"west": {"uv": [8, 5, 8.5, 5.5], "texture": "#0"},
				"up": {"uv": [6, 8.5, 5.5, 8], "texture": "#0"},
				"down": {"uv": [8.5, 5.5, 8, 6], "texture": "#0"}
			}
		},
		{
			"from": [7.1, 7, 10],
			"to": [8.9, 10, 12],
			"rotation": {"angle": -22.5, "axis": "x", "origin": [7, 8, 17]},
			"faces": {
				"north": {"uv": [3.5, 7.25, 4, 8], "texture": "#0"},
				"east": {"uv": [4, 7.25, 4.5, 8], "texture": "#0"},
				"south": {"uv": [7.25, 6.25, 7.75, 7], "texture": "#0"},
				"west": {"uv": [7.25, 7, 7.75, 7.75], "texture": "#0"},
				"up": {"uv": [6.5, 8.5, 6, 8], "texture": "#0"},
				"down": {"uv": [8.5, 6.5, 8, 7], "texture": "#0"}
			}
		},
		{
			"from": [6.6, 2, 8],
			"to": [9.4, 9, 10],
			"rotation": {"angle": 22.5, "axis": "x", "origin": [6.5, 7, 15]},
			"faces": {
				"north": {"uv": [0.5, 6.25, 1.25, 8], "texture": "#0"},
				"east": {"uv": [2, 6.25, 2.5, 8], "texture": "#0"},
				"south": {"uv": [1.25, 6.25, 2, 8], "texture": "#0"},
				"west": {"uv": [2.5, 6.25, 3, 8], "texture": "#0"},
				"up": {"uv": [8.5, 4.5, 7.75, 4], "texture": "#0"},
				"down": {"uv": [8.5, 4.5, 7.75, 5], "texture": "#0"}
			}
		},
		{
			"from": [6.6, -1.75, -3.5],
			"to": [9.4, 3.25, -3],
			"rotation": {"angle": 45, "axis": "x", "origin": [6.5, 1.25, 2]},
			"faces": {
				"north": {"uv": [2, 3.5, 2.75, 4.75], "texture": "#0"},
				"east": {"uv": [1.75, 8, 2, 9.25], "texture": "#0"},
				"south": {"uv": [6.25, 1, 7, 2.25], "texture": "#0"},
				"west": {"uv": [2, 8, 2.25, 9.25], "texture": "#0"},
				"up": {"uv": [8.75, 6.25, 8, 6], "texture": "#0"},
				"down": {"uv": [7.75, 8, 7, 8.25], "texture": "#0"}
			}
		},
		{
			"from": [6.85, 4.25, 9.75],
			"to": [9.15, 7, 12.25],
			"rotation": {"angle": -22.5, "axis": "x", "origin": [7, 8, 17]},
			"faces": {
				"north": {"uv": [4.5, 7.5, 5, 8.25], "texture": "#0"},
				"east": {"uv": [5.5, 7, 6.25, 7.75], "texture": "#0"},
				"south": {"uv": [5, 7.5, 5.5, 8.25], "texture": "#0"},
				"west": {"uv": [7, 5.5, 7.75, 6.25], "texture": "#0"},
				"up": {"uv": [8.25, 0.75, 7.75, 0], "texture": "#0"},
				"down": {"uv": [8.25, 0.75, 7.75, 1.5], "texture": "#0"}
			}
		},
		{
			"from": [6.5, 6.5, -7],
			"to": [9.5, 9.5, -5],
			"rotation": {"angle": 0, "axis": "y", "origin": [7.5, 6.5, -4]},
			"faces": {
				"north": {"uv": [4.75, 6.75, 5.5, 7.5], "texture": "#0"},
				"east": {"uv": [6.25, 7, 6.75, 7.75], "texture": "#0"},
				"south": {"uv": [7, 1, 7.75, 1.75], "texture": "#0"},
				"west": {"uv": [6.75, 7, 7.25, 7.75], "texture": "#0"},
				"up": {"uv": [8, 2.75, 7.25, 2.25], "texture": "#0"},
				"down": {"uv": [8, 2.75, 7.25, 3.25], "texture": "#0"}
			}
		},
		{
			"from": [6.5, 6.5, -1],
			"to": [9.5, 9.5, 0],
			"rotation": {"angle": 0, "axis": "y", "origin": [7.5, 6.5, 1]},
			"faces": {
				"north": {"uv": [7, 4, 7.75, 4.75], "texture": "#0"},
				"east": {"uv": [2.75, 8, 3, 8.75], "texture": "#0"},
				"south": {"uv": [7, 4.75, 7.75, 5.5], "texture": "#0"},
				"west": {"uv": [6.5, 8, 6.75, 8.75], "texture": "#0"},
				"up": {"uv": [2.75, 5, 2, 4.75], "texture": "#0"},
				"down": {"uv": [5.75, 2.25, 5, 2.5], "texture": "#0"}
			}
		},
		{
			"from": [5.5, 5.5, -2],
			"to": [10.5, 10.5, -1],
			"rotation": {"angle": 0, "axis": "y", "origin": [7.5, 6.5, 0]},
			"faces": {
				"north": {"uv": [0.5, 5, 1.75, 6.25], "texture": "#0"},
				"east": {"uv": [2.75, 3.5, 3, 4.75], "texture": "#0"},
				"south": {"uv": [5, 1, 6.25, 2.25], "texture": "#0"},
				"west": {"uv": [7.75, 5, 8, 6.25], "texture": "#0"},
				"up": {"uv": [6.75, 8, 5.5, 7.75], "texture": "#0"},
				"down": {"uv": [9, 6.25, 7.75, 6.5], "texture": "#0"}
			}
		},
		{
			"from": [5.5, 5.5, 14],
			"to": [10.5, 10.5, 15],
			"rotation": {"angle": 0, "axis": "y", "origin": [7.5, 6.5, 16]},
			"faces": {
				"north": {"uv": [4.75, 5.5, 6, 6.75], "texture": "#0"},
				"east": {"uv": [7.75, 6.5, 8, 7.75], "texture": "#0"},
				"south": {"uv": [6, 2.25, 7.25, 3.5], "texture": "#0"},
				"west": {"uv": [6.75, 7.75, 7, 9], "texture": "#0"},
				"up": {"uv": [8.25, 8, 7, 7.75], "texture": "#0"},
				"down": {"uv": [1.75, 8, 0.5, 8.25], "texture": "#0"}
			}
		},
		{
			"from": [5.5, 5.5, -5],
			"to": [10.5, 10.5, -3],
			"rotation": {"angle": 0, "axis": "y", "origin": [7.5, 6.5, -2]},
			"faces": {
				"north": {"uv": [1.75, 5, 3, 6.25], "texture": "#0"},
				"east": {"uv": [6.5, 4, 7, 5.25], "texture": "#0"},
				"south": {"uv": [3.5, 5.5, 4.75, 6.75], "texture": "#0"},
				"west": {"uv": [6.5, 5.25, 7, 6.5], "texture": "#0"},
				"up": {"uv": [7.25, 7, 6, 6.5], "texture": "#0"},
				"down": {"uv": [4.75, 6.75, 3.5, 7.25], "texture": "#0"}
			}
		},
		{
			"from": [5.5, 11, 3],
			"to": [10.5, 17, 9],
			"rotation": {"angle": 22.5, "axis": "x", "origin": [8.5, 11, 3]},
			"faces": {
				"north": {"uv": [3.5, 2.5, 4.75, 4], "texture": "#0"},
				"east": {"uv": [0.5, 3.5, 2, 5], "texture": "#0"},
				"south": {"uv": [3.5, 4, 4.75, 5.5], "texture": "#0"},
				"west": {"uv": [3.5, 1, 5, 2.5], "texture": "#0"},
				"up": {"uv": [6, 4, 4.75, 2.5], "texture": "#0"},
				"down": {"uv": [6, 4, 4.75, 5.5], "texture": "#0"}
			}
		},
		{
			"from": [5, 17, 2.5],
			"to": [11, 18, 9.5],
			"rotation": {"angle": 22.5, "axis": "x", "origin": [8.5, 11, 3]},
			"faces": {
				"north": {"uv": [7.25, 3.25, 8.75, 3.5], "texture": "#0"},
				"east": {"uv": [7, 1.75, 8.75, 2], "texture": "#0"},
				"south": {"uv": [7.75, 1.5, 9.25, 1.75], "texture": "#0"},
				"west": {"uv": [7, 2, 8.75, 2.25], "texture": "#0"},
				"up": {"uv": [1.5, 3.5, 0, 1.75], "texture": "#0"},
				"down": {"uv": [3, 1.75, 1.5, 3.5], "texture": "#0"}
			}
		}
	],
	"display": {
		"thirdperson_righthand": {
			"translation": [0, 1.5, -0.75],
			"scale": [0.84, 0.84, 0.84]
		},
		"thirdperson_lefthand": {
			"translation": [0, 1.5, -0.75],
			"scale": [0.84, 0.84, 0.84]
		},
		"firstperson_righthand": {
			"translation": [0, 0.25, 0.25],
			"scale": [0.84, 0.84, 0.84]
		},
		"firstperson_lefthand": {
			"translation": [0, 0.25, 0.25],
			"scale": [0.84, 0.84, 0.84]
		},
		"gui": {
			"rotation": [9, -132, 0],
			"translation": [-1.25, -0.5, 0],
			"scale": [0.75, 0.75, 0.75]
		}
	}
}