{
	"credit": "Made with Blockbench",
	"texture_size": [64, 64],
	"textures": {
		"0": "kl:item/slosher_klyaksa_lime",
		"particle": "kl:item/slosher_klyaksa_lime"
	},
	"elements": [
		{
			"from": [3, 3, 3],
			"to": [4, 12, 13],
			"rotation": {"angle": 0, "axis": "y", "origin": [3, 0, 3]},
			"faces": {
				"north": {"uv": [1.75, 9, 2, 11.25], "texture": "#0"},
				"east": {"uv": [0, 0, 2.5, 2.25], "texture": "#0"},
				"south": {"uv": [9, 8.75, 9.25, 11], "texture": "#0"},
				"west": {"uv": [0, 2.25, 2.5, 4.5], "texture": "#0"},
				"up": {"uv": [8, 11.25, 7.75, 8.75], "texture": "#0"},
				"down": {"uv": [8.25, 8.75, 8, 11.25], "texture": "#0"}
			}
		},
		{
			"from": [4, 3, 3],
			"to": [13, 12, 4],
			"rotation": {"angle": 0, "axis": "y", "origin": [3, 0, 3]},
			"faces": {
				"north": {"uv": [2.5, 0, 4.75, 2.25], "texture": "#0"},
				"east": {"uv": [2, 9.25, 2.25, 11.5], "texture": "#0"},
				"south": {"uv": [2.5, 2.25, 4.75, 4.5], "texture": "#0"},
				"west": {"uv": [2.25, 9.25, 2.5, 11.5], "texture": "#0"},
				"up": {"uv": [11.25, 3.5, 9, 3.25], "texture": "#0"},
				"down": {"uv": [11.25, 3.5, 9, 3.75], "texture": "#0"}
			}
		},
		{
			"from": [3.5, 1, 3.5],
			"to": [12.5, 7, 12.5],
			"rotation": {"angle": 0, "axis": "y", "origin": [3, 0, 3]},
			"faces": {
				"north": {"uv": [2, 6.75, 4.25, 8.25], "texture": "#0"},
				"east": {"uv": [6.75, 2.25, 9, 3.75], "texture": "#0"},
				"south": {"uv": [6.75, 3.75, 9, 5.25], "texture": "#0"},
				"west": {"uv": [4.25, 6.75, 6.5, 8.25], "texture": "#0"},
				"up": {"uv": [2.25, 6.75, 0, 4.5], "texture": "#0"},
				"down": {"uv": [4.5, 4.5, 2.25, 6.75], "texture": "#0"}
			}
		},
		{
			"from": [4, 3, 12],
			"to": [12, 12, 13],
			"rotation": {"angle": 0, "axis": "y", "origin": [3, 0, 3]},
			"faces": {
				"north": {"uv": [4.75, 2.25, 6.75, 4.5], "texture": "#0"},
				"east": {"uv": [3.5, 9.25, 3.75, 11.5], "texture": "#0"},
				"south": {"uv": [0, 6.75, 2, 9], "texture": "#0"},
				"west": {"uv": [3.75, 9.25, 4, 11.5], "texture": "#0"},
				"up": {"uv": [11, 4.5, 9, 4.25], "texture": "#0"},
				"down": {"uv": [11, 4.5, 9, 4.75], "texture": "#0"}
			}
		},
		{
			"from": [4, 11, 8],
			"to": [12, 12, 12],
			"rotation": {"angle": 0, "axis": "y", "origin": [3, 0, 2]},
			"faces": {
				"north": {"uv": [9, 4.75, 11, 5], "texture": "#0"},
				"east": {"uv": [9, 7.25, 10, 7.5], "texture": "#0"},
				"south": {"uv": [9, 5, 11, 5.25], "texture": "#0"},
				"west": {"uv": [9, 7.5, 10, 7.75], "texture": "#0"},
				"up": {"uv": [8.75, 6.25, 6.75, 5.25], "texture": "#0"},
				"down": {"uv": [8.75, 6.25, 6.75, 7.25], "texture": "#0"}
			}
		},
		{
			"from": [12, 3, 4],
			"to": [13, 12, 13],
			"rotation": {"angle": 0, "axis": "y", "origin": [3, 0, 3]},
			"faces": {
				"north": {"uv": [2.5, 9.25, 2.75, 11.5], "texture": "#0"},
				"east": {"uv": [4.5, 4.5, 6.75, 6.75], "texture": "#0"},
				"south": {"uv": [2.75, 9.25, 3, 11.5], "texture": "#0"},
				"west": {"uv": [4.75, 0, 7, 2.25], "texture": "#0"},
				"up": {"uv": [3.25, 11.5, 3, 9.25], "texture": "#0"},
				"down": {"uv": [3.5, 9.25, 3.25, 11.5], "texture": "#0"}
			}
		},
		{
			"from": [2, 8, 2],
			"to": [3, 10, 4],
			"rotation": {"angle": 0, "axis": "y", "origin": [2, 8, 1]},
			"faces": {
				"north": {"uv": [6.5, 6.75, 6.75, 7.25], "texture": "#0"},
				"east": {"uv": [9, 7.75, 9.5, 8.25], "texture": "#0"},
				"south": {"uv": [6.5, 9.25, 6.75, 9.75], "texture": "#0"},
				"west": {"uv": [5, 9.25, 5.5, 9.75], "texture": "#0"},
				"up": {"uv": [5.25, 10.25, 5, 9.75], "texture": "#0"},
				"down": {"uv": [5.5, 9.75, 5.25, 10.25], "texture": "#0"}
			}
		},
		{
			"from": [3, 8, 2],
			"to": [13, 10, 3],
			"rotation": {"angle": 0, "axis": "y", "origin": [2, 8, 1]},
			"faces": {
				"north": {"uv": [7, 8.25, 9.5, 8.75], "texture": "#0"},
				"east": {"uv": [8.25, 10, 8.5, 10.5], "texture": "#0"},
				"south": {"uv": [2, 8.75, 4.5, 9.25], "texture": "#0"},
				"west": {"uv": [10, 8.25, 10.25, 8.75], "texture": "#0"},
				"up": {"uv": [11.5, 2.5, 9, 2.25], "texture": "#0"},
				"down": {"uv": [11.5, 2.5, 9, 2.75], "texture": "#0"}
			}
		},
		{
			"from": [13, 8, 2],
			"to": [14, 10, 4],
			"rotation": {"angle": 0, "axis": "y", "origin": [2, 8, 1]},
			"faces": {
				"north": {"uv": [8.5, 10, 8.75, 10.5], "texture": "#0"},
				"east": {"uv": [9.5, 7.75, 10, 8.25], "texture": "#0"},
				"south": {"uv": [10, 8.75, 10.25, 9.25], "texture": "#0"},
				"west": {"uv": [9.5, 8.25, 10, 8.75], "texture": "#0"},
				"up": {"uv": [10.25, 9.75, 10, 9.25], "texture": "#0"},
				"down": {"uv": [10.25, 9.75, 10, 10.25], "texture": "#0"}
			}
		},
		{
			"from": [2, 8, 4],
			"to": [3, 10, 6],
			"rotation": {"angle": 0, "axis": "y", "origin": [2, 8, 1]},
			"faces": {
				"north": {"uv": [6.5, 9.75, 6.75, 10.25], "texture": "#0"},
				"east": {"uv": [6, 9.25, 6.5, 9.75], "texture": "#0"},
				"south": {"uv": [9.75, 8.75, 10, 9.25], "texture": "#0"},
				"west": {"uv": [9.25, 6.25, 9.75, 6.75], "texture": "#0"},
				"up": {"uv": [9.5, 10.25, 9.25, 9.75], "texture": "#0"},
				"down": {"uv": [10, 9.25, 9.75, 9.75], "texture": "#0"}
			}
		},
		{
			"from": [13, 8, 4],
			"to": [14, 10, 6],
			"rotation": {"angle": 0, "axis": "y", "origin": [2, 8, 1]},
			"faces": {
				"north": {"uv": [9.5, 9.75, 9.75, 10.25], "texture": "#0"},
				"east": {"uv": [9.25, 8.75, 9.75, 9.25], "texture": "#0"},
				"south": {"uv": [9.75, 9.75, 10, 10.25], "texture": "#0"},
				"west": {"uv": [9.25, 9.25, 9.75, 9.75], "texture": "#0"},
				"up": {"uv": [10.25, 6.25, 10, 5.75], "texture": "#0"},
				"down": {"uv": [10.25, 6.25, 10, 6.75], "texture": "#0"}
			}
		},
		{
			"from": [2, 3, 4],
			"to": [3, 8, 6],
			"rotation": {"angle": 0, "axis": "y", "origin": [2, 8, 1]},
			"faces": {
				"north": {"uv": [4, 9.25, 4.25, 10.5], "texture": "#0"},
				"east": {"uv": [8.75, 5.75, 9.25, 7], "texture": "#0"},
				"south": {"uv": [4.25, 9.25, 4.5, 10.5], "texture": "#0"},
				"west": {"uv": [8.25, 8.75, 8.75, 10], "texture": "#0"},
				"up": {"uv": [5.75, 10.25, 5.5, 9.75], "texture": "#0"},
				"down": {"uv": [6, 9.75, 5.75, 10.25], "texture": "#0"}
			}
		},
		{
			"from": [13, 3, 4],
			"to": [14, 8, 6],
			"rotation": {"angle": 0, "axis": "y", "origin": [2, 8, 1]},
			"faces": {
				"north": {"uv": [4.5, 9.25, 4.75, 10.5], "texture": "#0"},
				"east": {"uv": [0.25, 9, 0.75, 10.25], "texture": "#0"},
				"south": {"uv": [4.75, 9.25, 5, 10.5], "texture": "#0"},
				"west": {"uv": [0.75, 9, 1.25, 10.25], "texture": "#0"},
				"up": {"uv": [10.25, 7.75, 10, 7.25], "texture": "#0"},
				"down": {"uv": [10.25, 7.75, 10, 8.25], "texture": "#0"}
			}
		},
		{
			"from": [2, 2, 5],
			"to": [3, 4, 20],
			"rotation": {"angle": -45, "axis": "x", "origin": [2, 4, 2]},
			"faces": {
				"north": {"uv": [9.75, 5.75, 10, 6.25], "texture": "#0"},
				"east": {"uv": [7, 0, 10.75, 0.5], "texture": "#0"},
				"south": {"uv": [6, 9.75, 6.25, 10.25], "texture": "#0"},
				"west": {"uv": [7, 0.5, 10.75, 1], "texture": "#0"},
				"up": {"uv": [7, 12.5, 6.75, 8.75], "texture": "#0"},
				"down": {"uv": [7.25, 8.75, 7, 12.5], "texture": "#0"}
			}
		},
		{
			"from": [13, 2, 5],
			"to": [14, 4, 20],
			"rotation": {"angle": -45, "axis": "x", "origin": [2, 4, 2]},
			"faces": {
				"north": {"uv": [6.25, 9.75, 6.5, 10.25], "texture": "#0"},
				"east": {"uv": [7, 1, 10.75, 1.5], "texture": "#0"},
				"south": {"uv": [9.75, 6.25, 10, 6.75], "texture": "#0"},
				"west": {"uv": [7, 1.5, 10.75, 2], "texture": "#0"},
				"up": {"uv": [7.5, 12.5, 7.25, 8.75], "texture": "#0"},
				"down": {"uv": [7.75, 8.75, 7.5, 12.5], "texture": "#0"}
			}
		},
		{
			"from": [3, 14.5, 13.75],
			"to": [13, 16.5, 15.75],
			"rotation": {"angle": 0, "axis": "y", "origin": [2, -0.5, 13.75]},
			"faces": {
				"north": {"uv": [6.5, 7.25, 9, 7.75], "texture": "#0"},
				"east": {"uv": [5.5, 9.25, 6, 9.75], "texture": "#0"},
				"south": {"uv": [6.5, 7.75, 9, 8.25], "texture": "#0"},
				"west": {"uv": [9.25, 5.75, 9.75, 6.25], "texture": "#0"},
				"up": {"uv": [4.5, 8.75, 2, 8.25], "texture": "#0"},
				"down": {"uv": [7, 8.25, 4.5, 8.75], "texture": "#0"}
			}
		},
		{
			"from": [2.5, 2, 4],
			"to": [3.5, 3, 13.5],
			"rotation": {"angle": 0, "axis": "y", "origin": [2, 7, 1]},
			"faces": {
				"north": {"uv": [9.75, 6.75, 10, 7], "texture": "#0"},
				"east": {"uv": [7, 2, 9.5, 2.25], "texture": "#0"},
				"south": {"uv": [10, 2, 10.25, 2.25], "texture": "#0"},
				"west": {"uv": [8.75, 7, 11.25, 7.25], "texture": "#0"},
				"up": {"uv": [9, 11.25, 8.75, 8.75], "texture": "#0"},
				"down": {"uv": [0.25, 9, 0, 11.5], "texture": "#0"}
			}
		},
		{
			"from": [3.5, 2, 12],
			"to": [12.5, 3, 13.5],
			"rotation": {"angle": 0, "axis": "y", "origin": [2, 7, 1]},
			"faces": {
				"north": {"uv": [9, 3.75, 11.25, 4], "texture": "#0"},
				"east": {"uv": [9.25, 6.75, 9.75, 7], "texture": "#0"},
				"south": {"uv": [9, 4, 11.25, 4.25], "texture": "#0"},
				"west": {"uv": [9.5, 2, 10, 2.25], "texture": "#0"},
				"up": {"uv": [6.75, 9.25, 4.5, 8.75], "texture": "#0"},
				"down": {"uv": [11, 5.25, 8.75, 5.75], "texture": "#0"}
			}
		},
		{
			"from": [12.5, 2, 4],
			"to": [13.5, 3, 13.5],
			"rotation": {"angle": 0, "axis": "y", "origin": [2, 7, 1]},
			"faces": {
				"north": {"uv": [10, 6.75, 10.25, 7], "texture": "#0"},
				"east": {"uv": [9, 2.75, 11.5, 3], "texture": "#0"},
				"south": {"uv": [0.25, 10.25, 0.5, 10.5], "texture": "#0"},
				"west": {"uv": [9, 3, 11.5, 3.25], "texture": "#0"},
				"up": {"uv": [1.5, 11.5, 1.25, 9], "texture": "#0"},
				"down": {"uv": [1.75, 9, 1.5, 11.5], "texture": "#0"}
			}
		}
	],
	"display": {
		"thirdperson_righthand": {
			"rotation": [45, 0, 0],
			"translation": [0, -2, -7.25],
			"scale": [0.84, 0.84, 0.84]
		},
		"thirdperson_lefthand": {
			"rotation": [45, 0, 0],
			"translation": [0, -2, -7.25],
			"scale": [0.84, 0.84, 0.84]
		},
		"firstperson_righthand": {
			"translation": [0, -4.25, 0]
		},
		"firstperson_lefthand": {
			"translation": [0, -4.25, 0]
		},
		"gui": {
			"rotation": [-148.54, 26.86, 173.08],
			"translation": [-0.5, -1, 0],
			"scale": [0.71, 0.71, 0.71]
		}
	}
}