{
	"format_version": "1.21.6",
	"credit": "Made with Blockbench",
	"texture_size": [64, 64],
	"textures": {
		"0": "kl:item/sl2o",
		"particle": "kl:item/sl2o"
	},
	"elements": [
		{
			"from": [6.25, 6.25, 13.5],
			"to": [9.75, 10, 14],
			"rotation": {"angle": 0, "axis": "y", "origin": [0.25, 0, 0]},
			"faces": {
				"north": {"uv": [11, 7, 11.75, 8], "texture": "#0"},
				"east": {"uv": [12.25, 11.5, 12.5, 12.5], "texture": "#0"},
				"south": {"uv": [11, 8, 11.75, 9], "texture": "#0"},
				"west": {"uv": [12.5, 1, 12.75, 2], "texture": "#0"},
				"up": {"uv": [13.75, 2.75, 13, 2.5], "texture": "#0"},
				"down": {"uv": [13.75, 2.75, 13, 3], "texture": "#0"}
			}
		},
		{
			"from": [6.25, 6.25, 2],
			"to": [9.75, 10, 2.5],
			"rotation": {"angle": 0, "axis": "y", "origin": [0.25, 0, -11.5]},
			"faces": {
				"north": {"uv": [5.25, 11.25, 6, 12.25], "texture": "#0"},
				"east": {"uv": [10, 12.5, 10.25, 13.5], "texture": "#0"},
				"south": {"uv": [6, 11.25, 6.75, 12.25], "texture": "#0"},
				"west": {"uv": [12.5, 10, 12.75, 11], "texture": "#0"},
				"up": {"uv": [13.75, 3.25, 13, 3], "texture": "#0"},
				"down": {"uv": [13.75, 3.25, 13, 3.5], "texture": "#0"}
			}
		},
		{
			"from": [6.25, 0, 2],
			"to": [9.75, 6.25, 14],
			"rotation": {"angle": 0, "axis": "y", "origin": [5.25, 0, 0]},
			"faces": {
				"north": {"uv": [0.5, 10, 1.5, 11.5], "texture": "#0"},
				"east": {"uv": [0, 0, 3, 1.5], "texture": "#0"},
				"south": {"uv": [10, 7, 11, 8.5], "texture": "#0"},
				"west": {"uv": [0, 1.5, 3, 3], "texture": "#0"},
				"up": {"uv": [3.5, 9.75, 2.5, 6.75], "texture": "#0"},
				"down": {"uv": [4.5, 6.75, 3.5, 9.75], "texture": "#0"}
			}
		},
		{
			"from": [2, 6.25, 13.5],
			"to": [5.5, 10, 14],
			"rotation": {"angle": 0, "axis": "y", "origin": [-4, 0, 0]},
			"faces": {
				"north": {"uv": [11.5, 5, 12.25, 6], "texture": "#0"},
				"east": {"uv": [1.5, 12.75, 1.75, 13.75], "texture": "#0"},
				"south": {"uv": [11.5, 9, 12.25, 10], "texture": "#0"},
				"west": {"uv": [1.75, 12.75, 2, 13.75], "texture": "#0"},
				"up": {"uv": [13.75, 5.25, 13, 5], "texture": "#0"},
				"down": {"uv": [13.75, 5.25, 13, 5.5], "texture": "#0"}
			}
		},
		{
			"from": [2, 6.25, 2],
			"to": [2.5, 10, 14],
			"rotation": {"angle": 0, "axis": "y", "origin": [-8, 0, 0]},
			"faces": {
				"north": {"uv": [12.25, 12.5, 12.5, 13.5], "texture": "#0"},
				"east": {"uv": [6.5, 6.75, 9.5, 7.75], "texture": "#0"},
				"south": {"uv": [12.75, 1, 13, 2], "texture": "#0"},
				"west": {"uv": [7.5, 4, 10.5, 5], "texture": "#0"},
				"up": {"uv": [0.75, 14.5, 0.5, 11.5], "texture": "#0"},
				"down": {"uv": [1, 11.5, 0.75, 14.5], "texture": "#0"}
			}
		},
		{
			"from": [2.5, 6.25, 2],
			"to": [5.5, 10, 2.5],
			"rotation": {"angle": 0, "axis": "y", "origin": [-4, 0, -11.5]},
			"faces": {
				"north": {"uv": [6.75, 11.25, 7.5, 12.25], "texture": "#0"},
				"east": {"uv": [10.25, 12.5, 10.5, 13.5], "texture": "#0"},
				"south": {"uv": [7.5, 11.25, 8.25, 12.25], "texture": "#0"},
				"west": {"uv": [10.5, 12.5, 10.75, 13.5], "texture": "#0"},
				"up": {"uv": [13.75, 3.75, 13, 3.5], "texture": "#0"},
				"down": {"uv": [13.75, 3.75, 13, 4], "texture": "#0"}
			}
		},
		{
			"from": [2, 0, 2],
			"to": [5.5, 6.25, 14],
			"rotation": {"angle": 0, "axis": "y", "origin": [1, 0, 0]},
			"faces": {
				"north": {"uv": [10, 8.5, 11, 10], "texture": "#0"},
				"east": {"uv": [0, 3, 3, 4.5], "texture": "#0"},
				"south": {"uv": [10, 10, 11, 11.5], "texture": "#0"},
				"west": {"uv": [3, 0, 6, 1.5], "texture": "#0"},
				"up": {"uv": [5.5, 9.75, 4.5, 6.75], "texture": "#0"},
				"down": {"uv": [6.5, 6.75, 5.5, 9.75], "texture": "#0"}
			}
		},
		{
			"from": [10.5, 6.25, 13.5],
			"to": [13.5, 10, 14],
			"rotation": {"angle": 0, "axis": "y", "origin": [4.5, 0, 0]},
			"faces": {
				"north": {"uv": [11.5, 11, 12.25, 12], "texture": "#0"},
				"east": {"uv": [12.75, 6, 13, 7], "texture": "#0"},
				"south": {"uv": [1.5, 11.75, 2.25, 12.75], "texture": "#0"},
				"west": {"uv": [12.75, 9, 13, 10], "texture": "#0"},
				"up": {"uv": [13.75, 6.25, 13, 6], "texture": "#0"},
				"down": {"uv": [13.75, 6.25, 13, 6.5], "texture": "#0"}
			}
		},
		{
			"from": [13.5, 6.25, 2],
			"to": [14, 10, 14],
			"rotation": {"angle": 0, "axis": "y", "origin": [3.5, 0, 0]},
			"faces": {
				"north": {"uv": [12.75, 3, 13, 4], "texture": "#0"},
				"east": {"uv": [6.5, 7.75, 9.5, 8.75], "texture": "#0"},
				"south": {"uv": [12.75, 5, 13, 6], "texture": "#0"},
				"west": {"uv": [8.5, 5, 11.5, 6], "texture": "#0"},
				"up": {"uv": [1.25, 14.5, 1, 11.5], "texture": "#0"},
				"down": {"uv": [1.5, 11.5, 1.25, 14.5], "texture": "#0"}
			}
		},
		{
			"from": [10.5, 6.25, 2],
			"to": [13.5, 10, 2.5],
			"rotation": {"angle": 0, "axis": "y", "origin": [4.5, 0, -11.5]},
			"faces": {
				"north": {"uv": [10, 11.5, 10.75, 12.5], "texture": "#0"},
				"east": {"uv": [2, 12.75, 2.25, 13.75], "texture": "#0"},
				"south": {"uv": [11.5, 10, 12.25, 11], "texture": "#0"},
				"west": {"uv": [12.75, 2, 13, 3], "texture": "#0"},
				"up": {"uv": [13.75, 5.75, 13, 5.5], "texture": "#0"},
				"down": {"uv": [13.75, 5.75, 13, 6], "texture": "#0"}
			}
		},
		{
			"from": [10.5, 0, 2],
			"to": [14, 6.25, 14],
			"rotation": {"angle": 0, "axis": "y", "origin": [9.5, 0, 0]},
			"faces": {
				"north": {"uv": [1.5, 10.25, 2.5, 11.75], "texture": "#0"},
				"east": {"uv": [3, 1.5, 6, 3], "texture": "#0"},
				"south": {"uv": [2.5, 10.25, 3.5, 11.75], "texture": "#0"},
				"west": {"uv": [3, 3, 6, 4.5], "texture": "#0"},
				"up": {"uv": [1, 10, 0, 7], "texture": "#0"},
				"down": {"uv": [2, 7, 1, 10], "texture": "#0"}
			}
		},
		{
			"from": [2.5, 9, 1],
			"to": [13.5, 10.5, 2.5],
			"rotation": {"angle": 0, "axis": "y", "origin": [1, 9, 1]},
			"faces": {
				"north": {"uv": [3.5, 10.25, 6.25, 10.75], "texture": "#0"},
				"east": {"uv": [6, 4, 6.5, 4.5], "texture": "#0"},
				"south": {"uv": [6.25, 10.25, 9, 10.75], "texture": "#0"},
				"west": {"uv": [6.5, 4, 7, 4.5], "texture": "#0"},
				"up": {"uv": [13.25, 4.5, 10.5, 4], "texture": "#0"},
				"down": {"uv": [13.25, 4.5, 10.5, 5], "texture": "#0"}
			}
		},
		{
			"from": [1, 9, 1],
			"to": [2.5, 10.5, 13.5],
			"rotation": {"angle": 0, "axis": "y", "origin": [1, 9, 1]},
			"faces": {
				"north": {"uv": [7, 4, 7.5, 4.5], "texture": "#0"},
				"east": {"uv": [9, 3.5, 12.25, 4], "texture": "#0"},
				"south": {"uv": [7.5, 5, 8, 5.5], "texture": "#0"},
				"west": {"uv": [9.5, 6.5, 12.75, 7], "texture": "#0"},
				"up": {"uv": [2.5, 10.25, 2, 7], "texture": "#0"},
				"down": {"uv": [10, 7, 9.5, 10.25], "texture": "#0"}
			}
		},
		{
			"from": [13.5, 9, 1],
			"to": [15, 10.5, 13.5],
			"rotation": {"angle": 0, "axis": "y", "origin": [1, 9, 1]},
			"faces": {
				"north": {"uv": [12.75, 10.5, 13.25, 11], "texture": "#0"},
				"east": {"uv": [2.5, 9.75, 5.75, 10.25], "texture": "#0"},
				"south": {"uv": [12.75, 11, 13.25, 11.5], "texture": "#0"},
				"west": {"uv": [5.75, 9.75, 9, 10.25], "texture": "#0"},
				"up": {"uv": [9.5, 13, 9, 9.75], "texture": "#0"},
				"down": {"uv": [0.5, 10, 0, 13.25], "texture": "#0"}
			}
		},
		{
			"from": [5.5, 5.75, 9.5],
			"to": [6.25, 6.5, 18.5],
			"rotation": {"angle": 22.5, "axis": "x", "origin": [5.9, 6.1, 10]},
			"faces": {
				"north": {"uv": [12, 6, 12.25, 6.25], "texture": "#0"},
				"east": {"uv": [12, 0, 14.25, 0.25], "texture": "#0"},
				"south": {"uv": [12, 6.25, 12.25, 6.5], "texture": "#0"},
				"west": {"uv": [12, 0.25, 14.25, 0.5], "texture": "#0"},
				"up": {"uv": [12.25, 14.25, 12, 12], "texture": "#0"},
				"down": {"uv": [5.5, 12.25, 5.25, 14.5], "texture": "#0"}
			}
		},
		{
			"from": [9.75, 5.75, 9.5],
			"to": [10.5, 6.5, 18.5],
			"rotation": {"angle": 22.5, "axis": "x", "origin": [10.15, 6.1, 10]},
			"faces": {
				"north": {"uv": [12.25, 3.5, 12.5, 3.75], "texture": "#0"},
				"east": {"uv": [12, 0.5, 14.25, 0.75], "texture": "#0"},
				"south": {"uv": [12.25, 3.75, 12.5, 4], "texture": "#0"},
				"west": {"uv": [12, 0.75, 14.25, 1], "texture": "#0"},
				"up": {"uv": [5.75, 14.5, 5.5, 12.25], "texture": "#0"},
				"down": {"uv": [6, 12.25, 5.75, 14.5], "texture": "#0"}
			}
		},
		{
			"from": [15, 9.25, 9.5],
			"to": [15.75, 10, 20.5],
			"rotation": {"angle": -22.5, "axis": "x", "origin": [15.4, 9.6, 10]},
			"faces": {
				"north": {"uv": [0.25, 13.25, 0.5, 13.5], "texture": "#0"},
				"east": {"uv": [11.75, 8, 14.5, 8.25], "texture": "#0"},
				"south": {"uv": [13.25, 4, 13.5, 4.25], "texture": "#0"},
				"west": {"uv": [11.75, 8.25, 14.5, 8.5], "texture": "#0"},
				"up": {"uv": [2.75, 14.5, 2.5, 11.75], "texture": "#0"},
				"down": {"uv": [3, 11.75, 2.75, 14.5], "texture": "#0"}
			}
		},
		{
			"from": [1, 9.25, 18.5],
			"to": [15, 10, 20.5],
			"rotation": {"angle": -22.5, "axis": "x", "origin": [15.4, 9.6, 10]},
			"faces": {
				"north": {"uv": [5, 10.75, 8.5, 11], "texture": "#0"},
				"east": {"uv": [13, 11.5, 13.5, 11.75], "texture": "#0"},
				"south": {"uv": [5, 11, 8.5, 11.25], "texture": "#0"},
				"west": {"uv": [13, 11.75, 13.5, 12], "texture": "#0"},
				"up": {"uv": [12.5, 3, 9, 2.5], "texture": "#0"},
				"down": {"uv": [12.5, 3, 9, 3.5], "texture": "#0"}
			}
		},
		{
			"from": [0.25, 9.25, 9.5],
			"to": [1, 10, 20.5],
			"rotation": {"angle": -22.5, "axis": "x", "origin": [0.65, 9.6, 10]},
			"faces": {
				"north": {"uv": [13.25, 4.25, 13.5, 4.5], "texture": "#0"},
				"east": {"uv": [11.75, 8.5, 14.5, 8.75], "texture": "#0"},
				"south": {"uv": [13.25, 4.5, 13.5, 4.75], "texture": "#0"},
				"west": {"uv": [11.75, 8.75, 14.5, 9], "texture": "#0"},
				"up": {"uv": [3.25, 14.5, 3, 11.75], "texture": "#0"},
				"down": {"uv": [3.5, 11.75, 3.25, 14.5], "texture": "#0"}
			}
		},
		{
			"from": [6.25, 5.75, 17.75],
			"to": [9.75, 6.5, 18.5],
			"rotation": {"angle": 22.5, "axis": "x", "origin": [10.15, 6.1, 10]},
			"faces": {
				"north": {"uv": [7.5, 5.5, 8.5, 5.75], "texture": "#0"},
				"east": {"uv": [12.5, 6, 12.75, 6.25], "texture": "#0"},
				"south": {"uv": [8.5, 6.5, 9.5, 6.75], "texture": "#0"},
				"west": {"uv": [12.5, 6.25, 12.75, 6.5], "texture": "#0"},
				"up": {"uv": [14, 1.25, 13, 1], "texture": "#0"},
				"down": {"uv": [14, 1.25, 13, 1.5], "texture": "#0"}
			}
		},
		{
			"from": [6.25, 5.75, 13.75],
			"to": [9.75, 6.5, 14.75],
			"rotation": {"angle": 22.5, "axis": "x", "origin": [10.15, 6.1, 10]},
			"faces": {
				"north": {"uv": [13, 1.5, 14, 1.75], "texture": "#0"},
				"east": {"uv": [9.75, 13, 10, 13.25], "texture": "#0"},
				"south": {"uv": [13, 1.75, 14, 2], "texture": "#0"},
				"west": {"uv": [13, 12, 13.25, 12.25], "texture": "#0"},
				"up": {"uv": [14, 2.25, 13, 2], "texture": "#0"},
				"down": {"uv": [14, 2.25, 13, 2.5], "texture": "#0"}
			}
		},
		{
			"from": [1, 9, 13.5],
			"to": [15, 10.5, 15],
			"rotation": {"angle": 0, "axis": "y", "origin": [1, 9, 1]},
			"faces": {
				"north": {"uv": [8.5, 6, 12, 6.5], "texture": "#0"},
				"east": {"uv": [8, 5, 8.5, 5.5], "texture": "#0"},
				"south": {"uv": [9, 1, 12.5, 1.5], "texture": "#0"},
				"west": {"uv": [12.75, 10, 13.25, 10.5], "texture": "#0"},
				"up": {"uv": [12.5, 2, 9, 1.5], "texture": "#0"},
				"down": {"uv": [12.5, 2, 9, 2.5], "texture": "#0"}
			}
		},
		{
			"from": [5.5, -0.75, 6],
			"to": [6.5, 5, 7],
			"rotation": {"angle": 0, "axis": "y", "origin": [4.5, 0, 8]},
			"faces": {
				"north": {"uv": [12.25, 5, 12.5, 6.5], "texture": "#0"},
				"east": {"uv": [6, 12.25, 6.25, 13.75], "texture": "#0"},
				"south": {"uv": [6.25, 12.25, 6.5, 13.75], "texture": "#0"},
				"west": {"uv": [6.5, 12.25, 6.75, 13.75], "texture": "#0"},
				"up": {"uv": [13.25, 12.5, 13, 12.25], "texture": "#0"},
				"down": {"uv": [12.75, 13, 12.5, 13.25], "texture": "#0"}
			}
		},
		{
			"from": [6.5, -0.75, 6],
			"to": [9.5, 0, 7],
			"rotation": {"angle": 0, "axis": "y", "origin": [4.5, 0, 8]},
			"faces": {
				"north": {"uv": [13, 6.5, 13.75, 6.75], "texture": "#0"},
				"east": {"uv": [13, 13, 13.25, 13.25], "texture": "#0"},
				"south": {"uv": [13, 6.75, 13.75, 7], "texture": "#0"},
				"west": {"uv": [0, 13.25, 0.25, 13.5], "texture": "#0"},
				"up": {"uv": [9.75, 13.25, 9, 13], "texture": "#0"},
				"down": {"uv": [13.75, 9, 13, 9.25], "texture": "#0"}
			}
		},
		{
			"from": [9.5, -0.75, 6],
			"to": [10.5, 5, 7],
			"rotation": {"angle": 0, "axis": "y", "origin": [8.5, 0, 8]},
			"faces": {
				"north": {"uv": [6.75, 12.25, 7, 13.75], "texture": "#0"},
				"east": {"uv": [7, 12.25, 7.25, 13.75], "texture": "#0"},
				"south": {"uv": [7.25, 12.25, 7.5, 13.75], "texture": "#0"},
				"west": {"uv": [7.5, 12.25, 7.75, 13.75], "texture": "#0"},
				"up": {"uv": [13.25, 12.75, 13, 12.5], "texture": "#0"},
				"down": {"uv": [13.25, 12.75, 13, 13], "texture": "#0"}
			}
		},
		{
			"from": [9.74, 5.25, 2.5],
			"to": [10.51, 10.5, 13.5],
			"rotation": {"angle": 0, "axis": "y", "origin": [8.5, 0, 8]},
			"faces": {
				"north": {"uv": [12.25, 9, 12.5, 10.25], "texture": "#0"},
				"east": {"uv": [5, 4.5, 7.5, 5.75], "texture": "#0"},
				"south": {"uv": [12.25, 10.25, 12.5, 11.5], "texture": "#0"},
				"west": {"uv": [0, 5.75, 2.5, 7], "texture": "#0"},
				"up": {"uv": [11.75, 14.5, 11.5, 12], "texture": "#0"},
				"down": {"uv": [12, 12, 11.75, 14.5], "texture": "#0"}
			}
		},
		{
			"from": [5.49, 5.25, 2.5],
			"to": [6.26, 10.5, 13.5],
			"rotation": {"angle": 0, "axis": "y", "origin": [4.25, 0, 8]},
			"faces": {
				"north": {"uv": [12.25, 9, 12.5, 10.25], "texture": "#0"},
				"east": {"uv": [5, 4.5, 7.5, 5.75], "texture": "#0"},
				"south": {"uv": [12.25, 10.25, 12.5, 11.5], "texture": "#0"},
				"west": {"uv": [0, 5.75, 2.5, 7], "texture": "#0"},
				"up": {"uv": [11.75, 14.5, 11.5, 12], "texture": "#0"},
				"down": {"uv": [12, 12, 11.75, 14.5], "texture": "#0"}
			}
		}
	],
	"display": {
		"thirdperson_righthand": {
			"rotation": [21, 0, 0],
			"translation": [0, -2.25, -8.5],
			"scale": [0.84, 0.84, 0.84]
		},
		"thirdperson_lefthand": {
			"rotation": [21, 0, 0],
			"translation": [0, -2.25, -8.5],
			"scale": [0.84, 0.84, 0.84]
		},
		"firstperson_righthand": {
			"rotation": [-10.25, 0, 0],
			"translation": [0, -2.75, 0]
		},
		"firstperson_lefthand": {
			"rotation": [-10.25, 0, 0],
			"translation": [0, -2.75, 0]
		},
		"gui": {
			"rotation": [-93, -19, -161],
			"translation": [0.5, -1.75, 0],
			"scale": [0.71, 0.71, 0.71]
		}
	}
}