{
	"format_version": "1.21.6",
	"credit": "Made with Blockbench",
	"texture_size": [64, 64],
	"textures": {
		"0": "kl:item/sl3",
		"particle": "kl:item/sl3"
	},
	"elements": [
		{
			"from": [2.75, 9, 2],
			"to": [13.25, 11, 4],
			"rotation": {"angle": 0, "axis": "y", "origin": [8, 8.66371, 9.475]},
			"faces": {
				"north": {"uv": [8, 4.5, 10.75, 5], "texture": "#0"},
				"east": {"uv": [5.5, 14, 6, 14.5], "texture": "#0"},
				"south": {"uv": [10.25, 7, 13, 7.5], "texture": "#0"},
				"west": {"uv": [6, 14, 6.5, 14.5], "texture": "#0"},
				"up": {"uv": [13, 8, 10.25, 7.5], "texture": "#0"},
				"down": {"uv": [13, 8, 10.25, 8.5], "texture": "#0"}
			}
		},
		{
			"from": [10.5, 2, 2.2],
			"to": [12.5, 9, 3.45],
			"rotation": {"angle": 0, "axis": "y", "origin": [8, 8.66371, 9.475]},
			"faces": {
				"north": {"uv": [8.5, 11.75, 9, 13.5], "texture": "#0"},
				"east": {"uv": [1.5, 13.75, 1.75, 15.5], "texture": "#0"},
				"south": {"uv": [9, 11.75, 9.5, 13.5], "texture": "#0"},
				"west": {"uv": [1.75, 13.75, 2, 15.5], "texture": "#0"},
				"up": {"uv": [15.25, 9, 14.75, 8.75], "texture": "#0"},
				"down": {"uv": [10.25, 14.75, 9.75, 15], "texture": "#0"}
			}
		},
		{
			"from": [3.5, 2, 2.2],
			"to": [5.5, 9, 3.45],
			"rotation": {"angle": 0, "axis": "y", "origin": [8, 8.66371, 9.475]},
			"faces": {
				"north": {"uv": [0, 12, 0.5, 13.75], "texture": "#0"},
				"east": {"uv": [2, 13.75, 2.25, 15.5], "texture": "#0"},
				"south": {"uv": [0.5, 12, 1, 13.75], "texture": "#0"},
				"west": {"uv": [2.25, 13.75, 2.5, 15.5], "texture": "#0"},
				"up": {"uv": [10.75, 15, 10.25, 14.75], "texture": "#0"},
				"down": {"uv": [15.25, 10.75, 14.75, 11], "texture": "#0"}
			}
		},
		{
			"from": [7, 2, 2.2],
			"to": [9, 9, 3.45],
			"rotation": {"angle": 0, "axis": "y", "origin": [8, 8.66371, 9.475]},
			"faces": {
				"north": {"uv": [1, 12, 1.5, 13.75], "texture": "#0"},
				"east": {"uv": [2.5, 13.75, 2.75, 15.5], "texture": "#0"},
				"south": {"uv": [1.5, 12, 2, 13.75], "texture": "#0"},
				"west": {"uv": [2.75, 13.75, 3, 15.5], "texture": "#0"},
				"up": {"uv": [15.25, 14.5, 14.75, 14.25], "texture": "#0"},
				"down": {"uv": [15.25, 14.5, 14.75, 14.75], "texture": "#0"}
			}
		},
		{
			"from": [2.75, 0, 2],
			"to": [13.25, 2, 4],
			"rotation": {"angle": 0, "axis": "y", "origin": [8, 8.66371, 9.475]},
			"faces": {
				"north": {"uv": [10.25, 10, 13, 10.5], "texture": "#0"},
				"east": {"uv": [11.75, 14, 12.25, 14.5], "texture": "#0"},
				"south": {"uv": [10.5, 0, 13.25, 0.5], "texture": "#0"},
				"west": {"uv": [12.25, 14, 12.75, 14.5], "texture": "#0"},
				"up": {"uv": [13.25, 1, 10.5, 0.5], "texture": "#0"},
				"down": {"uv": [13.25, 1, 10.5, 1.5], "texture": "#0"}
			}
		},
		{
			"from": [2.5, 0, 3.9],
			"to": [13.5, 11, 14],
			"rotation": {"angle": 0, "axis": "y", "origin": [8, 8.66371, 9.475]},
			"faces": {
				"north": {"uv": [0, 0, 2.75, 2.75], "texture": "#0"},
				"east": {"uv": [2.75, 0, 5.25, 2.75], "texture": "#0"},
				"south": {"uv": [0, 2.75, 2.75, 5.5], "texture": "#0"},
				"west": {"uv": [2.75, 2.75, 5.25, 5.5], "texture": "#0"},
				"up": {"uv": [8, 2.5, 5.25, 0], "texture": "#0"},
				"down": {"uv": [8, 2.5, 5.25, 5], "texture": "#0"}
			}
		},
		{
			"from": [2.5, 11, 3.9],
			"to": [13.5, 14, 12],
			"rotation": {"angle": 0, "axis": "y", "origin": [8, 8.66371, 9.475]},
			"faces": {
				"north": {"uv": [8.75, 8.5, 11.5, 9.25], "texture": "#0"},
				"east": {"uv": [0, 10.25, 2, 11], "texture": "#0"},
				"south": {"uv": [5.25, 9.25, 8, 10], "texture": "#0"},
				"west": {"uv": [2, 10.25, 4, 11], "texture": "#0"},
				"up": {"uv": [5.25, 7.5, 2.5, 5.5], "texture": "#0"},
				"down": {"uv": [5.25, 7.5, 2.5, 9.5], "texture": "#0"}
			}
		},
		{
			"from": [2.51, 8.19913, 11.6285],
			"to": [13.49, 11.79913, 14.5285],
			"rotation": {"angle": -32.5, "axis": "x", "origin": [8, 8.66371, 9.475]},
			"faces": {
				"north": {"uv": [7.75, 5, 10.5, 6], "texture": "#0"},
				"east": {"uv": [4, 13, 4.75, 14], "texture": "#0"},
				"south": {"uv": [7.75, 6, 10.5, 7], "texture": "#0"},
				"west": {"uv": [13, 7, 13.75, 8], "texture": "#0"},
				"up": {"uv": [10.75, 10, 8, 9.25], "texture": "#0"},
				"down": {"uv": [2.75, 9.5, 0, 10.25], "texture": "#0"}
			}
		},
		{
			"from": [6.5, 8.48828, 14.24417],
			"to": [9.5, 11.48828, 15.49417],
			"rotation": {"angle": -32.5, "axis": "x", "origin": [8, 8.66371, 9.475]},
			"faces": {
				"north": {"uv": [8.5, 13.5, 9.25, 14.25], "texture": "#0"},
				"east": {"uv": [14, 14.5, 14.25, 15.25], "texture": "#0"},
				"south": {"uv": [10.5, 13.5, 11.25, 14.25], "texture": "#0"},
				"west": {"uv": [14.25, 14.5, 14.5, 15.25], "texture": "#0"},
				"up": {"uv": [15.25, 4.5, 14.5, 4.25], "texture": "#0"},
				"down": {"uv": [15.25, 13, 14.5, 13.25], "texture": "#0"}
			}
		},
		{
			"from": [8.75, 8.73828, 14.24417],
			"to": [9.25, 9.23828, 15.74417],
			"rotation": {"angle": -32.5, "axis": "x", "origin": [8, 8.66371, 9.475]},
			"faces": {
				"north": {"uv": [15.25, 9.25, 15.5, 9.5], "texture": "#0"},
				"east": {"uv": [14.75, 14.75, 15.25, 15], "texture": "#0"},
				"south": {"uv": [15.25, 9.5, 15.5, 9.75], "texture": "#0"},
				"west": {"uv": [0, 15, 0.5, 15.25], "texture": "#0"},
				"up": {"uv": [11, 15.25, 10.75, 14.75], "texture": "#0"},
				"down": {"uv": [15.25, 0, 15, 0.5], "texture": "#0"}
			}
		},
		{
			"from": [6.75, 9.73828, 14.24417],
			"to": [8.25, 11.23828, 15.74417],
			"rotation": {"angle": -32.5, "axis": "x", "origin": [8, 8.66371, 9.475]},
			"faces": {
				"north": {"uv": [8.5, 14.25, 9, 14.75], "texture": "#0"},
				"east": {"uv": [10.5, 14.25, 11, 14.75], "texture": "#0"},
				"south": {"uv": [0, 14.5, 0.5, 15], "texture": "#0"},
				"west": {"uv": [0.5, 14.5, 1, 15], "texture": "#0"},
				"up": {"uv": [15, 1.25, 14.5, 0.75], "texture": "#0"},
				"down": {"uv": [15, 1.25, 14.5, 1.75], "texture": "#0"}
			}
		},
		{
			"from": [2.76, 6.6141, 1.9335],
			"to": [13.24, 10.2141, 4.8335],
			"rotation": {"angle": 32.5, "axis": "x", "origin": [8, 8.66371, 9.475]},
			"faces": {
				"north": {"uv": [0, 8, 2.5, 9], "texture": "#0"},
				"east": {"uv": [13, 9, 13.75, 10], "texture": "#0"},
				"south": {"uv": [8, 0, 10.5, 1], "texture": "#0"},
				"west": {"uv": [13, 10, 13.75, 11], "texture": "#0"},
				"up": {"uv": [5.25, 10.25, 2.75, 9.5], "texture": "#0"},
				"down": {"uv": [12, 3, 9.5, 3.75], "texture": "#0"}
			}
		},
		{
			"from": [2.76, -3.6359, 1.4335],
			"to": [13.24, -0.0359, 4.3335],
			"rotation": {"angle": 42.5, "axis": "x", "origin": [8, -1.58629, 8.975]},
			"faces": {
				"north": {"uv": [8, 1, 10.5, 2], "texture": "#0"},
				"east": {"uv": [11.25, 13, 12, 14], "texture": "#0"},
				"south": {"uv": [8, 2, 10.5, 3], "texture": "#0"},
				"west": {"uv": [12, 13, 12.75, 14], "texture": "#0"},
				"up": {"uv": [12, 4.5, 9.5, 3.75], "texture": "#0"},
				"down": {"uv": [7.75, 10, 5.25, 10.75], "texture": "#0"}
			}
		},
		{
			"from": [3, -1.25, 4],
			"to": [13, -0.25, 13.5],
			"rotation": {"angle": 0, "axis": "y", "origin": [8, 8.66371, 9.475]},
			"faces": {
				"north": {"uv": [13, 8, 15.5, 8.25], "texture": "#0"},
				"east": {"uv": [13, 8.25, 15.5, 8.5], "texture": "#0"},
				"south": {"uv": [13, 11, 15.5, 11.25], "texture": "#0"},
				"west": {"uv": [13, 11.25, 15.5, 11.5], "texture": "#0"},
				"up": {"uv": [7.75, 7.5, 5.25, 5], "texture": "#0"},
				"down": {"uv": [2.5, 5.5, 0, 8], "texture": "#0"}
			}
		},
		{
			"from": [4.5, -0.25, 5.5],
			"to": [11.5, 0.75, 12],
			"rotation": {"angle": 0, "axis": "y", "origin": [8, 8.66371, 9.475]},
			"faces": {
				"north": {"uv": [13.75, 5, 15.5, 5.25], "texture": "#0"},
				"east": {"uv": [13.75, 5.25, 15.5, 5.5], "texture": "#0"},
				"south": {"uv": [13.75, 5.5, 15.5, 5.75], "texture": "#0"},
				"west": {"uv": [13.75, 5.75, 15.5, 6], "texture": "#0"},
				"up": {"uv": [7, 9.25, 5.25, 7.5], "texture": "#0"},
				"down": {"uv": [8.75, 7.5, 7, 9.25], "texture": "#0"}
			}
		},
		{
			"from": [3.5, -1, 4.5],
			"to": [4.5, 0, 5.5],
			"rotation": {"angle": 0, "axis": "y", "origin": [8, 8.66371, 9.475]},
			"faces": {
				"north": {"uv": [9.5, 13, 9.75, 13.25], "texture": "#0"},
				"east": {"uv": [10.5, 13.25, 10.75, 13.5], "texture": "#0"},
				"south": {"uv": [11, 14.25, 11.25, 14.5], "texture": "#0"},
				"west": {"uv": [15, 11.5, 15.25, 11.75], "texture": "#0"},
				"up": {"uv": [12, 15.25, 11.75, 15], "texture": "#0"},
				"down": {"uv": [15.25, 11.75, 15, 12], "texture": "#0"}
			}
		},
		{
			"from": [11.5, -1, 4.5],
			"to": [12.5, 0, 5.5],
			"rotation": {"angle": 0, "axis": "y", "origin": [8, 8.66371, 9.475]},
			"faces": {
				"north": {"uv": [15.25, 0.25, 15.5, 0.5], "texture": "#0"},
				"east": {"uv": [15.25, 0.75, 15.5, 1], "texture": "#0"},
				"south": {"uv": [1, 15.25, 1.25, 15.5], "texture": "#0"},
				"west": {"uv": [15.25, 1, 15.5, 1.25], "texture": "#0"},
				"up": {"uv": [15.5, 1.5, 15.25, 1.25], "texture": "#0"},
				"down": {"uv": [15.5, 1.5, 15.25, 1.75], "texture": "#0"}
			}
		},
		{
			"from": [3.5, -1, 12],
			"to": [4.5, 0, 13],
			"rotation": {"angle": 0, "axis": "y", "origin": [8, 8.66371, 9.475]},
			"faces": {
				"north": {"uv": [12, 15, 12.25, 15.25], "texture": "#0"},
				"east": {"uv": [12.25, 15, 12.5, 15.25], "texture": "#0"},
				"south": {"uv": [12.5, 15, 12.75, 15.25], "texture": "#0"},
				"west": {"uv": [12.75, 15, 13, 15.25], "texture": "#0"},
				"up": {"uv": [13.25, 15.25, 13, 15], "texture": "#0"},
				"down": {"uv": [13.5, 15, 13.25, 15.25], "texture": "#0"}
			}
		},
		{
			"from": [11.5, -1, 12],
			"to": [12.5, 0, 13],
			"rotation": {"angle": 0, "axis": "y", "origin": [8, 8.66371, 9.475]},
			"faces": {
				"north": {"uv": [15, 13.25, 15.25, 13.5], "texture": "#0"},
				"east": {"uv": [14.75, 15, 15, 15.25], "texture": "#0"},
				"south": {"uv": [15, 15, 15.25, 15.25], "texture": "#0"},
				"west": {"uv": [0, 15.25, 0.25, 15.5], "texture": "#0"},
				"up": {"uv": [15.5, 0.25, 15.25, 0], "texture": "#0"},
				"down": {"uv": [0.5, 15.25, 0.25, 15.5], "texture": "#0"}
			}
		},
		{
			"from": [3.5, 1.01, 16],
			"to": [12.5, 2.53, 17],
			"rotation": {"angle": 0, "axis": "y", "origin": [8, 8.66371, 9.475]},
			"faces": {
				"north": {"uv": [0, 9, 2.25, 9.5], "texture": "#0"},
				"east": {"uv": [5, 10.25, 5.25, 10.75], "texture": "#0"},
				"south": {"uv": [10.75, 9.25, 13, 9.75], "texture": "#0"},
				"west": {"uv": [7.5, 10.75, 7.75, 11.25], "texture": "#0"},
				"up": {"uv": [13, 10, 10.75, 9.75], "texture": "#0"},
				"down": {"uv": [16, 0.5, 13.75, 0.75], "texture": "#0"}
			}
		},
		{
			"from": [13.30946, 1, 12.4059],
			"to": [14.30946, 2.5, 15.5559],
			"rotation": {"angle": -15, "axis": "y", "origin": [8, 8.66371, 9.475]},
			"faces": {
				"north": {"uv": [8.5, 7, 8.75, 7.5], "texture": "#0"},
				"east": {"uv": [7.75, 7, 8.5, 7.5], "texture": "#0"},
				"south": {"uv": [2.25, 9, 2.5, 9.5], "texture": "#0"},
				"west": {"uv": [13.75, 7.25, 14.5, 7.75], "texture": "#0"},
				"up": {"uv": [8.25, 15, 8, 14.25], "texture": "#0"},
				"down": {"uv": [9.25, 14.25, 9, 15], "texture": "#0"}
			}
		},
		{
			"from": [1.69054, 1, 12.4059],
			"to": [2.69054, 2.5, 15.5559],
			"rotation": {"angle": 15, "axis": "y", "origin": [8, 8.66371, 9.475]},
			"faces": {
				"north": {"uv": [3.75, 11, 4, 11.5], "texture": "#0"},
				"east": {"uv": [7.5, 13.75, 8.25, 14.25], "texture": "#0"},
				"south": {"uv": [4.75, 13, 5, 13.5], "texture": "#0"},
				"west": {"uv": [13.75, 13, 14.5, 13.5], "texture": "#0"},
				"up": {"uv": [13.75, 15.25, 13.5, 14.5], "texture": "#0"},
				"down": {"uv": [14, 14.5, 13.75, 15.25], "texture": "#0"}
			}
		},
		{
			"from": [5, 14, 4.25],
			"to": [11, 15, 10.25],
			"rotation": {"angle": 0, "axis": "y", "origin": [8, 8.66371, 9.475]},
			"faces": {
				"north": {"uv": [11.5, 9, 13, 9.25], "texture": "#0"},
				"east": {"uv": [13.75, 6, 15.25, 6.25], "texture": "#0"},
				"south": {"uv": [13.75, 6.25, 15.25, 6.5], "texture": "#0"},
				"west": {"uv": [13.75, 7, 15.25, 7.25], "texture": "#0"},
				"up": {"uv": [9.5, 4.5, 8, 3], "texture": "#0"},
				"down": {"uv": [10.25, 7, 8.75, 8.5], "texture": "#0"}
			}
		},
		{
			"from": [5.5, 15, 4.75],
			"to": [10.5, 17, 9.75],
			"rotation": {"angle": 0, "axis": "y", "origin": [8, 8.66371, 9.475]},
			"faces": {
				"north": {"uv": [13.25, 6.5, 14.5, 7], "texture": "#0"},
				"east": {"uv": [13.25, 11.5, 14.5, 12], "texture": "#0"},
				"south": {"uv": [13.5, 4.5, 14.75, 5], "texture": "#0"},
				"west": {"uv": [4.75, 13.5, 6, 14], "texture": "#0"},
				"up": {"uv": [9, 11.25, 7.75, 10], "texture": "#0"},
				"down": {"uv": [10.25, 10, 9, 11.25], "texture": "#0"}
			}
		},
		{
			"from": [5.75, 17.45049, 12.20572],
			"to": [10.25, 18.20049, 12.20572],
			"rotation": {"angle": -22.5, "axis": "x", "origin": [8, 8.66371, 9.725]},
			"faces": {
				"north": {"uv": [14.25, 12.5, 15.25, 12.75], "texture": "#0"},
				"east": {"uv": [0, 0, 0, 0.25], "texture": "#0"},
				"south": {"uv": [14.25, 12.75, 15.25, 13], "texture": "#0"},
				"west": {"uv": [0, 0, 0, 0.25], "texture": "#0"},
				"up": {"uv": [1, 0, 0, 0], "texture": "#0"},
				"down": {"uv": [1, 0, 0, 0], "texture": "#0"}
			}
		},
		{
			"from": [5.75, 17.83318, 11.03184],
			"to": [10.25, 18.58318, 11.03184],
			"rotation": {"angle": -22.5, "axis": "x", "origin": [8, 8.66371, 9.475]},
			"faces": {
				"north": {"uv": [14.25, 13.5, 15.25, 13.75], "texture": "#0"},
				"east": {"uv": [0, 0, 0, 0.25], "texture": "#0"},
				"south": {"uv": [13.75, 14.25, 14.75, 14.5], "texture": "#0"},
				"west": {"uv": [0, 0, 0, 0.25], "texture": "#0"},
				"up": {"uv": [1, 0, 0, 0], "texture": "#0"},
				"down": {"uv": [1, 0, 0, 0], "texture": "#0"}
			}
		},
		{
			"from": [5.75, 18.21586, 9.85796],
			"to": [10.25, 18.96586, 9.85796],
			"rotation": {"angle": -22.5, "axis": "x", "origin": [8, 8.66371, 9.225]},
			"faces": {
				"north": {"uv": [14.25, 13.75, 15.25, 14], "texture": "#0"},
				"east": {"uv": [0, 0, 0, 0.25], "texture": "#0"},
				"south": {"uv": [14.25, 14, 15.25, 14.25], "texture": "#0"},
				"west": {"uv": [0, 0, 0, 0.25], "texture": "#0"},
				"up": {"uv": [1, 0, 0, 0], "texture": "#0"},
				"down": {"uv": [1, 0, 0, 0], "texture": "#0"}
			}
		},
		{
			"from": [5.75, 17, 4],
			"to": [10.25, 18, 5],
			"rotation": {"angle": 0, "axis": "y", "origin": [8, 8.66371, 8.975]},
			"faces": {
				"north": {"uv": [13.75, 7.75, 15.25, 8], "texture": "#0"},
				"east": {"uv": [15.25, 1.75, 15.5, 2], "texture": "#0"},
				"south": {"uv": [13.75, 9, 15.25, 9.25], "texture": "#0"},
				"west": {"uv": [15.25, 2, 15.5, 2.25], "texture": "#0"},
				"up": {"uv": [15.25, 9.5, 13.75, 9.25], "texture": "#0"},
				"down": {"uv": [15.25, 9.5, 13.75, 9.75], "texture": "#0"}
			}
		},
		{
			"from": [4.75, 17, 4],
			"to": [5.75, 18, 10.5],
			"rotation": {"angle": 0, "axis": "y", "origin": [7.5, 8.66371, 9.475]},
			"faces": {
				"north": {"uv": [15.25, 4.75, 15.5, 5], "texture": "#0"},
				"east": {"uv": [14.25, 12, 15.25, 12.25], "texture": "#0"},
				"south": {"uv": [5, 15.25, 5.25, 15.5], "texture": "#0"},
				"west": {"uv": [14.25, 12.25, 15.25, 12.5], "texture": "#0"},
				"up": {"uv": [7.75, 15.25, 7.5, 14.25], "texture": "#0"},
				"down": {"uv": [8, 14.25, 7.75, 15.25], "texture": "#0"}
			}
		},
		{
			"from": [4.25, 17, 6.75],
			"to": [4.75, 18, 7.75],
			"rotation": {"angle": 0, "axis": "y", "origin": [7.5, 8.66371, 9.475]},
			"faces": {
				"north": {"uv": [15.25, 6.25, 15.5, 6.5], "texture": "#0"},
				"east": {"uv": [6.5, 15.25, 6.75, 15.5], "texture": "#0"},
				"south": {"uv": [6.75, 15.25, 7, 15.5], "texture": "#0"},
				"west": {"uv": [15.25, 7, 15.5, 7.25], "texture": "#0"},
				"up": {"uv": [15.5, 7.5, 15.25, 7.25], "texture": "#0"},
				"down": {"uv": [7.75, 15.25, 7.5, 15.5], "texture": "#0"}
			}
		},
		{
			"from": [11.25, 17, 6.75],
			"to": [11.75, 18, 7.75],
			"rotation": {"angle": 0, "axis": "y", "origin": [8.5, 8.66371, 9.475]},
			"faces": {
				"north": {"uv": [15.25, 7.5, 15.5, 7.75], "texture": "#0"},
				"east": {"uv": [7.75, 15.25, 8, 15.5], "texture": "#0"},
				"south": {"uv": [15.25, 7.75, 15.5, 8], "texture": "#0"},
				"west": {"uv": [15.25, 8.5, 15.5, 8.75], "texture": "#0"},
				"up": {"uv": [15.5, 9, 15.25, 8.75], "texture": "#0"},
				"down": {"uv": [15.5, 9, 15.25, 9.25], "texture": "#0"}
			}
		},
		{
			"from": [5.25, 15, 4.5],
			"to": [5.25, 17, 10],
			"rotation": {"angle": 0, "axis": "y", "origin": [8, 8.66371, 9.475]},
			"faces": {
				"north": {"uv": [0, 0, 0, 0.5], "texture": "#0"},
				"east": {"uv": [2.25, 11, 3.75, 11.5], "texture": "#0"},
				"south": {"uv": [0, 0, 0, 0.5], "texture": "#0"},
				"west": {"uv": [12, 3, 13.5, 3.5], "texture": "#0"},
				"up": {"uv": [0, 1.5, 0, 0], "texture": "#0"},
				"down": {"uv": [0, 0, 0, 1.5], "texture": "#0"}
			}
		},
		{
			"from": [10.75, 15, 4.5],
			"to": [10.75, 17, 10],
			"rotation": {"angle": 0, "axis": "y", "origin": [8, 8.66371, 9.475]},
			"faces": {
				"north": {"uv": [0, 0, 0, 0.5], "texture": "#0"},
				"east": {"uv": [12.75, 12, 14.25, 12.5], "texture": "#0"},
				"south": {"uv": [0, 0, 0, 0.5], "texture": "#0"},
				"west": {"uv": [12.75, 12.5, 14.25, 13], "texture": "#0"},
				"up": {"uv": [0, 1.5, 0, 0], "texture": "#0"},
				"down": {"uv": [0, 0, 0, 1.5], "texture": "#0"}
			}
		},
		{
			"from": [5.25, 15, 10],
			"to": [10.75, 17, 10],
			"rotation": {"angle": 0, "axis": "y", "origin": [8, 8.66371, 9.475]},
			"faces": {
				"north": {"uv": [12, 3.5, 13.5, 4], "texture": "#0"},
				"east": {"uv": [0, 0, 0, 0.5], "texture": "#0"},
				"south": {"uv": [12, 4, 13.5, 4.5], "texture": "#0"},
				"west": {"uv": [0, 0, 0, 0.5], "texture": "#0"},
				"up": {"uv": [1.5, 0, 0, 0], "texture": "#0"},
				"down": {"uv": [1.5, 0, 0, 0], "texture": "#0"}
			}
		},
		{
			"from": [5.25, 15, 4.5],
			"to": [10.75, 17, 4.5],
			"rotation": {"angle": 0, "axis": "y", "origin": [8, 8.66371, 9.475]},
			"faces": {
				"north": {"uv": [11.25, 12, 12.75, 12.5], "texture": "#0"},
				"east": {"uv": [0, 0, 0, 0.5], "texture": "#0"},
				"south": {"uv": [11.25, 12.5, 12.75, 13], "texture": "#0"},
				"west": {"uv": [0, 0, 0, 0.5], "texture": "#0"},
				"up": {"uv": [1.5, 0, 0, 0], "texture": "#0"},
				"down": {"uv": [1.5, 0, 0, 0], "texture": "#0"}
			}
		},
		{
			"from": [10.25, 17, 4],
			"to": [11.25, 18, 10.5],
			"rotation": {"angle": 0, "axis": "y", "origin": [8.5, 8.66371, 9.475]},
			"faces": {
				"north": {"uv": [15.25, 4.25, 15.5, 4.5], "texture": "#0"},
				"east": {"uv": [13.75, 10.75, 14.75, 11], "texture": "#0"},
				"south": {"uv": [15.25, 4.5, 15.5, 4.75], "texture": "#0"},
				"west": {"uv": [0, 14.25, 1, 14.5], "texture": "#0"},
				"up": {"uv": [7.25, 15, 7, 14], "texture": "#0"},
				"down": {"uv": [1.25, 14.25, 1, 15.25], "texture": "#0"}
			}
		},
		{
			"from": [5.75, 17, 9.5],
			"to": [10.25, 18, 10.5],
			"rotation": {"angle": 0, "axis": "y", "origin": [8, 8.66371, 9.975]},
			"faces": {
				"north": {"uv": [13.75, 9.75, 15.25, 10], "texture": "#0"},
				"east": {"uv": [15.25, 2.25, 15.5, 2.5], "texture": "#0"},
				"south": {"uv": [13.75, 10, 15.25, 10.25], "texture": "#0"},
				"west": {"uv": [15.25, 2.5, 15.5, 2.75], "texture": "#0"},
				"up": {"uv": [15.25, 10.5, 13.75, 10.25], "texture": "#0"},
				"down": {"uv": [15.25, 10.5, 13.75, 10.75], "texture": "#0"}
			}
		},
		{
			"from": [10.75, 15.25, 9],
			"to": [12.75, 16, 11],
			"rotation": {"angle": 0, "axis": "y", "origin": [8, 8.66371, 9.475]},
			"faces": {
				"north": {"uv": [14.5, 13.25, 15, 13.5], "texture": "#0"},
				"east": {"uv": [14.75, 4.5, 15.25, 4.75], "texture": "#0"},
				"south": {"uv": [14.75, 4.75, 15.25, 5], "texture": "#0"},
				"west": {"uv": [14.75, 8.5, 15.25, 8.75], "texture": "#0"},
				"up": {"uv": [7, 14.5, 6.5, 14], "texture": "#0"},
				"down": {"uv": [11.75, 14, 11.25, 14.5], "texture": "#0"}
			}
		},
		{
			"from": [10.03042, 16, 12.35143],
			"to": [10.53042, 16, 13.35143],
			"rotation": {"angle": 45, "axis": "y", "origin": [8, 8.66371, 9.475]},
			"faces": {
				"north": {"uv": [0, 0, 0.25, 0], "texture": "#0"},
				"east": {"uv": [0, 0, 0.25, 0], "texture": "#0"},
				"south": {"uv": [0, 0, 0.25, 0], "texture": "#0"},
				"west": {"uv": [0, 0, 0.25, 0], "texture": "#0"},
				"up": {"uv": [5.5, 15.5, 5.25, 15.25], "texture": "#0"},
				"down": {"uv": [15.5, 6, 15.25, 6.25], "texture": "#0"}
			}
		},
		{
			"from": [13.5, -1, 4],
			"to": [15, 0.5, 12.25],
			"rotation": {"angle": 0, "axis": "y", "origin": [13.5, -1, 9]},
			"faces": {
				"north": {"uv": [14.5, 1.75, 15, 2.25], "texture": "#0"},
				"east": {"uv": [0, 11.5, 2, 12], "texture": "#0"},
				"south": {"uv": [14.5, 2.25, 15, 2.75], "texture": "#0"},
				"west": {"uv": [2, 11.5, 4, 12], "texture": "#0"},
				"up": {"uv": [10.25, 13.25, 9.75, 11.25], "texture": "#0"},
				"down": {"uv": [11.25, 11.5, 10.75, 13.5], "texture": "#0"}
			}
		},
		{
			"from": [13.5, 0.5, 4],
			"to": [15, 11, 5.5],
			"rotation": {"angle": 0, "axis": "y", "origin": [13.5, -1, 2]},
			"faces": {
				"north": {"uv": [4, 10.25, 4.5, 13], "texture": "#0"},
				"east": {"uv": [4.5, 10.25, 5, 13], "texture": "#0"},
				"south": {"uv": [10.25, 10.5, 10.75, 13.25], "texture": "#0"},
				"west": {"uv": [5, 10.75, 5.5, 13.5], "texture": "#0"},
				"up": {"uv": [15, 3.25, 14.5, 2.75], "texture": "#0"},
				"down": {"uv": [15, 3.25, 14.5, 3.75], "texture": "#0"}
			}
		},
		{
			"from": [13.5, 8.25, 5.25],
			"to": [14, 9.5, 6.75],
			"rotation": {"angle": 0, "axis": "y", "origin": [13.5, -1.5, 2.25]},
			"faces": {
				"north": {"uv": [9.75, 15.25, 10, 15.5], "texture": "#0"},
				"east": {"uv": [15, 3.75, 15.5, 4], "texture": "#0"},
				"south": {"uv": [15.25, 9.75, 15.5, 10], "texture": "#0"},
				"west": {"uv": [15, 4, 15.5, 4.25], "texture": "#0"},
				"up": {"uv": [5.75, 15.5, 5.5, 15], "texture": "#0"},
				"down": {"uv": [6, 15, 5.75, 15.5], "texture": "#0"}
			}
		},
		{
			"from": [14, 8.5, 5.75],
			"to": [14.5, 9.25, 6.5],
			"rotation": {"angle": 0, "axis": "y", "origin": [14, -1.5, 2.25]},
			"faces": {
				"north": {"uv": [10, 15.25, 10.25, 15.5], "texture": "#0"},
				"east": {"uv": [15.25, 10, 15.5, 10.25], "texture": "#0"},
				"south": {"uv": [10.25, 15.25, 10.5, 15.5], "texture": "#0"},
				"west": {"uv": [15.25, 10.25, 15.5, 10.5], "texture": "#0"},
				"up": {"uv": [10.75, 15.5, 10.5, 15.25], "texture": "#0"},
				"down": {"uv": [15.5, 10.5, 15.25, 10.75], "texture": "#0"}
			}
		},
		{
			"from": [13.5, 0.5, 10.75],
			"to": [15, 6.5, 12.25],
			"rotation": {"angle": 0, "axis": "y", "origin": [13.5, -1, 8.75]},
			"faces": {
				"north": {"uv": [12.75, 13, 13.25, 14.5], "texture": "#0"},
				"east": {"uv": [13.25, 0, 13.75, 1.5], "texture": "#0"},
				"south": {"uv": [13.25, 1.5, 13.75, 3], "texture": "#0"},
				"west": {"uv": [13.25, 5, 13.75, 6.5], "texture": "#0"},
				"up": {"uv": [15, 4.25, 14.5, 3.75], "texture": "#0"},
				"down": {"uv": [6, 14.5, 5.5, 15], "texture": "#0"}
			}
		},
		{
			"from": [15, 4, 11],
			"to": [15.25, 5, 12],
			"rotation": {"angle": 0, "axis": "y", "origin": [13.5, -1, 8.75]},
			"faces": {
				"north": {"uv": [10.75, 15.25, 11, 15.5], "texture": "#0"},
				"east": {"uv": [15.25, 10.75, 15.5, 11], "texture": "#0"},
				"south": {"uv": [11, 15.25, 11.25, 15.5], "texture": "#0"},
				"west": {"uv": [11.25, 15.25, 11.5, 15.5], "texture": "#0"},
				"up": {"uv": [15.5, 11.75, 15.25, 11.5], "texture": "#0"},
				"down": {"uv": [12, 15.25, 11.75, 15.5], "texture": "#0"}
			}
		},
		{
			"from": [15, 1, 11],
			"to": [15.25, 2, 12],
			"rotation": {"angle": 0, "axis": "y", "origin": [13.5, -4, 8.75]},
			"faces": {
				"north": {"uv": [15.25, 11.75, 15.5, 12], "texture": "#0"},
				"east": {"uv": [12, 15.25, 12.25, 15.5], "texture": "#0"},
				"south": {"uv": [15.25, 12, 15.5, 12.25], "texture": "#0"},
				"west": {"uv": [12.25, 15.25, 12.5, 15.5], "texture": "#0"},
				"up": {"uv": [15.5, 12.5, 15.25, 12.25], "texture": "#0"},
				"down": {"uv": [12.75, 15.25, 12.5, 15.5], "texture": "#0"}
			}
		},
		{
			"from": [13.5, 6.75, 10.5],
			"to": [14.99, 8.25, 19.5],
			"rotation": {"angle": -35, "axis": "x", "origin": [14.25, 7.5, 13.5]},
			"faces": {
				"north": {"uv": [15, 1.75, 15.25, 2.25], "texture": "#0"},
				"east": {"uv": [10.75, 10.5, 13, 11], "texture": "#0"},
				"south": {"uv": [15, 2.25, 15.25, 2.75], "texture": "#0"},
				"west": {"uv": [0, 11, 2.25, 11.5], "texture": "#0"},
				"up": {"uv": [7.5, 15.75, 7.25, 13.5], "texture": "#0"},
				"down": {"uv": [9.5, 13.5, 9.25, 15.75], "texture": "#0"}
			}
		},
		{
			"from": [2.5, 6.75, 18],
			"to": [13.5, 8.25, 19.5],
			"rotation": {"angle": -35, "axis": "x", "origin": [14.25, 7.5, 13.5]},
			"faces": {
				"north": {"uv": [10.5, 1.5, 13.25, 2], "texture": "#0"},
				"east": {"uv": [14.5, 11.5, 15, 12], "texture": "#0"},
				"south": {"uv": [10.5, 2, 13.25, 2.5], "texture": "#0"},
				"west": {"uv": [12, 14.5, 12.5, 15], "texture": "#0"},
				"up": {"uv": [13.25, 3, 10.5, 2.5], "texture": "#0"},
				"down": {"uv": [13.25, 5, 10.5, 5.5], "texture": "#0"}
			}
		},
		{
			"from": [13.5, 9.9, 2.1],
			"to": [14.99, 16.5, 3.6],
			"rotation": {"angle": -37.5, "axis": "x", "origin": [14.25, 13.25, 2.85]},
			"faces": {
				"north": {"uv": [3, 13.75, 3.25, 15.5], "texture": "#0"},
				"east": {"uv": [2, 12, 2.5, 13.75], "texture": "#0"},
				"south": {"uv": [3.25, 13.75, 3.5, 15.5], "texture": "#0"},
				"west": {"uv": [2.5, 12, 3, 13.75], "texture": "#0"},
				"up": {"uv": [0.75, 15.5, 0.5, 15], "texture": "#0"},
				"down": {"uv": [1, 15, 0.75, 15.5], "texture": "#0"}
			}
		},
		{
			"from": [2.5, 15, 2.1],
			"to": [13.5, 16.5, 3.6],
			"rotation": {"angle": -37.5, "axis": "x", "origin": [14.25, 13.25, 2.85]},
			"faces": {
				"north": {"uv": [10.5, 5.5, 13.25, 6], "texture": "#0"},
				"east": {"uv": [12.5, 14.5, 13, 15], "texture": "#0"},
				"south": {"uv": [10.5, 6, 13.25, 6.5], "texture": "#0"},
				"west": {"uv": [13, 14.5, 13.5, 15], "texture": "#0"},
				"up": {"uv": [13.25, 7, 10.5, 6.5], "texture": "#0"},
				"down": {"uv": [13.5, 4.5, 10.75, 5], "texture": "#0"}
			}
		},
		{
			"from": [13.5, 7, 6.6],
			"to": [14.99, 8.5, 11.95],
			"rotation": {"angle": 35, "axis": "x", "origin": [14.25, 7.75, 7.6]},
			"faces": {
				"north": {"uv": [15, 0.75, 15.25, 1.25], "texture": "#0"},
				"east": {"uv": [6, 13.5, 7.25, 14], "texture": "#0"},
				"south": {"uv": [15, 1.25, 15.25, 1.75], "texture": "#0"},
				"west": {"uv": [13.5, 8.5, 14.75, 9], "texture": "#0"},
				"up": {"uv": [9.75, 13, 9.5, 11.75], "texture": "#0"},
				"down": {"uv": [8.5, 13.75, 8.25, 15], "texture": "#0"}
			}
		},
		{
			"from": [13.5, 6.5, 10.6],
			"to": [15.49, 9, 11.2],
			"rotation": {"angle": 35, "axis": "x", "origin": [14.25, 7.75, 7.6]},
			"faces": {
				"north": {"uv": [13.75, 13.5, 14.25, 14.25], "texture": "#0"},
				"east": {"uv": [14.5, 14.5, 14.75, 15.25], "texture": "#0"},
				"south": {"uv": [14, 0.75, 14.5, 1.5], "texture": "#0"},
				"west": {"uv": [4, 14.75, 4.25, 15.5], "texture": "#0"},
				"up": {"uv": [15.5, 3, 15, 2.75], "texture": "#0"},
				"down": {"uv": [15.5, 3, 15, 3.25], "texture": "#0"}
			}
		},
		{
			"from": [13.5, 6.5, 6.1],
			"to": [15.49, 9, 6.7],
			"rotation": {"angle": 35, "axis": "x", "origin": [14.25, 7.75, 7.6]},
			"faces": {
				"north": {"uv": [14, 1.5, 14.5, 2.25], "texture": "#0"},
				"east": {"uv": [4.25, 14.75, 4.5, 15.5], "texture": "#0"},
				"south": {"uv": [14, 2.25, 14.5, 3], "texture": "#0"},
				"west": {"uv": [4.5, 14.75, 4.75, 15.5], "texture": "#0"},
				"up": {"uv": [15.5, 3.5, 15, 3.25], "texture": "#0"},
				"down": {"uv": [15.5, 3.5, 15, 3.75], "texture": "#0"}
			}
		},
		{
			"from": [1.01, 9.9, 2.1],
			"to": [2.5, 16.5, 3.6],
			"rotation": {"angle": -37.5, "axis": "x", "origin": [1.75, 13.25, 2.85]},
			"faces": {
				"north": {"uv": [3.5, 13.75, 3.75, 15.5], "texture": "#0"},
				"east": {"uv": [3, 12, 3.5, 13.75], "texture": "#0"},
				"south": {"uv": [3.75, 13.75, 4, 15.5], "texture": "#0"},
				"west": {"uv": [3.5, 12, 4, 13.75], "texture": "#0"},
				"up": {"uv": [6.25, 15.5, 6, 15], "texture": "#0"},
				"down": {"uv": [6.5, 15, 6.25, 15.5], "texture": "#0"}
			}
		},
		{
			"from": [1, 0.5, 4],
			"to": [2.5, 11, 5.5],
			"rotation": {"angle": 0, "axis": "y", "origin": [2.5, -1, 2]},
			"faces": {
				"north": {"uv": [5.5, 10.75, 6, 13.5], "texture": "#0"},
				"east": {"uv": [6, 10.75, 6.5, 13.5], "texture": "#0"},
				"south": {"uv": [6.5, 10.75, 7, 13.5], "texture": "#0"},
				"west": {"uv": [7, 10.75, 7.5, 13.5], "texture": "#0"},
				"up": {"uv": [6.5, 15, 6, 14.5], "texture": "#0"},
				"down": {"uv": [7, 14.5, 6.5, 15], "texture": "#0"}
			}
		},
		{
			"from": [1, -1, 4],
			"to": [2.5, 0.5, 12.25],
			"rotation": {"angle": 0, "axis": "y", "origin": [2.5, -1, 9]},
			"faces": {
				"north": {"uv": [14.5, 6.5, 15, 7], "texture": "#0"},
				"east": {"uv": [11.5, 8.5, 13.5, 9], "texture": "#0"},
				"south": {"uv": [14.5, 7.25, 15, 7.75], "texture": "#0"},
				"west": {"uv": [11.25, 11.5, 13.25, 12], "texture": "#0"},
				"up": {"uv": [8, 13.75, 7.5, 11.75], "texture": "#0"},
				"down": {"uv": [8.5, 11.75, 8, 13.75], "texture": "#0"}
			}
		},
		{
			"from": [1, 0.5, 10.75],
			"to": [2.5, 6.5, 12.25],
			"rotation": {"angle": 0, "axis": "y", "origin": [2.5, -1, 8.75]},
			"faces": {
				"north": {"uv": [9.5, 13.25, 10, 14.75], "texture": "#0"},
				"east": {"uv": [10, 13.25, 10.5, 14.75], "texture": "#0"},
				"south": {"uv": [13.25, 13, 13.75, 14.5], "texture": "#0"},
				"west": {"uv": [13.5, 3, 14, 4.5], "texture": "#0"},
				"up": {"uv": [11.5, 15, 11, 14.5], "texture": "#0"},
				"down": {"uv": [12, 14.5, 11.5, 15], "texture": "#0"}
			}
		},
		{
			"from": [0.75, 1, 11],
			"to": [1, 2, 12],
			"rotation": {"angle": 0, "axis": "y", "origin": [2.5, -4, 8.75]},
			"faces": {
				"north": {"uv": [15.25, 12.5, 15.5, 12.75], "texture": "#0"},
				"east": {"uv": [12.75, 15.25, 13, 15.5], "texture": "#0"},
				"south": {"uv": [15.25, 12.75, 15.5, 13], "texture": "#0"},
				"west": {"uv": [13, 15.25, 13.25, 15.5], "texture": "#0"},
				"up": {"uv": [15.5, 13.25, 15.25, 13], "texture": "#0"},
				"down": {"uv": [13.5, 15.25, 13.25, 15.5], "texture": "#0"}
			}
		},
		{
			"from": [0.75, 4, 11],
			"to": [1, 5, 12],
			"rotation": {"angle": 0, "axis": "y", "origin": [2.5, -1, 8.75]},
			"faces": {
				"north": {"uv": [15.25, 13.25, 15.5, 13.5], "texture": "#0"},
				"east": {"uv": [13.5, 15.25, 13.75, 15.5], "texture": "#0"},
				"south": {"uv": [15.25, 13.5, 15.5, 13.75], "texture": "#0"},
				"west": {"uv": [13.75, 15.25, 14, 15.5], "texture": "#0"},
				"up": {"uv": [15.5, 14, 15.25, 13.75], "texture": "#0"},
				"down": {"uv": [14.25, 15.25, 14, 15.5], "texture": "#0"}
			}
		},
		{
			"from": [0.51, 6.5, 10.6],
			"to": [2.5, 9, 11.2],
			"rotation": {"angle": 35, "axis": "x", "origin": [1.75, 7.75, 7.6]},
			"faces": {
				"north": {"uv": [14, 3, 14.5, 3.75], "texture": "#0"},
				"east": {"uv": [4.75, 14.75, 5, 15.5], "texture": "#0"},
				"south": {"uv": [14, 3.75, 14.5, 4.5], "texture": "#0"},
				"west": {"uv": [8.5, 14.75, 8.75, 15.5], "texture": "#0"},
				"up": {"uv": [7, 15.25, 6.5, 15], "texture": "#0"},
				"down": {"uv": [15.5, 6.5, 15, 6.75], "texture": "#0"}
			}
		},
		{
			"from": [1.01, 7, 6.6],
			"to": [2.5, 8.5, 11.95],
			"rotation": {"angle": 35, "axis": "x", "origin": [1.75, 7.75, 7.6]},
			"faces": {
				"north": {"uv": [7, 15, 7.25, 15.5], "texture": "#0"},
				"east": {"uv": [0, 13.75, 1.25, 14.25], "texture": "#0"},
				"south": {"uv": [15, 7.25, 15.25, 7.75], "texture": "#0"},
				"west": {"uv": [13.75, 0, 15, 0.5], "texture": "#0"},
				"up": {"uv": [5.25, 15.25, 5, 14], "texture": "#0"},
				"down": {"uv": [5.5, 14, 5.25, 15.25], "texture": "#0"}
			}
		},
		{
			"from": [1.01, 6.75, 10.5],
			"to": [2.5, 8.25, 19.5],
			"rotation": {"angle": -35, "axis": "x", "origin": [1.75, 7.5, 13.5]},
			"faces": {
				"north": {"uv": [8, 15, 8.25, 15.5], "texture": "#0"},
				"east": {"uv": [10.75, 11, 13, 11.5], "texture": "#0"},
				"south": {"uv": [8.25, 15, 8.5, 15.5], "texture": "#0"},
				"west": {"uv": [7.5, 11.25, 9.75, 11.75], "texture": "#0"},
				"up": {"uv": [14, 3, 13.75, 0.75], "texture": "#0"},
				"down": {"uv": [1.5, 13.75, 1.25, 16], "texture": "#0"}
			}
		},
		{
			"from": [0.51, 6.5, 6.1],
			"to": [2.5, 9, 6.7],
			"rotation": {"angle": 35, "axis": "x", "origin": [1.75, 7.75, 7.6]},
			"faces": {
				"north": {"uv": [4, 14, 4.5, 14.75], "texture": "#0"},
				"east": {"uv": [8.75, 14.75, 9, 15.5], "texture": "#0"},
				"south": {"uv": [4.5, 14, 5, 14.75], "texture": "#0"},
				"west": {"uv": [9.5, 14.75, 9.75, 15.5], "texture": "#0"},
				"up": {"uv": [15.5, 7, 15, 6.75], "texture": "#0"},
				"down": {"uv": [10.25, 15, 9.75, 15.25], "texture": "#0"}
			}
		},
		{
			"from": [1.5, 8.5, 5.75],
			"to": [2, 9.25, 6.5],
			"rotation": {"angle": 0, "axis": "y", "origin": [2, -1.5, 2.25]},
			"faces": {
				"north": {"uv": [15.25, 14, 15.5, 14.25], "texture": "#0"},
				"east": {"uv": [14.25, 15.25, 14.5, 15.5], "texture": "#0"},
				"south": {"uv": [15.25, 14.25, 15.5, 14.5], "texture": "#0"},
				"west": {"uv": [14.5, 15.25, 14.75, 15.5], "texture": "#0"},
				"up": {"uv": [15.5, 14.75, 15.25, 14.5], "texture": "#0"},
				"down": {"uv": [15, 15.25, 14.75, 15.5], "texture": "#0"}
			}
		},
		{
			"from": [2, 8.25, 5.25],
			"to": [2.5, 9.5, 6.75],
			"rotation": {"angle": 0, "axis": "y", "origin": [2.5, -1.5, 2.25]},
			"faces": {
				"north": {"uv": [15.25, 14.75, 15.5, 15], "texture": "#0"},
				"east": {"uv": [10.25, 15, 10.75, 15.25], "texture": "#0"},
				"south": {"uv": [15, 15.25, 15.25, 15.5], "texture": "#0"},
				"west": {"uv": [11, 15, 11.5, 15.25], "texture": "#0"},
				"up": {"uv": [9.25, 15.5, 9, 15], "texture": "#0"},
				"down": {"uv": [11.75, 15, 11.5, 15.5], "texture": "#0"}
			}
		}
	],
	"display": {
		"thirdperson_righthand": {
			"rotation": [-12, 0, 0],
			"translation": [0, -5.75, -6.5],
			"scale": [0.84, 0.84, 0.84]
		},
		"thirdperson_lefthand": {
			"rotation": [-12, 0, 0],
			"translation": [0, -5.75, -6.5],
			"scale": [0.84, 0.84, 0.84]
		},
		"firstperson_righthand": {
			"rotation": [-50, 0, 0],
			"translation": [-1.75, -7.25, -0.25]
		},
		"firstperson_lefthand": {
			"rotation": [-50, 0, 0],
			"translation": [-1.75, -7.25, -0.25]
		},
		"gui": {
			"rotation": [-94, 8, -150],
			"translation": [0, -0.75, 0],
			"scale": [0.71, 0.71, 0.71]
		}
	}
}