{
	"format_version": "1.21.6",
	"credit": "Made with Blockbench",
	"texture_size": [64, 64],
	"textures": {
		"0": "kl:item/sp2l",
		"particle": "kl:item/sp2l"
	},
	"elements": [
		{
			"from": [4.75, -0.25, -4.5],
			"to": [11.25, 6.25, -3],
			"rotation": {"angle": 0, "axis": "y", "origin": [7, 0, -5]},
			"faces": {
				"north": {"uv": [5.25, 2, 7, 3.75], "texture": "#0"},
				"east": {"uv": [8.5, 11.75, 9, 13.5], "texture": "#0"},
				"south": {"uv": [5.25, 3.75, 7, 5.5], "texture": "#0"},
				"west": {"uv": [12, 3, 12.5, 4.75], "texture": "#0"},
				"up": {"uv": [1.75, 8.25, 0, 7.75], "texture": "#0"},
				"down": {"uv": [13.75, 4.75, 12, 5.25], "texture": "#0"}
			}
		},
		{
			"from": [5.25, 1, -6],
			"to": [6.75, 2.5, 9],
			"rotation": {"angle": 0, "axis": "y", "origin": [7, 0.75, -4]},
			"faces": {
				"north": {"uv": [14.25, 3.5, 14.75, 4], "texture": "#0"},
				"east": {"uv": [8.75, 5.75, 12.5, 6.25], "texture": "#0"},
				"south": {"uv": [3.75, 14.25, 4.25, 14.75], "texture": "#0"},
				"west": {"uv": [8.75, 6.25, 12.5, 6.75], "texture": "#0"},
				"up": {"uv": [5, 12, 4.5, 8.25], "texture": "#0"},
				"down": {"uv": [0.5, 9.25, 0, 13], "texture": "#0"}
			}
		},
		{
			"from": [9.25, 1, -6],
			"to": [10.75, 2.5, 9],
			"rotation": {"angle": 0, "axis": "y", "origin": [11, 0.75, -4]},
			"faces": {
				"north": {"uv": [14.25, 4, 14.75, 4.5], "texture": "#0"},
				"east": {"uv": [8.75, 6.75, 12.5, 7.25], "texture": "#0"},
				"south": {"uv": [14.25, 5.25, 14.75, 5.75], "texture": "#0"},
				"west": {"uv": [9, 0, 12.75, 0.5], "texture": "#0"},
				"up": {"uv": [1, 13, 0.5, 9.25], "texture": "#0"},
				"down": {"uv": [1.5, 9.25, 1, 13], "texture": "#0"}
			}
		},
		{
			"from": [9.25, 3.5, -6],
			"to": [10.75, 5, 9],
			"rotation": {"angle": 0, "axis": "y", "origin": [11, 3.25, -4]},
			"faces": {
				"north": {"uv": [7.5, 14.25, 8, 14.75], "texture": "#0"},
				"east": {"uv": [9, 0.5, 12.75, 1], "texture": "#0"},
				"south": {"uv": [8.5, 14.25, 9, 14.75], "texture": "#0"},
				"west": {"uv": [9, 1, 12.75, 1.5], "texture": "#0"},
				"up": {"uv": [2, 13, 1.5, 9.25], "texture": "#0"},
				"down": {"uv": [2.5, 9.25, 2, 13], "texture": "#0"}
			}
		},
		{
			"from": [5.25, 3.5, -6],
			"to": [6.75, 5, 9],
			"rotation": {"angle": 0, "axis": "y", "origin": [7, 3.25, -4]},
			"faces": {
				"north": {"uv": [12.5, 14.25, 13, 14.75], "texture": "#0"},
				"east": {"uv": [5, 9.25, 8.75, 9.75], "texture": "#0"},
				"south": {"uv": [14.25, 13.5, 14.75, 14], "texture": "#0"},
				"west": {"uv": [8.75, 9.25, 12.5, 9.75], "texture": "#0"},
				"up": {"uv": [3, 13, 2.5, 9.25], "texture": "#0"},
				"down": {"uv": [3.5, 9.25, 3, 13], "texture": "#0"}
			}
		},
		{
			"from": [7.25, 4.25, -6],
			"to": [8.75, 5.75, 9],
			"rotation": {"angle": 0, "axis": "y", "origin": [9, 4, -4]},
			"faces": {
				"north": {"uv": [0, 14.5, 0.5, 15], "texture": "#0"},
				"east": {"uv": [5, 9.75, 8.75, 10.25], "texture": "#0"},
				"south": {"uv": [0.5, 14.5, 1, 15], "texture": "#0"},
				"west": {"uv": [8.75, 9.75, 12.5, 10.25], "texture": "#0"},
				"up": {"uv": [4, 13, 3.5, 9.25], "texture": "#0"},
				"down": {"uv": [4.5, 9.25, 4, 13], "texture": "#0"}
			}
		},
		{
			"from": [7.25, 0.25, -6],
			"to": [8.75, 1.75, 9],
			"rotation": {"angle": 0, "axis": "y", "origin": [9, 0, -4]},
			"faces": {
				"north": {"uv": [1, 14.5, 1.5, 15], "texture": "#0"},
				"east": {"uv": [5, 10.25, 8.75, 10.75], "texture": "#0"},
				"south": {"uv": [1.75, 14.5, 2.25, 15], "texture": "#0"},
				"west": {"uv": [8.75, 10.25, 12.5, 10.75], "texture": "#0"},
				"up": {"uv": [11.25, 5.25, 10.75, 1.5], "texture": "#0"},
				"down": {"uv": [5.5, 10.75, 5, 14.5], "texture": "#0"}
			}
		},
		{
			"from": [4.75, -0.25, 11],
			"to": [11.25, 6.25, 13],
			"rotation": {"angle": 0, "axis": "y", "origin": [7, 0, 11]},
			"faces": {
				"north": {"uv": [5.25, 5.5, 7, 7.25], "texture": "#0"},
				"east": {"uv": [4.5, 12, 5, 13.75], "texture": "#0"},
				"south": {"uv": [0, 6, 1.75, 7.75], "texture": "#0"},
				"west": {"uv": [9.75, 12, 10.25, 13.75], "texture": "#0"},
				"up": {"uv": [12, 12.5, 10.25, 12], "texture": "#0"},
				"down": {"uv": [13.75, 12, 12, 12.5], "texture": "#0"}
			}
		},
		{
			"from": [4.75, -0.25, 6],
			"to": [11.25, 6.25, 8],
			"rotation": {"angle": 0, "axis": "y", "origin": [7, 0, 6]},
			"faces": {
				"north": {"uv": [7, 2, 8.75, 3.75], "texture": "#0"},
				"east": {"uv": [6.5, 12.25, 7, 14], "texture": "#0"},
				"south": {"uv": [7, 3.75, 8.75, 5.5], "texture": "#0"},
				"west": {"uv": [7, 12.25, 7.5, 14], "texture": "#0"},
				"up": {"uv": [14, 8.75, 12.25, 8.25], "texture": "#0"},
				"down": {"uv": [14.25, 3, 12.5, 3.5], "texture": "#0"}
			}
		},
		{
			"from": [4.5, -0.5, 9],
			"to": [11.5, 6.5, 11],
			"rotation": {"angle": 0, "axis": "y", "origin": [7, 0, 9]},
			"faces": {
				"north": {"uv": [1.75, 6.5, 3.5, 8.25], "texture": "#0"},
				"east": {"uv": [5.5, 12.25, 6, 14], "texture": "#0"},
				"south": {"uv": [3.5, 6.5, 5.25, 8.25], "texture": "#0"},
				"west": {"uv": [6, 12.25, 6.5, 14], "texture": "#0"},
				"up": {"uv": [14, 7.75, 12.25, 7.25], "texture": "#0"},
				"down": {"uv": [14, 7.75, 12.25, 8.25], "texture": "#0"}
			}
		},
		{
			"from": [6.75, 5.25, 5],
			"to": [9.25, 6.75, 7.75],
			"rotation": {"angle": 0, "axis": "y", "origin": [7, 0, 9]},
			"faces": {
				"north": {"uv": [11, 14, 11.75, 14.5], "texture": "#0"},
				"east": {"uv": [11.75, 14, 12.5, 14.5], "texture": "#0"},
				"south": {"uv": [13.25, 14, 14, 14.5], "texture": "#0"},
				"west": {"uv": [14, 14, 14.75, 14.5], "texture": "#0"},
				"up": {"uv": [12.5, 14, 11.75, 13.25], "texture": "#0"},
				"down": {"uv": [14.25, 0.25, 13.5, 1], "texture": "#0"}
			}
		},
		{
			"from": [4.5, -0.5, 13],
			"to": [11.5, 6.25, 17],
			"rotation": {"angle": 0, "axis": "y", "origin": [7, 0, 13]},
			"faces": {
				"north": {"uv": [7, 5.5, 8.75, 7.25], "texture": "#0"},
				"east": {"uv": [2, 4, 3, 5.75], "texture": "#0"},
				"south": {"uv": [7.25, 0, 9, 1.75], "texture": "#0"},
				"west": {"uv": [10.5, 7.25, 11.5, 9], "texture": "#0"},
				"up": {"uv": [7.25, 11.75, 5.5, 10.75], "texture": "#0"},
				"down": {"uv": [9, 10.75, 7.25, 11.75], "texture": "#0"}
			}
		},
		{
			"from": [6.25, 6.25, 12.15],
			"to": [9.75, 7.5, 14.75],
			"rotation": {"angle": 0, "axis": "y", "origin": [7, 0, 13]},
			"faces": {
				"north": {"uv": [15, 0.75, 16, 1], "texture": "#0"},
				"east": {"uv": [11.25, 5, 12, 5.25], "texture": "#0"},
				"south": {"uv": [15, 1, 16, 1.25], "texture": "#0"},
				"west": {"uv": [15, 3, 15.75, 3.25], "texture": "#0"},
				"up": {"uv": [13.5, 7, 12.5, 6.25], "texture": "#0"},
				"down": {"uv": [12.75, 12.5, 11.75, 13.25], "texture": "#0"}
			}
		},
		{
			"from": [7.5, 6.65, 14.75],
			"to": [8.5, 7.4, 15.25],
			"rotation": {"angle": 0, "axis": "y", "origin": [7, 0, 13]},
			"faces": {
				"north": {"uv": [4.5, 15.25, 4.75, 15.5], "texture": "#0"},
				"east": {"uv": [4.75, 15.25, 5, 15.5], "texture": "#0"},
				"south": {"uv": [5, 15.25, 5.25, 15.5], "texture": "#0"},
				"west": {"uv": [5.25, 15.25, 5.5, 15.5], "texture": "#0"},
				"up": {"uv": [15.5, 5.5, 15.25, 5.25], "texture": "#0"},
				"down": {"uv": [5.75, 15.25, 5.5, 15.5], "texture": "#0"}
			}
		},
		{
			"from": [6.5, -2.5, 13],
			"to": [9.5, -0.5, 16],
			"rotation": {"angle": 0, "axis": "y", "origin": [7, -7, 13]},
			"faces": {
				"north": {"uv": [14, 1.5, 14.75, 2], "texture": "#0"},
				"east": {"uv": [5.5, 14, 6.25, 14.5], "texture": "#0"},
				"south": {"uv": [14, 5.75, 14.75, 6.25], "texture": "#0"},
				"west": {"uv": [6.25, 14, 7, 14.5], "texture": "#0"},
				"up": {"uv": [13.75, 3, 13, 2.25], "texture": "#0"},
				"down": {"uv": [13.75, 9.25, 13, 10], "texture": "#0"}
			}
		},
		{
			"from": [7, -4.5, 13.5],
			"to": [15, -2.5, 15.5],
			"rotation": {"angle": 0, "axis": "y", "origin": [7, -3.5, 14.5]},
			"faces": {
				"north": {"uv": [9.75, 11.5, 11.75, 12], "texture": "#0"},
				"east": {"uv": [6, 14.5, 6.5, 15], "texture": "#0"},
				"south": {"uv": [5.5, 11.75, 7.5, 12.25], "texture": "#0"},
				"west": {"uv": [14.5, 6.25, 15, 6.75], "texture": "#0"},
				"up": {"uv": [13.75, 12, 11.75, 11.5], "texture": "#0"},
				"down": {"uv": [14, 1.5, 12, 2], "texture": "#0"}
			}
		},
		{
			"from": [6.5, 4, 18],
			"to": [9.5, 6.25, 25],
			"rotation": {"angle": 0, "axis": "y", "origin": [7, -0.25, 17]},
			"faces": {
				"north": {"uv": [7.5, 13.75, 8.25, 14.25], "texture": "#0"},
				"east": {"uv": [12.5, 3.5, 14.25, 4], "texture": "#0"},
				"south": {"uv": [12.5, 13.75, 13.25, 14.25], "texture": "#0"},
				"west": {"uv": [12.5, 4, 14.25, 4.5], "texture": "#0"},
				"up": {"uv": [12, 3.25, 11.25, 1.5], "texture": "#0"},
				"down": {"uv": [12, 3.25, 11.25, 5], "texture": "#0"}
			}
		},
		{
			"from": [6.75, 2.5, 18],
			"to": [9.25, 4, 24.25],
			"rotation": {"angle": 0, "axis": "y", "origin": [7, -2.5, 17]},
			"faces": {
				"north": {"uv": [14.25, 0.75, 15, 1.25], "texture": "#0"},
				"east": {"uv": [12.75, 1, 14.25, 1.5], "texture": "#0"},
				"south": {"uv": [14.25, 3, 15, 3.5], "texture": "#0"},
				"west": {"uv": [12.75, 5.25, 14.25, 5.75], "texture": "#0"},
				"up": {"uv": [12.25, 8.75, 11.5, 7.25], "texture": "#0"},
				"down": {"uv": [9.75, 11.5, 9, 13], "texture": "#0"}
			}
		},
		{
			"from": [6.95, 8.5, 15.5],
			"to": [9.05, 10.5, 21],
			"rotation": {"angle": 0, "axis": "y", "origin": [7, 4.75, 13]},
			"faces": {
				"north": {"uv": [3.25, 14.5, 3.75, 15], "texture": "#0"},
				"east": {"uv": [1.75, 6, 3.25, 6.5], "texture": "#0"},
				"south": {"uv": [4.5, 14.5, 5, 15], "texture": "#0"},
				"west": {"uv": [12.5, 5.75, 14, 6.25], "texture": "#0"},
				"up": {"uv": [13, 10.75, 12.5, 9.25], "texture": "#0"},
				"down": {"uv": [10.75, 12.5, 10.25, 14], "texture": "#0"}
			}
		},
		{
			"from": [6.95, 7.5, 15.5],
			"to": [9.05, 8.5, 16.5],
			"rotation": {"angle": 0, "axis": "y", "origin": [7, 4.75, 13]},
			"faces": {
				"north": {"uv": [15, 4.5, 15.5, 4.75], "texture": "#0"},
				"east": {"uv": [4, 13.25, 4.25, 13.5], "texture": "#0"},
				"south": {"uv": [6, 15, 6.5, 15.25], "texture": "#0"},
				"west": {"uv": [13, 14.25, 13.25, 14.5], "texture": "#0"},
				"up": {"uv": [15.5, 6.5, 15, 6.25], "texture": "#0"},
				"down": {"uv": [7, 15, 6.5, 15.25], "texture": "#0"}
			}
		},
		{
			"from": [7, 2.75, 18.25],
			"to": [9, 7.75, 20.25],
			"rotation": {"angle": -22.5, "axis": "x", "origin": [7, 9.75, 14]},
			"faces": {
				"north": {"uv": [12.75, 12.5, 13.25, 13.75], "texture": "#0"},
				"east": {"uv": [0, 13, 0.5, 14.25], "texture": "#0"},
				"south": {"uv": [0.5, 13, 1, 14.25], "texture": "#0"},
				"west": {"uv": [1, 13, 1.5, 14.25], "texture": "#0"},
				"up": {"uv": [2.75, 15, 2.25, 14.5], "texture": "#0"},
				"down": {"uv": [3.25, 14.5, 2.75, 15], "texture": "#0"}
			}
		},
		{
			"from": [4, 2.96842, 10.15275],
			"to": [12, 6.96842, 12.15275],
			"rotation": {"angle": -37.5, "axis": "x", "origin": [8, 7.21842, 11.15275]},
			"faces": {
				"north": {"uv": [8.75, 1.75, 10.75, 2.75], "texture": "#0"},
				"east": {"uv": [1.75, 13.5, 2.25, 14.5], "texture": "#0"},
				"south": {"uv": [8.75, 2.75, 10.75, 3.75], "texture": "#0"},
				"west": {"uv": [2.25, 13.5, 2.75, 14.5], "texture": "#0"},
				"up": {"uv": [12.75, 5.75, 10.75, 5.25], "texture": "#0"},
				"down": {"uv": [13.5, 8.75, 11.5, 9.25], "texture": "#0"}
			}
		},
		{
			"from": [5, 5.11842, 12.15275],
			"to": [11, 6.11842, 12.90275],
			"rotation": {"angle": -37.5, "axis": "x", "origin": [8, 7.11842, 11.15275]},
			"faces": {
				"north": {"uv": [14, 8.5, 15.5, 8.75], "texture": "#0"},
				"east": {"uv": [15.25, 4, 15.5, 4.25], "texture": "#0"},
				"south": {"uv": [0, 14.25, 1.5, 14.5], "texture": "#0"},
				"west": {"uv": [15.25, 4.25, 15.5, 4.5], "texture": "#0"},
				"up": {"uv": [15.75, 0.5, 14.25, 0.25], "texture": "#0"},
				"down": {"uv": [15.75, 0.5, 14.25, 0.75], "texture": "#0"}
			}
		},
		{
			"from": [3.8, 0.46842, 12.25275],
			"to": [12, 4.46842, 14.75275],
			"rotation": {"angle": 0, "axis": "y", "origin": [8, 4.71842, 13.50275]},
			"faces": {
				"north": {"uv": [8.75, 3.75, 10.75, 4.75], "texture": "#0"},
				"east": {"uv": [12.75, 0, 13.5, 1], "texture": "#0"},
				"south": {"uv": [8.75, 4.75, 10.75, 5.75], "texture": "#0"},
				"west": {"uv": [7.5, 12.75, 8.25, 13.75], "texture": "#0"},
				"up": {"uv": [11, 11.5, 9, 10.75], "texture": "#0"},
				"down": {"uv": [13, 10.75, 11, 11.5], "texture": "#0"}
			}
		},
		{
			"from": [5, 6.96842, 10.65275],
			"to": [6, 9.96842, 11.65275],
			"rotation": {"angle": -37.5, "axis": "x", "origin": [8, 7.21842, 11.15275]},
			"faces": {
				"north": {"uv": [1.75, 15, 2, 15.75], "texture": "#0"},
				"east": {"uv": [2, 15, 2.25, 15.75], "texture": "#0"},
				"south": {"uv": [2.25, 15, 2.5, 15.75], "texture": "#0"},
				"west": {"uv": [2.5, 15, 2.75, 15.75], "texture": "#0"},
				"up": {"uv": [11.75, 15.25, 11.5, 15], "texture": "#0"},
				"down": {"uv": [12, 15, 11.75, 15.25], "texture": "#0"}
			}
		},
		{
			"from": [6, 8.96842, 10.65275],
			"to": [10, 9.96842, 11.65275],
			"rotation": {"angle": -37.5, "axis": "x", "origin": [8, 7.21842, 11.15275]},
			"faces": {
				"north": {"uv": [2, 5.75, 3, 6], "texture": "#0"},
				"east": {"uv": [13, 15, 13.25, 15.25], "texture": "#0"},
				"south": {"uv": [10.5, 9, 11.5, 9.25], "texture": "#0"},
				"west": {"uv": [13.25, 15, 13.5, 15.25], "texture": "#0"},
				"up": {"uv": [15.25, 1.5, 14.25, 1.25], "texture": "#0"},
				"down": {"uv": [6, 14.5, 5, 14.75], "texture": "#0"}
			}
		},
		{
			"from": [10, 6.96842, 10.65275],
			"to": [11, 9.96842, 11.65275],
			"rotation": {"angle": -37.5, "axis": "x", "origin": [8, 7.21842, 11.15275]},
			"faces": {
				"north": {"uv": [2.75, 15, 3, 15.75], "texture": "#0"},
				"east": {"uv": [3, 15, 3.25, 15.75], "texture": "#0"},
				"south": {"uv": [3.25, 15, 3.5, 15.75], "texture": "#0"},
				"west": {"uv": [3.5, 15, 3.75, 15.75], "texture": "#0"},
				"up": {"uv": [12.25, 15.25, 12, 15], "texture": "#0"},
				"down": {"uv": [12.5, 15, 12.25, 15.25], "texture": "#0"}
			}
		},
		{
			"from": [7, 2.75, 17],
			"to": [9, 6, 18],
			"rotation": {"angle": 0, "axis": "y", "origin": [7, -0.25, 14]},
			"faces": {
				"north": {"uv": [3.75, 13.5, 4.25, 14.25], "texture": "#0"},
				"east": {"uv": [1, 15, 1.25, 15.75], "texture": "#0"},
				"south": {"uv": [8.5, 13.5, 9, 14.25], "texture": "#0"},
				"west": {"uv": [1.25, 15, 1.5, 15.75], "texture": "#0"},
				"up": {"uv": [15.5, 3.5, 15, 3.25], "texture": "#0"},
				"down": {"uv": [5, 15, 4.5, 15.25], "texture": "#0"}
			}
		},
		{
			"from": [12, -2, 16],
			"to": [20, 6, 29],
			"rotation": {"angle": -45, "axis": "x", "origin": [18, 0, 16]},
			"faces": {
				"north": {"uv": [0, 4, 2, 6], "texture": "#0"},
				"east": {"uv": [0, 0, 3.25, 2], "texture": "#0"},
				"south": {"uv": [5.25, 0, 7.25, 2], "texture": "#0"},
				"west": {"uv": [0, 2, 3.25, 4], "texture": "#0"},
				"up": {"uv": [5.25, 3.25, 3.25, 0], "texture": "#0"},
				"down": {"uv": [5.25, 3.25, 3.25, 6.5], "texture": "#0"}
			}
		},
		{
			"from": [11.5, 3, 20],
			"to": [13, 4.5, 22],
			"rotation": {"angle": -45, "axis": "x", "origin": [18, 0, 16]},
			"faces": {
				"north": {"uv": [6.5, 14.5, 7, 15], "texture": "#0"},
				"east": {"uv": [9.75, 14.5, 10.25, 15], "texture": "#0"},
				"south": {"uv": [11, 14.5, 11.5, 15], "texture": "#0"},
				"west": {"uv": [11.5, 14.5, 12, 15], "texture": "#0"},
				"up": {"uv": [12.5, 15, 12, 14.5], "texture": "#0"},
				"down": {"uv": [13.5, 14.5, 13, 15], "texture": "#0"}
			}
		},
		{
			"from": [11.5, 0.5, 20],
			"to": [13, 2, 22],
			"rotation": {"angle": -45, "axis": "x", "origin": [18, 0, 16]},
			"faces": {
				"north": {"uv": [8.5, 14.75, 9, 15.25], "texture": "#0"},
				"east": {"uv": [12.5, 14.75, 13, 15.25], "texture": "#0"},
				"south": {"uv": [14.75, 13.5, 15.25, 14], "texture": "#0"},
				"west": {"uv": [14.75, 14, 15.25, 14.5], "texture": "#0"},
				"up": {"uv": [0.5, 15.5, 0, 15], "texture": "#0"},
				"down": {"uv": [1, 15, 0.5, 15.5], "texture": "#0"}
			}
		},
		{
			"from": [11.5, 3, 24],
			"to": [13, 4.5, 26],
			"rotation": {"angle": -45, "axis": "x", "origin": [18, 0, 16]},
			"faces": {
				"north": {"uv": [13.5, 14.5, 14, 15], "texture": "#0"},
				"east": {"uv": [14, 14.5, 14.5, 15], "texture": "#0"},
				"south": {"uv": [14.5, 14.5, 15, 15], "texture": "#0"},
				"west": {"uv": [14.75, 1.5, 15.25, 2], "texture": "#0"},
				"up": {"uv": [15.25, 2.75, 14.75, 2.25], "texture": "#0"},
				"down": {"uv": [15.25, 3.5, 14.75, 4], "texture": "#0"}
			}
		},
		{
			"from": [11.5, 0.5, 24],
			"to": [13, 2, 26],
			"rotation": {"angle": -45, "axis": "x", "origin": [18, 0, 16]},
			"faces": {
				"north": {"uv": [14.75, 5.25, 15.25, 5.75], "texture": "#0"},
				"east": {"uv": [5.5, 14.75, 6, 15.25], "texture": "#0"},
				"south": {"uv": [14.75, 5.75, 15.25, 6.25], "texture": "#0"},
				"west": {"uv": [14.75, 7.25, 15.25, 7.75], "texture": "#0"},
				"up": {"uv": [8, 15.25, 7.5, 14.75], "texture": "#0"},
				"down": {"uv": [15.25, 7.75, 14.75, 8.25], "texture": "#0"}
			}
		},
		{
			"from": [14, 1.5, 14],
			"to": [17.5, 2, 15.5],
			"rotation": {"angle": -45, "axis": "x", "origin": [18, 0, 16]},
			"faces": {
				"north": {"uv": [14.5, 8.75, 15.5, 9], "texture": "#0"},
				"east": {"uv": [15, 6.5, 15.5, 6.75], "texture": "#0"},
				"south": {"uv": [14.5, 9, 15.5, 9.25], "texture": "#0"},
				"west": {"uv": [15, 7, 15.5, 7.25], "texture": "#0"},
				"up": {"uv": [14.25, 14, 13.25, 13.5], "texture": "#0"},
				"down": {"uv": [14.75, 2.25, 13.75, 2.75], "texture": "#0"}
			}
		},
		{
			"from": [12.5, -2, 12],
			"to": [15.5, 1, 14],
			"rotation": {"angle": -45, "axis": "x", "origin": [18.5, 0, 16]},
			"faces": {
				"north": {"uv": [13, 10, 13.75, 10.75], "texture": "#0"},
				"east": {"uv": [4.5, 13.75, 5, 14.5], "texture": "#0"},
				"south": {"uv": [13, 10.75, 13.75, 11.5], "texture": "#0"},
				"west": {"uv": [9.75, 13.75, 10.25, 14.5], "texture": "#0"},
				"up": {"uv": [14.75, 7.75, 14, 7.25], "texture": "#0"},
				"down": {"uv": [14.75, 7.75, 14, 8.25], "texture": "#0"}
			}
		},
		{
			"from": [12, -2.5, 14],
			"to": [16, 1.5, 16],
			"rotation": {"angle": -45, "axis": "x", "origin": [18.5, 0, 16]},
			"faces": {
				"north": {"uv": [7.5, 11.75, 8.5, 12.75], "texture": "#0"},
				"east": {"uv": [2.75, 13.5, 3.25, 14.5], "texture": "#0"},
				"south": {"uv": [12, 2, 13, 3], "texture": "#0"},
				"west": {"uv": [3.25, 13.5, 3.75, 14.5], "texture": "#0"},
				"up": {"uv": [14.5, 6.75, 13.5, 6.25], "texture": "#0"},
				"down": {"uv": [14.5, 8.75, 13.5, 9.25], "texture": "#0"}
			}
		},
		{
			"from": [12.5, 3.5, 15.5],
			"to": [19.5, 4.5, 16],
			"rotation": {"angle": -45, "axis": "x", "origin": [18.5, 0, 16]},
			"faces": {
				"north": {"uv": [9, 1.5, 10.75, 1.75], "texture": "#0"},
				"east": {"uv": [13.5, 15, 13.75, 15.25], "texture": "#0"},
				"south": {"uv": [13.75, 4.75, 15.5, 5], "texture": "#0"},
				"west": {"uv": [13.75, 15, 14, 15.25], "texture": "#0"},
				"up": {"uv": [15.5, 5.25, 13.75, 5], "texture": "#0"},
				"down": {"uv": [15.5, 9.25, 13.75, 9.5], "texture": "#0"}
			}
		},
		{
			"from": [18.5, -2.5, 15.5],
			"to": [19.5, 3.5, 17],
			"rotation": {"angle": -45, "axis": "x", "origin": [19, 0, 16]},
			"faces": {
				"north": {"uv": [3, 4, 3.25, 5.5], "texture": "#0"},
				"east": {"uv": [10.75, 12.5, 11.25, 14], "texture": "#0"},
				"south": {"uv": [7, 14, 7.25, 15.5], "texture": "#0"},
				"west": {"uv": [11.25, 12.5, 11.75, 14], "texture": "#0"},
				"up": {"uv": [3.25, 6, 3, 5.5], "texture": "#0"},
				"down": {"uv": [12.75, 13.25, 12.5, 13.75], "texture": "#0"}
			}
		},
		{
			"from": [12.5, -2.5, 16],
			"to": [13.5, 3.5, 17],
			"rotation": {"angle": -45, "axis": "x", "origin": [13, 0, 16]},
			"faces": {
				"north": {"uv": [7.25, 14, 7.5, 15.5], "texture": "#0"},
				"east": {"uv": [10.25, 14, 10.5, 15.5], "texture": "#0"},
				"south": {"uv": [10.5, 14, 10.75, 15.5], "texture": "#0"},
				"west": {"uv": [10.75, 14, 11, 15.5], "texture": "#0"},
				"up": {"uv": [15.5, 2.5, 15.25, 2.25], "texture": "#0"},
				"down": {"uv": [15.5, 2.5, 15.25, 2.75], "texture": "#0"}
			}
		},
		{
			"from": [12.5, 1.5, 15.5],
			"to": [13.5, 3.5, 17],
			"rotation": {"angle": -45, "axis": "x", "origin": [13, 0, 16]},
			"faces": {
				"north": {"uv": [9.75, 15, 10, 15.5], "texture": "#0"},
				"east": {"uv": [14.75, 4, 15.25, 4.5], "texture": "#0"},
				"south": {"uv": [10, 15, 10.25, 15.5], "texture": "#0"},
				"west": {"uv": [5, 14.75, 5.5, 15.25], "texture": "#0"},
				"up": {"uv": [11.25, 15.5, 11, 15], "texture": "#0"},
				"down": {"uv": [11.5, 15, 11.25, 15.5], "texture": "#0"}
			}
		},
		{
			"from": [11.5, -1.5, 17],
			"to": [20.5, 2, 18],
			"rotation": {"angle": -45, "axis": "x", "origin": [20.5, 0, 16]},
			"faces": {
				"north": {"uv": [0, 8.25, 2.25, 9.25], "texture": "#0"},
				"east": {"uv": [5, 8.25, 5.25, 9.25], "texture": "#0"},
				"south": {"uv": [2.25, 8.25, 4.5, 9.25], "texture": "#0"},
				"west": {"uv": [8, 14.25, 8.25, 15.25], "texture": "#0"},
				"up": {"uv": [4, 13.5, 1.75, 13.25], "texture": "#0"},
				"down": {"uv": [15.5, 12.5, 13.25, 12.75], "texture": "#0"}
			}
		},
		{
			"from": [11.5, -1.5, 26],
			"to": [20.5, 2, 27],
			"rotation": {"angle": -45, "axis": "x", "origin": [20.5, 0, 16]},
			"faces": {
				"north": {"uv": [8.25, 7.25, 10.5, 8.25], "texture": "#0"},
				"east": {"uv": [3.75, 14.75, 4, 15.75], "texture": "#0"},
				"south": {"uv": [8.25, 8.25, 10.5, 9.25], "texture": "#0"},
				"west": {"uv": [4, 14.75, 4.25, 15.75], "texture": "#0"},
				"up": {"uv": [15.5, 13, 13.25, 12.75], "texture": "#0"},
				"down": {"uv": [15.5, 13, 13.25, 13.25], "texture": "#0"}
			}
		},
		{
			"from": [14.5, 1, 18],
			"to": [20.5, 2, 26],
			"rotation": {"angle": -45, "axis": "x", "origin": [20.5, 0, 16]},
			"faces": {
				"north": {"uv": [7.25, 1.75, 8.75, 2], "texture": "#0"},
				"east": {"uv": [13.5, 6.75, 15.5, 7], "texture": "#0"},
				"south": {"uv": [14, 8.25, 15.5, 8.5], "texture": "#0"},
				"west": {"uv": [13.75, 2.75, 15.75, 3], "texture": "#0"},
				"up": {"uv": [6.75, 9.25, 5.25, 7.25], "texture": "#0"},
				"down": {"uv": [8.25, 7.25, 6.75, 9.25], "texture": "#0"}
			}
		},
		{
			"from": [11.25, 2, 18],
			"to": [12.5, 3, 27],
			"rotation": {"angle": -45, "axis": "x", "origin": [20.5, 0, 16]},
			"faces": {
				"north": {"uv": [15.25, 3.5, 15.5, 3.75], "texture": "#0"},
				"east": {"uv": [13.25, 13.25, 15.5, 13.5], "texture": "#0"},
				"south": {"uv": [15.25, 3.75, 15.5, 4], "texture": "#0"},
				"west": {"uv": [13.5, 0, 15.75, 0.25], "texture": "#0"},
				"up": {"uv": [9.5, 15.25, 9.25, 13], "texture": "#0"},
				"down": {"uv": [9.75, 13, 9.5, 15.25], "texture": "#0"}
			}
		},
		{
			"from": [19.5, -2.5, 17],
			"to": [20.5, -1.5, 27],
			"rotation": {"angle": -45, "axis": "x", "origin": [20.5, 0, 16]},
			"faces": {
				"north": {"uv": [15, 15, 15.25, 15.25], "texture": "#0"},
				"east": {"uv": [12.5, 4.5, 15, 4.75], "texture": "#0"},
				"south": {"uv": [15.25, 1.25, 15.5, 1.5], "texture": "#0"},
				"west": {"uv": [12.5, 7, 15, 7.25], "texture": "#0"},
				"up": {"uv": [8.5, 15.25, 8.25, 12.75], "texture": "#0"},
				"down": {"uv": [1.75, 13, 1.5, 15.5], "texture": "#0"}
			}
		},
		{
			"from": [11.5, -2.5, 17],
			"to": [12.5, -1.5, 27],
			"rotation": {"angle": -45, "axis": "x", "origin": [12.5, 0, 16]},
			"faces": {
				"north": {"uv": [15.25, 1.5, 15.5, 1.75], "texture": "#0"},
				"east": {"uv": [1.75, 13, 4.25, 13.25], "texture": "#0"},
				"south": {"uv": [15.25, 1.75, 15.5, 2], "texture": "#0"},
				"west": {"uv": [13, 2, 15.5, 2.25], "texture": "#0"},
				"up": {"uv": [4.5, 15.5, 4.25, 13], "texture": "#0"},
				"down": {"uv": [9.25, 13, 9, 15.5], "texture": "#0"}
			}
		},
		{
			"from": [12.5, -2.5, 26.5],
			"to": [19.5, -1.5, 27.5],
			"rotation": {"angle": -45, "axis": "x", "origin": [13.5, 0, 16]},
			"faces": {
				"north": {"uv": [13.75, 9.5, 15.5, 9.75], "texture": "#0"},
				"east": {"uv": [14, 15, 14.25, 15.25], "texture": "#0"},
				"south": {"uv": [13.75, 9.75, 15.5, 10], "texture": "#0"},
				"west": {"uv": [14.25, 15, 14.5, 15.25], "texture": "#0"},
				"up": {"uv": [15.5, 10.25, 13.75, 10], "texture": "#0"},
				"down": {"uv": [15.5, 10.25, 13.75, 10.5], "texture": "#0"}
			}
		},
		{
			"from": [12.5, -2.5, 24],
			"to": [19.5, -1.5, 25],
			"rotation": {"angle": -45, "axis": "x", "origin": [13.5, 0, 16]},
			"faces": {
				"north": {"uv": [13.75, 11.5, 15.5, 11.75], "texture": "#0"},
				"east": {"uv": [14.75, 15, 15, 15.25], "texture": "#0"},
				"south": {"uv": [13.75, 11.75, 15.5, 12], "texture": "#0"},
				"west": {"uv": [15, 14.75, 15.25, 15], "texture": "#0"},
				"up": {"uv": [15.5, 12.25, 13.75, 12], "texture": "#0"},
				"down": {"uv": [15.5, 12.25, 13.75, 12.5], "texture": "#0"}
			}
		},
		{
			"from": [12.5, -2.5, 17],
			"to": [19.5, -1.5, 18],
			"rotation": {"angle": -45, "axis": "x", "origin": [13.5, 0, 16]},
			"faces": {
				"north": {"uv": [13.75, 10.5, 15.5, 10.75], "texture": "#0"},
				"east": {"uv": [14.5, 15, 14.75, 15.25], "texture": "#0"},
				"south": {"uv": [13.75, 10.75, 15.5, 11], "texture": "#0"},
				"west": {"uv": [15, 14.5, 15.25, 14.75], "texture": "#0"},
				"up": {"uv": [15.5, 11.25, 13.75, 11], "texture": "#0"},
				"down": {"uv": [15.5, 11.25, 13.75, 11.5], "texture": "#0"}
			}
		}
	],
	"display": {
		"thirdperson_righthand": {
			"rotation": [68, 0, 0],
			"translation": [0, -0.5, -0.75]
		},
		"thirdperson_lefthand": {
			"rotation": [68, 0, 0],
			"translation": [0, -0.5, -0.75]
		},
		"firstperson_righthand": {
			"translation": [1.25, 2.25, 2.25]
		},
		"firstperson_lefthand": {
			"translation": [1.25, 2.25, 2.25]
		},
		"gui": {
			"rotation": [7, -156, 0],
			"translation": [3, 1.5, 0],
			"scale": [0.59, 0.59, 0.59]
		}
	}
}