{
	"format_version": "1.21.6",
	"credit": "Made with Blockbench",
	"texture_size": [128, 128],
	"textures": {
		"0": "kl:item/sp3",
		"particle": "kl:item/sp3"
	},
	"elements": [
		{
			"from": [8.5, 0.25, 2],
			"to": [11.5, 3.25, 4],
			"rotation": {"angle": 0, "axis": "y", "origin": [7, 0, 2]},
			"faces": {
				"north": {"uv": [2.625, 1.75, 3, 2.125], "texture": "#0"},
				"east": {"uv": [5.625, 6.75, 5.875, 7.125], "texture": "#0"},
				"south": {"uv": [4.5, 1.375, 4.875, 1.75], "texture": "#0"},
				"west": {"uv": [2, 6.875, 2.25, 7.25], "texture": "#0"},
				"up": {"uv": [2.5, 5.25, 2.125, 5], "texture": "#0"},
				"down": {"uv": [2.625, 6.875, 2.25, 7.125], "texture": "#0"}
			}
		},
		{
			"from": [10.5, 0.75, 2.2],
			"to": [11, 6.25, 3.8],
			"rotation": {"angle": 0, "axis": "y", "origin": [5.25, 0.5, 2]},
			"faces": {
				"north": {"uv": [0.25, 7, 0.375, 7.75], "texture": "#0"},
				"east": {"uv": [6, 5, 6.25, 5.75], "texture": "#0"},
				"south": {"uv": [0.875, 7, 1, 7.75], "texture": "#0"},
				"west": {"uv": [5.375, 6, 5.625, 6.75], "texture": "#0"},
				"up": {"uv": [5.875, 8, 5.75, 7.75], "texture": "#0"},
				"down": {"uv": [6, 7.75, 5.875, 8], "texture": "#0"}
			}
		},
		{
			"from": [5.5, 5.75, 2.2],
			"to": [10.5, 6.25, 3.8],
			"rotation": {"angle": 0, "axis": "y", "origin": [5.25, 0.5, 2]},
			"faces": {
				"north": {"uv": [7.375, 2.25, 8, 2.375], "texture": "#0"},
				"east": {"uv": [4.125, 7.875, 4.375, 8], "texture": "#0"},
				"south": {"uv": [7.375, 2.375, 8, 2.5], "texture": "#0"},
				"west": {"uv": [7.875, 4.25, 8.125, 4.375], "texture": "#0"},
				"up": {"uv": [7.125, 0.5, 6.5, 0.25], "texture": "#0"},
				"down": {"uv": [7.125, 1.375, 6.5, 1.625], "texture": "#0"}
			}
		},
		{
			"from": [5.5, 0.75, 2.2],
			"to": [10.5, 1.25, 3.8],
			"rotation": {"angle": 0, "axis": "y", "origin": [5.25, -4.5, 2]},
			"faces": {
				"north": {"uv": [7.375, 2.5, 8, 2.625], "texture": "#0"},
				"east": {"uv": [7.875, 4.375, 8.125, 4.5], "texture": "#0"},
				"south": {"uv": [7.375, 2.625, 8, 2.75], "texture": "#0"},
				"west": {"uv": [4.875, 7.875, 5.125, 8], "texture": "#0"},
				"up": {"uv": [7.125, 1.875, 6.5, 1.625], "texture": "#0"},
				"down": {"uv": [3.75, 6.5, 3.125, 6.75], "texture": "#0"}
			}
		},
		{
			"from": [5, 0.75, 2.2],
			"to": [5.5, 6.25, 3.8],
			"rotation": {"angle": 0, "axis": "y", "origin": [-0.25, 0.5, 2]},
			"faces": {
				"north": {"uv": [5, 7, 5.125, 7.75], "texture": "#0"},
				"east": {"uv": [5.625, 6, 5.875, 6.75], "texture": "#0"},
				"south": {"uv": [5.125, 7, 5.25, 7.75], "texture": "#0"},
				"west": {"uv": [6, 5.75, 6.25, 6.5], "texture": "#0"},
				"up": {"uv": [8, 4, 7.875, 3.75], "texture": "#0"},
				"down": {"uv": [8, 4, 7.875, 4.25], "texture": "#0"}
			}
		},
		{
			"from": [4.5, 0.25, 2],
			"to": [7.5, 3.25, 4],
			"rotation": {"angle": 0, "axis": "y", "origin": [3, 0, 2]},
			"faces": {
				"north": {"uv": [6.5, 6.25, 6.875, 6.625], "texture": "#0"},
				"east": {"uv": [5.25, 6.875, 5.5, 7.25], "texture": "#0"},
				"south": {"uv": [0, 6.625, 0.375, 7], "texture": "#0"},
				"west": {"uv": [0, 7, 0.25, 7.375], "texture": "#0"},
				"up": {"uv": [7.375, 0.875, 7, 0.625], "texture": "#0"},
				"down": {"uv": [7.375, 0.875, 7, 1.125], "texture": "#0"}
			}
		},
		{
			"from": [6.5, 4, 2],
			"to": [9.5, 7, 4],
			"rotation": {"angle": 0, "axis": "y", "origin": [5, 3.75, 2]},
			"faces": {
				"north": {"uv": [6.625, 0.75, 7, 1.125], "texture": "#0"},
				"east": {"uv": [7, 2.25, 7.25, 2.625], "texture": "#0"},
				"south": {"uv": [4.125, 6.625, 4.5, 7], "texture": "#0"},
				"west": {"uv": [7, 2.625, 7.25, 3], "texture": "#0"},
				"up": {"uv": [7.375, 1.375, 7, 1.125], "texture": "#0"},
				"down": {"uv": [4.5, 7, 4.125, 7.25], "texture": "#0"}
			}
		},
		{
			"from": [5, 0.75, -3],
			"to": [7, 2.75, 7],
			"rotation": {"angle": 0, "axis": "y", "origin": [7, 0.75, -4]},
			"faces": {
				"north": {"uv": [6.875, 7.25, 7.125, 7.5], "texture": "#0"},
				"east": {"uv": [5, 4.75, 6.25, 5], "texture": "#0"},
				"south": {"uv": [0, 7.375, 0.25, 7.625], "texture": "#0"},
				"west": {"uv": [5.125, 0.625, 6.375, 0.875], "texture": "#0"},
				"up": {"uv": [3.375, 6.5, 3.125, 5.25], "texture": "#0"},
				"down": {"uv": [3.625, 5.25, 3.375, 6.5], "texture": "#0"}
			}
		},
		{
			"from": [9, 0.75, -3],
			"to": [11, 2.75, 7],
			"rotation": {"angle": 0, "axis": "y", "origin": [11, 0.75, -4]},
			"faces": {
				"north": {"uv": [2.25, 7.375, 2.5, 7.625], "texture": "#0"},
				"east": {"uv": [5.25, 3.375, 6.5, 3.625], "texture": "#0"},
				"south": {"uv": [4.5, 7.375, 4.75, 7.625], "texture": "#0"},
				"west": {"uv": [5.25, 3.625, 6.5, 3.875], "texture": "#0"},
				"up": {"uv": [3.875, 6.5, 3.625, 5.25], "texture": "#0"},
				"down": {"uv": [4.125, 5.25, 3.875, 6.5], "texture": "#0"}
			}
		},
		{
			"from": [7, 4.5, -3],
			"to": [9, 6.5, 7],
			"rotation": {"angle": 0, "axis": "y", "origin": [9, 4.5, -4]},
			"faces": {
				"north": {"uv": [5.625, 7.375, 5.875, 7.625], "texture": "#0"},
				"east": {"uv": [5.25, 3.875, 6.5, 4.125], "texture": "#0"},
				"south": {"uv": [5.875, 7.375, 6.125, 7.625], "texture": "#0"},
				"west": {"uv": [5.375, 0.875, 6.625, 1.125], "texture": "#0"},
				"up": {"uv": [0.25, 6.625, 0, 5.375], "texture": "#0"},
				"down": {"uv": [0.5, 5.375, 0.25, 6.625], "texture": "#0"}
			}
		},
		{
			"from": [6.75, 4.25, -1],
			"to": [9.25, 6.75, 0],
			"rotation": {"angle": 0, "axis": "y", "origin": [9, 4.5, -2]},
			"faces": {
				"north": {"uv": [6.5, 3.625, 6.875, 4], "texture": "#0"},
				"east": {"uv": [3.5, 7.625, 3.625, 8], "texture": "#0"},
				"south": {"uv": [3.75, 6.5, 4.125, 6.875], "texture": "#0"},
				"west": {"uv": [3.625, 7.625, 3.75, 8], "texture": "#0"},
				"up": {"uv": [8, 3.25, 7.625, 3.125], "texture": "#0"},
				"down": {"uv": [8, 4.625, 7.625, 4.75], "texture": "#0"}
			}
		},
		{
			"from": [4.75, 0.5, -1],
			"to": [7.25, 3, 0],
			"rotation": {"angle": 0, "axis": "y", "origin": [7, 0.75, -2]},
			"faces": {
				"north": {"uv": [6.5, 4.625, 6.875, 5], "texture": "#0"},
				"east": {"uv": [4.5, 7.625, 4.625, 8], "texture": "#0"},
				"south": {"uv": [6.5, 5.5, 6.875, 5.875], "texture": "#0"},
				"west": {"uv": [4.625, 7.625, 4.75, 8], "texture": "#0"},
				"up": {"uv": [8, 4.875, 7.625, 4.75], "texture": "#0"},
				"down": {"uv": [8, 4.875, 7.625, 5], "texture": "#0"}
			}
		},
		{
			"from": [8.75, 0.5, -1],
			"to": [11.25, 3, 0],
			"rotation": {"angle": 0, "axis": "y", "origin": [11, 0.75, -2]},
			"faces": {
				"north": {"uv": [5.875, 6.5, 6.25, 6.875], "texture": "#0"},
				"east": {"uv": [5.5, 7.625, 5.625, 8], "texture": "#0"},
				"south": {"uv": [6.5, 5.875, 6.875, 6.25], "texture": "#0"},
				"west": {"uv": [5.625, 7.625, 5.75, 8], "texture": "#0"},
				"up": {"uv": [6.125, 7.75, 5.75, 7.625], "texture": "#0"},
				"down": {"uv": [8, 6, 7.625, 6.125], "texture": "#0"}
			}
		},
		{
			"from": [3.5, -1, 7],
			"to": [12.5, 7.5, 10],
			"rotation": {"angle": 0, "axis": "y", "origin": [7, 0, 9]},
			"faces": {
				"north": {"uv": [0.875, 2.25, 2, 3.375], "texture": "#0"},
				"east": {"uv": [4.875, 1.875, 5.25, 3], "texture": "#0"},
				"south": {"uv": [2, 2.25, 3.125, 3.375], "texture": "#0"},
				"west": {"uv": [0.625, 5, 1, 6.125], "texture": "#0"},
				"up": {"uv": [6, 3.375, 4.875, 3], "texture": "#0"},
				"down": {"uv": [2.125, 5, 1, 5.375], "texture": "#0"}
			}
		},
		{
			"from": [4.5, -0.5, 11],
			"to": [11.5, 6.5, 17],
			"rotation": {"angle": 0, "axis": "y", "origin": [7, 0, 13]},
			"faces": {
				"north": {"uv": [0.875, 3.375, 1.75, 4.25], "texture": "#0"},
				"east": {"uv": [4.125, 1.75, 4.875, 2.625], "texture": "#0"},
				"south": {"uv": [1.75, 3.375, 2.625, 4.25], "texture": "#0"},
				"west": {"uv": [4.125, 2.625, 4.875, 3.5], "texture": "#0"},
				"up": {"uv": [1.75, 5, 0.875, 4.25], "texture": "#0"},
				"down": {"uv": [2.625, 4.25, 1.75, 5], "texture": "#0"}
			}
		},
		{
			"from": [3.9, 5, 11.95],
			"to": [4.5, 6.5, 17],
			"rotation": {"angle": 0, "axis": "y", "origin": [7, 0, 13]},
			"faces": {
				"north": {"uv": [3, 7.75, 3.125, 8], "texture": "#0"},
				"east": {"uv": [4.375, 4.125, 5, 4.375], "texture": "#0"},
				"south": {"uv": [7.75, 3.25, 7.875, 3.5], "texture": "#0"},
				"west": {"uv": [6, 3, 6.625, 3.25], "texture": "#0"},
				"up": {"uv": [7.25, 7.75, 7.125, 7.125], "texture": "#0"},
				"down": {"uv": [2.125, 7.25, 2, 7.875], "texture": "#0"}
			}
		},
		{
			"from": [4.9, 0, 18.7],
			"to": [5.5, 6.5, 20],
			"rotation": {"angle": 0, "axis": "y", "origin": [8, 0, 19]},
			"faces": {
				"north": {"uv": [0.875, 6.125, 1, 7], "texture": "#0"},
				"east": {"uv": [0.375, 6.625, 0.5, 7.5], "texture": "#0"},
				"south": {"uv": [0.625, 6.75, 0.75, 7.625], "texture": "#0"},
				"west": {"uv": [0.75, 6.75, 0.875, 7.625], "texture": "#0"},
				"up": {"uv": [4.5, 8, 4.375, 7.875], "texture": "#0"},
				"down": {"uv": [8, 5, 7.875, 5.125], "texture": "#0"}
			}
		},
		{
			"from": [5.15, -1, 20.2],
			"to": [5.9, 0.25, 21.2],
			"rotation": {"angle": 0, "axis": "y", "origin": [8, 0, 20.5]},
			"faces": {
				"north": {"uv": [7.875, 5.25, 8, 5.375], "texture": "#0"},
				"east": {"uv": [7.875, 5.375, 8, 5.5], "texture": "#0"},
				"south": {"uv": [7.875, 5.5, 8, 5.625], "texture": "#0"},
				"west": {"uv": [7.875, 5.625, 8, 5.75], "texture": "#0"},
				"up": {"uv": [8, 5.875, 7.875, 5.75], "texture": "#0"},
				"down": {"uv": [8, 5.875, 7.875, 6], "texture": "#0"}
			}
		},
		{
			"from": [5.15, -3.8, 20.2],
			"to": [5.9, -0.8, 21.2],
			"rotation": {"angle": -45, "axis": "x", "origin": [8, -0.8, 20.5]},
			"faces": {
				"north": {"uv": [6.875, 7.5, 7, 7.875], "texture": "#0"},
				"east": {"uv": [7, 7.5, 7.125, 7.875], "texture": "#0"},
				"south": {"uv": [7.5, 7.375, 7.625, 7.75], "texture": "#0"},
				"west": {"uv": [0, 7.625, 0.125, 8], "texture": "#0"},
				"up": {"uv": [8, 6.75, 7.875, 6.625], "texture": "#0"},
				"down": {"uv": [8, 6.75, 7.875, 6.875], "texture": "#0"}
			}
		},
		{
			"from": [10.1, -3.8, 20.2],
			"to": [10.85, -0.8, 21.2],
			"rotation": {"angle": -45, "axis": "x", "origin": [12.95, -0.8, 20.5]},
			"faces": {
				"north": {"uv": [0.125, 7.625, 0.25, 8], "texture": "#0"},
				"east": {"uv": [0.5, 7.625, 0.625, 8], "texture": "#0"},
				"south": {"uv": [0.625, 7.625, 0.75, 8], "texture": "#0"},
				"west": {"uv": [0.75, 7.625, 0.875, 8], "texture": "#0"},
				"up": {"uv": [7, 8, 6.875, 7.875], "texture": "#0"},
				"down": {"uv": [8, 6.875, 7.875, 7], "texture": "#0"}
			}
		},
		{
			"from": [10.1, -1, 20.2],
			"to": [10.85, 0.25, 21.2],
			"rotation": {"angle": 0, "axis": "y", "origin": [8, 0, 20.5]},
			"faces": {
				"north": {"uv": [6, 7.875, 6.125, 8], "texture": "#0"},
				"east": {"uv": [6.125, 7.875, 6.25, 8], "texture": "#0"},
				"south": {"uv": [6.25, 7.875, 6.375, 8], "texture": "#0"},
				"west": {"uv": [6.375, 7.875, 6.5, 8], "texture": "#0"},
				"up": {"uv": [6.625, 8, 6.5, 7.875], "texture": "#0"},
				"down": {"uv": [6.75, 7.875, 6.625, 8], "texture": "#0"}
			}
		},
		{
			"from": [5.15, 0.25, 20.2],
			"to": [10.85, 6.75, 21.2],
			"rotation": {"angle": 0, "axis": "y", "origin": [8, 0, 20.5]},
			"faces": {
				"north": {"uv": [2.625, 4.375, 3.375, 5.25], "texture": "#0"},
				"east": {"uv": [3.375, 6.75, 3.5, 7.625], "texture": "#0"},
				"south": {"uv": [3.375, 4.375, 4.125, 5.25], "texture": "#0"},
				"west": {"uv": [3.5, 6.75, 3.625, 7.625], "texture": "#0"},
				"up": {"uv": [6.625, 7, 5.875, 6.875], "texture": "#0"},
				"down": {"uv": [7.625, 6, 6.875, 6.125], "texture": "#0"}
			}
		},
		{
			"from": [5.125, -3.1, 25.2],
			"to": [10.875, -2.35, 26.2],
			"rotation": {"angle": 0, "axis": "y", "origin": [8, -3.1, 25.5]},
			"faces": {
				"north": {"uv": [6.875, 6.125, 7.625, 6.25], "texture": "#0"},
				"east": {"uv": [7, 7.875, 7.125, 8], "texture": "#0"},
				"south": {"uv": [6.875, 6.25, 7.625, 6.375], "texture": "#0"},
				"west": {"uv": [7.875, 7.125, 8, 7.25], "texture": "#0"},
				"up": {"uv": [7.625, 6.5, 6.875, 6.375], "texture": "#0"},
				"down": {"uv": [7.625, 6.5, 6.875, 6.625], "texture": "#0"}
			}
		},
		{
			"from": [5.15, -3.1, 22.3],
			"to": [5.9, -2.35, 25.2],
			"rotation": {"angle": 0, "axis": "y", "origin": [8, -3.1, 25.5]},
			"faces": {
				"north": {"uv": [7.875, 7.25, 8, 7.375], "texture": "#0"},
				"east": {"uv": [4.875, 3.375, 5.25, 3.5], "texture": "#0"},
				"south": {"uv": [7.75, 7.875, 7.875, 8], "texture": "#0"},
				"west": {"uv": [7.375, 7, 7.75, 7.125], "texture": "#0"},
				"up": {"uv": [1.125, 8, 1, 7.625], "texture": "#0"},
				"down": {"uv": [1.25, 7.625, 1.125, 8], "texture": "#0"}
			}
		},
		{
			"from": [10.1, -3.1, 22.3],
			"to": [10.85, -2.35, 25.2],
			"rotation": {"angle": 0, "axis": "y", "origin": [13, -3.1, 25.5]},
			"faces": {
				"north": {"uv": [7.875, 7.875, 8, 8], "texture": "#0"},
				"east": {"uv": [7.5, 1.875, 7.875, 2], "texture": "#0"},
				"south": {"uv": [0, 8, 0.125, 8.125], "texture": "#0"},
				"west": {"uv": [7.5, 4, 7.875, 4.125], "texture": "#0"},
				"up": {"uv": [2.375, 8, 2.25, 7.625], "texture": "#0"},
				"down": {"uv": [2.5, 7.625, 2.375, 8], "texture": "#0"}
			}
		},
		{
			"from": [4.39, -3.3, 13.8],
			"to": [4.91, -0.3, 14.8],
			"rotation": {"angle": 45, "axis": "x", "origin": [8, -0.3, 14.5]},
			"faces": {
				"north": {"uv": [2.625, 7.625, 2.75, 8], "texture": "#0"},
				"east": {"uv": [3.125, 7.625, 3.25, 8], "texture": "#0"},
				"south": {"uv": [3.25, 7.625, 3.375, 8], "texture": "#0"},
				"west": {"uv": [3.375, 7.625, 3.5, 8], "texture": "#0"},
				"up": {"uv": [0.75, 8.125, 0.625, 8], "texture": "#0"},
				"down": {"uv": [8.125, 0.625, 8, 0.75], "texture": "#0"}
			}
		},
		{
			"from": [4.39, -1.32, 5.55],
			"to": [4.89, -0.47, 7.55],
			"rotation": {"angle": 27.5, "axis": "x", "origin": [8, -0.65, 4.55]},
			"faces": {
				"north": {"uv": [2.375, 8, 2.5, 8.125], "texture": "#0"},
				"east": {"uv": [7.75, 7.625, 8, 7.75], "texture": "#0"},
				"south": {"uv": [8, 2.375, 8.125, 2.5], "texture": "#0"},
				"west": {"uv": [7.75, 7.75, 8, 7.875], "texture": "#0"},
				"up": {"uv": [6.875, 8, 6.75, 7.75], "texture": "#0"},
				"down": {"uv": [7.25, 7.75, 7.125, 8], "texture": "#0"}
			}
		},
		{
			"from": [4.875, -2.6, 9.8],
			"to": [11.125, -1.85, 10.55],
			"rotation": {"angle": 0, "axis": "y", "origin": [8, -2.6, 10.25]},
			"faces": {
				"north": {"uv": [7, 4.5, 7.75, 4.625], "texture": "#0"},
				"east": {"uv": [8, 2, 8.125, 2.125], "texture": "#0"},
				"south": {"uv": [5.875, 7, 6.625, 7.125], "texture": "#0"},
				"west": {"uv": [8, 2.125, 8.125, 2.25], "texture": "#0"},
				"up": {"uv": [7.375, 7.125, 6.625, 7], "texture": "#0"},
				"down": {"uv": [7.875, 0, 7.125, 0.125], "texture": "#0"}
			}
		},
		{
			"from": [4.875, -0.85, 13.05],
			"to": [11.125, -0.1, 14.8],
			"rotation": {"angle": 0, "axis": "y", "origin": [8, -0.85, 14.5]},
			"faces": {
				"north": {"uv": [7.125, 0.125, 7.875, 0.25], "texture": "#0"},
				"east": {"uv": [6.5, 7.75, 6.75, 7.875], "texture": "#0"},
				"south": {"uv": [7.125, 0.25, 7.875, 0.375], "texture": "#0"},
				"west": {"uv": [7.75, 7, 8, 7.125], "texture": "#0"},
				"up": {"uv": [6.5, 0.25, 5.75, 0], "texture": "#0"},
				"down": {"uv": [6.5, 0.25, 5.75, 0.5], "texture": "#0"}
			}
		},
		{
			"from": [4.4, -2.6, 6.8],
			"to": [4.9, -1.85, 12.7],
			"rotation": {"angle": 0, "axis": "y", "origin": [8, -2.6, 7.5]},
			"faces": {
				"north": {"uv": [8, 0.375, 8.125, 0.5], "texture": "#0"},
				"east": {"uv": [6.625, 6.875, 7.375, 7], "texture": "#0"},
				"south": {"uv": [0.5, 8, 0.625, 8.125], "texture": "#0"},
				"west": {"uv": [7, 0.5, 7.75, 0.625], "texture": "#0"},
				"up": {"uv": [0.625, 7.625, 0.5, 6.875], "texture": "#0"},
				"down": {"uv": [2.75, 6.875, 2.625, 7.625], "texture": "#0"}
			}
		},
		{
			"from": [4.45, -1.85, 8.55],
			"to": [4.95, -1.35, 11.2],
			"rotation": {"angle": 0, "axis": "y", "origin": [6.35, -2.6, 7.5]},
			"faces": {
				"north": {"uv": [2.25, 8, 2.375, 8.125], "texture": "#0"},
				"east": {"uv": [6.5, 7.625, 6.875, 7.75], "texture": "#0"},
				"south": {"uv": [8, 2.25, 8.125, 2.375], "texture": "#0"},
				"west": {"uv": [7.625, 6.5, 8, 6.625], "texture": "#0"},
				"up": {"uv": [7.375, 8, 7.25, 7.625], "texture": "#0"},
				"down": {"uv": [7.5, 7.625, 7.375, 8], "texture": "#0"}
			}
		},
		{
			"from": [10.5, 0, 18.7],
			"to": [11.1, 6.5, 20],
			"rotation": {"angle": 0, "axis": "y", "origin": [8, 0, 19]},
			"faces": {
				"north": {"uv": [1, 6.75, 1.125, 7.625], "texture": "#0"},
				"east": {"uv": [1.125, 6.75, 1.25, 7.625], "texture": "#0"},
				"south": {"uv": [3.125, 6.75, 3.25, 7.625], "texture": "#0"},
				"west": {"uv": [3.25, 6.75, 3.375, 7.625], "texture": "#0"},
				"up": {"uv": [8, 5.25, 7.875, 5.125], "texture": "#0"},
				"down": {"uv": [5.375, 7.875, 5.25, 8], "texture": "#0"}
			}
		},
		{
			"from": [4, 5, 16.8],
			"to": [4.6, 6.5, 20.1],
			"rotation": {"angle": 22.5, "axis": "y", "origin": [4.1, 5.75, 17.1]},
			"faces": {
				"north": {"uv": [7.75, 3.75, 7.875, 4], "texture": "#0"},
				"east": {"uv": [3.75, 6.875, 4.125, 7.125], "texture": "#0"},
				"south": {"uv": [3.875, 7.75, 4, 8], "texture": "#0"},
				"west": {"uv": [6.875, 5.25, 7.25, 5.5], "texture": "#0"},
				"up": {"uv": [3.125, 2.125, 3, 1.75], "texture": "#0"},
				"down": {"uv": [6.25, 1.375, 6.125, 1.75], "texture": "#0"}
			}
		},
		{
			"from": [11.4, 5, 16.8],
			"to": [12, 6.5, 20.1],
			"rotation": {"angle": -22.5, "axis": "y", "origin": [11.9, 5.75, 17.1]},
			"faces": {
				"north": {"uv": [4, 7.75, 4.125, 8], "texture": "#0"},
				"east": {"uv": [6.875, 5.5, 7.25, 5.75], "texture": "#0"},
				"south": {"uv": [4.75, 7.75, 4.875, 8], "texture": "#0"},
				"west": {"uv": [6.875, 5.75, 7.25, 6], "texture": "#0"},
				"up": {"uv": [2.625, 7.75, 2.5, 7.375], "texture": "#0"},
				"down": {"uv": [0.5, 7.5, 0.375, 7.875], "texture": "#0"}
			}
		},
		{
			"from": [11.5, 5, 11.95],
			"to": [12.1, 6.5, 17],
			"rotation": {"angle": 0, "axis": "y", "origin": [14.5, 0, 13]},
			"faces": {
				"north": {"uv": [7.75, 3.5, 7.875, 3.75], "texture": "#0"},
				"east": {"uv": [6.25, 2, 6.875, 2.25], "texture": "#0"},
				"south": {"uv": [3.75, 7.75, 3.875, 8], "texture": "#0"},
				"west": {"uv": [6.25, 5.25, 6.875, 5.5], "texture": "#0"},
				"up": {"uv": [2.25, 7.875, 2.125, 7.25], "texture": "#0"},
				"down": {"uv": [7.375, 2.25, 7.25, 2.875], "texture": "#0"}
			}
		},
		{
			"from": [5.5, 1.5, 10],
			"to": [10.5, 5.5, 11],
			"rotation": {"angle": 0, "axis": "y", "origin": [7, 0, 13]},
			"faces": {
				"north": {"uv": [5.375, 5, 6, 5.5], "texture": "#0"},
				"east": {"uv": [5.875, 6, 6, 6.5], "texture": "#0"},
				"south": {"uv": [5.375, 5.5, 6, 6], "texture": "#0"},
				"west": {"uv": [5.375, 7.25, 5.5, 7.75], "texture": "#0"},
				"up": {"uv": [6.25, 4.75, 5.625, 4.625], "texture": "#0"},
				"down": {"uv": [6.375, 0.5, 5.75, 0.625], "texture": "#0"}
			}
		},
		{
			"from": [5.5, 2, 18],
			"to": [10.5, 6.5, 25],
			"rotation": {"angle": 0, "axis": "y", "origin": [7, -0.25, 17]},
			"faces": {
				"north": {"uv": [4.125, 5, 4.75, 5.625], "texture": "#0"},
				"east": {"uv": [4.375, 3.5, 5.25, 4.125], "texture": "#0"},
				"south": {"uv": [5, 4.125, 5.625, 4.75], "texture": "#0"},
				"west": {"uv": [4.125, 4.375, 5, 5], "texture": "#0"},
				"up": {"uv": [0.625, 5.375, 0, 4.5], "texture": "#0"},
				"down": {"uv": [5.125, 0, 4.5, 0.875], "texture": "#0"}
			}
		},
		{
			"from": [5.5, 0, 18],
			"to": [10.5, 2, 23],
			"rotation": {"angle": 0, "axis": "y", "origin": [7, -2.25, 17]},
			"faces": {
				"north": {"uv": [6.375, 0.5, 7, 0.75], "texture": "#0"},
				"east": {"uv": [6.375, 1.125, 7, 1.375], "texture": "#0"},
				"south": {"uv": [6.375, 2.25, 7, 2.5], "texture": "#0"},
				"west": {"uv": [6.375, 2.5, 7, 2.75], "texture": "#0"},
				"up": {"uv": [5.375, 5.625, 4.75, 5], "texture": "#0"},
				"down": {"uv": [5.75, 0, 5.125, 0.625], "texture": "#0"}
			}
		},
		{
			"from": [6.75, 0, 23.6],
			"to": [9.25, 2, 25],
			"rotation": {"angle": 0, "axis": "y", "origin": [7, -2.25, 19]},
			"faces": {
				"north": {"uv": [7.125, 1.5, 7.5, 1.75], "texture": "#0"},
				"east": {"uv": [7.875, 3.25, 8, 3.5], "texture": "#0"},
				"south": {"uv": [2.25, 7.125, 2.625, 7.375], "texture": "#0"},
				"west": {"uv": [7.875, 3.5, 8, 3.75], "texture": "#0"},
				"up": {"uv": [8.125, 0.625, 7.75, 0.5], "texture": "#0"},
				"down": {"uv": [8.125, 1.5, 7.75, 1.625], "texture": "#0"}
			}
		},
		{
			"from": [5.51, 0.5, 22.6],
			"to": [10.49, 2.4, 24.6],
			"rotation": {"angle": -45, "axis": "x", "origin": [8, 1.4, 23.6]},
			"faces": {
				"north": {"uv": [6.375, 2.75, 7, 3], "texture": "#0"},
				"east": {"uv": [7.5, 1.5, 7.75, 1.75], "texture": "#0"},
				"south": {"uv": [6.375, 4.125, 7, 4.375], "texture": "#0"},
				"west": {"uv": [1.75, 7.5, 2, 7.75], "texture": "#0"},
				"up": {"uv": [7, 4.625, 6.375, 4.375], "texture": "#0"},
				"down": {"uv": [7.125, 0, 6.5, 0.25], "texture": "#0"}
			}
		},
		{
			"from": [5.5, 1.4, 24.2],
			"to": [10.5, 2, 24.95],
			"rotation": {"angle": 0, "axis": "y", "origin": [8, 1.4, 23.95]},
			"faces": {
				"north": {"uv": [7.25, 7.125, 7.875, 7.25], "texture": "#0"},
				"east": {"uv": [3.25, 8, 3.375, 8.125], "texture": "#0"},
				"south": {"uv": [7.25, 7.25, 7.875, 7.375], "texture": "#0"},
				"west": {"uv": [8, 3.25, 8.125, 3.375], "texture": "#0"},
				"up": {"uv": [8, 0.75, 7.375, 0.625], "texture": "#0"},
				"down": {"uv": [8, 0.75, 7.375, 0.875], "texture": "#0"}
			}
		},
		{
			"from": [5.5, 0, 23],
			"to": [10.5, 0.6, 23.6],
			"rotation": {"angle": 0, "axis": "y", "origin": [8, 0, 22.7]},
			"faces": {
				"north": {"uv": [7.375, 0.875, 8, 1], "texture": "#0"},
				"east": {"uv": [3.375, 8, 3.5, 8.125], "texture": "#0"},
				"south": {"uv": [7.375, 1, 8, 1.125], "texture": "#0"},
				"west": {"uv": [8, 3.375, 8.125, 3.5], "texture": "#0"},
				"up": {"uv": [8, 1.25, 7.375, 1.125], "texture": "#0"},
				"down": {"uv": [8, 1.25, 7.375, 1.375], "texture": "#0"}
			}
		},
		{
			"from": [7.2, 8.3, 19.05],
			"to": [8.8, 9.2, 25.05],
			"rotation": {"angle": 0, "axis": "y", "origin": [7, 4.45, 15.05]},
			"faces": {
				"north": {"uv": [7.75, 1.625, 8, 1.75], "texture": "#0"},
				"east": {"uv": [4.5, 6.875, 5.25, 7], "texture": "#0"},
				"south": {"uv": [7.75, 2, 8, 2.125], "texture": "#0"},
				"west": {"uv": [6.875, 4.625, 7.625, 4.75], "texture": "#0"},
				"up": {"uv": [3, 6.625, 2.75, 5.875], "texture": "#0"},
				"down": {"uv": [1.25, 6, 1, 6.75], "texture": "#0"}
			}
		},
		{
			"from": [7.2, 6.45, 14.05],
			"to": [8.8, 6.85, 17.05],
			"rotation": {"angle": 0, "axis": "y", "origin": [7, 2.6, 9.55]},
			"faces": {
				"north": {"uv": [6, 7.75, 6.25, 7.875], "texture": "#0"},
				"east": {"uv": [6.125, 7.625, 6.5, 7.75], "texture": "#0"},
				"south": {"uv": [6.25, 7.75, 6.5, 7.875], "texture": "#0"},
				"west": {"uv": [7.625, 6.125, 8, 6.25], "texture": "#0"},
				"up": {"uv": [7.25, 4.5, 7, 4.125], "texture": "#0"},
				"down": {"uv": [4.75, 7, 4.5, 7.375], "texture": "#0"}
			}
		},
		{
			"from": [7.25, 7.91029, 15.8895],
			"to": [8.75, 8.31029, 19.8895],
			"rotation": {"angle": -40, "axis": "x", "origin": [8, 7.91029, 18.3895]},
			"faces": {
				"north": {"uv": [6.125, 2.875, 6.375, 3], "texture": "#0"},
				"east": {"uv": [5.75, 1.75, 6.25, 1.875], "texture": "#0"},
				"south": {"uv": [6.375, 0.75, 6.625, 0.875], "texture": "#0"},
				"west": {"uv": [6, 3.25, 6.5, 3.375], "texture": "#0"},
				"up": {"uv": [0.875, 5, 0.625, 4.5], "texture": "#0"},
				"down": {"uv": [3, 6.625, 2.75, 7.125], "texture": "#0"}
			}
		},
		{
			"from": [4, 5.16894, 11.30536],
			"to": [5, 10.16894, 12.80536],
			"rotation": {"angle": -9.97942, "axis": "x", "origin": [8, 8.66894, 12.05536]},
			"faces": {
				"north": {"uv": [3, 7.125, 3.125, 7.75], "texture": "#0"},
				"east": {"uv": [0.625, 6.125, 0.875, 6.75], "texture": "#0"},
				"south": {"uv": [3.75, 7.125, 3.875, 7.75], "texture": "#0"},
				"west": {"uv": [6.125, 2.25, 6.375, 2.875], "texture": "#0"},
				"up": {"uv": [2.625, 5.25, 2.5, 5], "texture": "#0"},
				"down": {"uv": [2.125, 5.375, 2, 5.625], "texture": "#0"}
			}
		},
		{
			"from": [5, 9.16894, 11.30536],
			"to": [11, 10.16894, 12.80536],
			"rotation": {"angle": -9.97942, "axis": "x", "origin": [8, 8.66894, 12.05536]},
			"faces": {
				"north": {"uv": [6.875, 4.75, 7.625, 4.875], "texture": "#0"},
				"east": {"uv": [7.75, 2.125, 8, 2.25], "texture": "#0"},
				"south": {"uv": [6.875, 4.875, 7.625, 5], "texture": "#0"},
				"west": {"uv": [2.75, 7.75, 3, 7.875], "texture": "#0"},
				"up": {"uv": [6.375, 4.375, 5.625, 4.125], "texture": "#0"},
				"down": {"uv": [6.375, 4.375, 5.625, 4.625], "texture": "#0"}
			}
		},
		{
			"from": [11, 5.16894, 11.30536],
			"to": [12, 10.16894, 12.80536],
			"rotation": {"angle": -9.97942, "axis": "x", "origin": [8, 8.66894, 12.05536]},
			"faces": {
				"north": {"uv": [3.875, 7.125, 4, 7.75], "texture": "#0"},
				"east": {"uv": [6.25, 1.375, 6.5, 2], "texture": "#0"},
				"south": {"uv": [4, 7.125, 4.125, 7.75], "texture": "#0"},
				"west": {"uv": [6.25, 4.625, 6.5, 5.25], "texture": "#0"},
				"up": {"uv": [2, 8, 1.875, 7.75], "texture": "#0"},
				"down": {"uv": [2.625, 7.75, 2.5, 8], "texture": "#0"}
			}
		},
		{
			"from": [6, 1.5, 17],
			"to": [10, 6, 18],
			"rotation": {"angle": 0, "axis": "y", "origin": [7, -0.25, 14]},
			"faces": {
				"north": {"uv": [1, 5.375, 1.5, 6], "texture": "#0"},
				"east": {"uv": [2.75, 7.125, 2.875, 7.75], "texture": "#0"},
				"south": {"uv": [1.5, 5.375, 2, 6], "texture": "#0"},
				"west": {"uv": [2.875, 7.125, 3, 7.75], "texture": "#0"},
				"up": {"uv": [3.125, 2.25, 2.625, 2.125], "texture": "#0"},
				"down": {"uv": [3.125, 3.375, 2.625, 3.5], "texture": "#0"}
			}
		},
		{
			"from": [12, 0, 14],
			"to": [19, 18, 21],
			"rotation": {"angle": 22.5, "axis": "x", "origin": [18, 0, 19]},
			"faces": {
				"north": {"uv": [0, 0, 0.875, 2.25], "texture": "#0"},
				"east": {"uv": [0.875, 0, 1.75, 2.25], "texture": "#0"},
				"south": {"uv": [1.75, 0, 2.625, 2.25], "texture": "#0"},
				"west": {"uv": [0, 2.25, 0.875, 4.5], "texture": "#0"},
				"up": {"uv": [3.5, 4.375, 2.625, 3.5], "texture": "#0"},
				"down": {"uv": [4.375, 3.5, 3.5, 4.375], "texture": "#0"}
			}
		},
		{
			"from": [11.75, 11, 13.75],
			"to": [19.25, 12, 20.25],
			"rotation": {"angle": 22.5, "axis": "x", "origin": [18, 0, 19]},
			"faces": {
				"north": {"uv": [6.5, 1.875, 7.5, 2], "texture": "#0"},
				"east": {"uv": [4.5, 6.625, 5.375, 6.75], "texture": "#0"},
				"south": {"uv": [6.5, 4, 7.5, 4.125], "texture": "#0"},
				"west": {"uv": [6.25, 6.75, 7.125, 6.875], "texture": "#0"},
				"up": {"uv": [3.625, 0.875, 2.625, 0], "texture": "#0"},
				"down": {"uv": [3.625, 0.875, 2.625, 1.75], "texture": "#0"}
			}
		},
		{
			"from": [11.75, 8.5, 13.75],
			"to": [19.25, 9.5, 20.25],
			"rotation": {"angle": 22.5, "axis": "x", "origin": [18, 0, 19]},
			"faces": {
				"north": {"uv": [6.5, 5, 7.5, 5.125], "texture": "#0"},
				"east": {"uv": [6.875, 2, 7.75, 2.125], "texture": "#0"},
				"south": {"uv": [6.5, 5.125, 7.5, 5.25], "texture": "#0"},
				"west": {"uv": [6.875, 2.125, 7.75, 2.25], "texture": "#0"},
				"up": {"uv": [4.125, 2.625, 3.125, 1.75], "texture": "#0"},
				"down": {"uv": [4.125, 2.625, 3.125, 3.5], "texture": "#0"}
			}
		},
		{
			"from": [11.75, 2, 17.75],
			"to": [18.25, 3, 20.25],
			"rotation": {"angle": 22.5, "axis": "x", "origin": [18, 0, 19]},
			"faces": {
				"north": {"uv": [6.875, 3.75, 7.75, 3.875], "texture": "#0"},
				"east": {"uv": [7.625, 6.25, 8, 6.375], "texture": "#0"},
				"south": {"uv": [6.875, 3.875, 7.75, 4], "texture": "#0"},
				"west": {"uv": [7.625, 6.375, 8, 6.5], "texture": "#0"},
				"up": {"uv": [6.125, 2.625, 5.25, 2.25], "texture": "#0"},
				"down": {"uv": [6.125, 2.625, 5.25, 3], "texture": "#0"}
			}
		},
		{
			"from": [11.75, 0.5, 20.25],
			"to": [12.75, 12, 21.25],
			"rotation": {"angle": 22.5, "axis": "x", "origin": [18, 0, 19]},
			"faces": {
				"north": {"uv": [0.5, 5.375, 0.625, 6.875], "texture": "#0"},
				"east": {"uv": [3, 5.625, 3.125, 7.125], "texture": "#0"},
				"south": {"uv": [1.25, 6, 1.375, 7.5], "texture": "#0"},
				"west": {"uv": [1.375, 6, 1.5, 7.5], "texture": "#0"},
				"up": {"uv": [0.875, 8.125, 0.75, 8], "texture": "#0"},
				"down": {"uv": [8.125, 0.75, 8, 0.875], "texture": "#0"}
			}
		},
		{
			"from": [18.25, 0.5, 20.25],
			"to": [19.25, 12, 21.25],
			"rotation": {"angle": 22.5, "axis": "x", "origin": [18, 0, 19]},
			"faces": {
				"north": {"uv": [1.5, 6, 1.625, 7.5], "texture": "#0"},
				"east": {"uv": [1.625, 6, 1.75, 7.5], "texture": "#0"},
				"south": {"uv": [1.75, 6, 1.875, 7.5], "texture": "#0"},
				"west": {"uv": [1.875, 6, 2, 7.5], "texture": "#0"},
				"up": {"uv": [8.125, 1, 8, 0.875], "texture": "#0"},
				"down": {"uv": [1.125, 8, 1, 8.125], "texture": "#0"}
			}
		},
		{
			"from": [11.75, 9.5, 16.75],
			"to": [19.25, 11, 17.75],
			"rotation": {"angle": 22.5, "axis": "x", "origin": [18, 0, 19]},
			"faces": {
				"north": {"uv": [5.375, 1.125, 6.375, 1.375], "texture": "#0"},
				"east": {"uv": [5.125, 7.75, 5.25, 8], "texture": "#0"},
				"south": {"uv": [2, 5.625, 3, 5.875], "texture": "#0"},
				"west": {"uv": [5.375, 7.75, 5.5, 8], "texture": "#0"},
				"up": {"uv": [7.625, 3.125, 6.625, 3], "texture": "#0"},
				"down": {"uv": [7.625, 3.125, 6.625, 3.25], "texture": "#0"}
			}
		},
		{
			"from": [11.75, 2, 16.75],
			"to": [18.25, 8.5, 17.75],
			"rotation": {"angle": 22.5, "axis": "x", "origin": [18, 0, 19]},
			"faces": {
				"north": {"uv": [3.625, 0, 4.5, 0.875], "texture": "#0"},
				"east": {"uv": [3.625, 6.75, 3.75, 7.625], "texture": "#0"},
				"south": {"uv": [3.625, 0.875, 4.5, 1.75], "texture": "#0"},
				"west": {"uv": [5.5, 6.75, 5.625, 7.625], "texture": "#0"},
				"up": {"uv": [7.75, 3.375, 6.875, 3.25], "texture": "#0"},
				"down": {"uv": [7.75, 3.375, 6.875, 3.5], "texture": "#0"}
			}
		},
		{
			"from": [12.75, 6, 16.75],
			"to": [19.25, 8.5, 17.75],
			"rotation": {"angle": 22.5, "axis": "x", "origin": [18, 0, 19]},
			"faces": {
				"north": {"uv": [5.25, 1.875, 6.25, 2.25], "texture": "#0"},
				"east": {"uv": [1.625, 7.75, 1.75, 8.125], "texture": "#0"},
				"south": {"uv": [2.125, 5.25, 3.125, 5.625], "texture": "#0"},
				"west": {"uv": [1.75, 7.75, 1.875, 8.125], "texture": "#0"},
				"up": {"uv": [7.5, 6.75, 6.5, 6.625], "texture": "#0"},
				"down": {"uv": [5.5, 6.75, 4.5, 6.875], "texture": "#0"}
			}
		},
		{
			"from": [12.75, 6, 16.75],
			"to": [19.25, 7, 20.25],
			"rotation": {"angle": 22.5, "axis": "x", "origin": [18, 0, 19]},
			"faces": {
				"north": {"uv": [6.875, 3.5, 7.75, 3.625], "texture": "#0"},
				"east": {"uv": [7.375, 2.75, 7.875, 2.875], "texture": "#0"},
				"south": {"uv": [6.875, 3.625, 7.75, 3.75], "texture": "#0"},
				"west": {"uv": [7.375, 6.875, 7.875, 7], "texture": "#0"},
				"up": {"uv": [5.375, 1.375, 4.5, 0.875], "texture": "#0"},
				"down": {"uv": [5.75, 1.375, 4.875, 1.875], "texture": "#0"}
			}
		},
		{
			"from": [13, -1, 15.5],
			"to": [16, 0, 18.5],
			"rotation": {"angle": 22.5, "axis": "x", "origin": [18, 0, 19]},
			"faces": {
				"north": {"uv": [7.5, 5, 7.875, 5.125], "texture": "#0"},
				"east": {"uv": [7.5, 5.125, 7.875, 5.25], "texture": "#0"},
				"south": {"uv": [7.5, 6.625, 7.875, 6.75], "texture": "#0"},
				"west": {"uv": [7.625, 3, 8, 3.125], "texture": "#0"},
				"up": {"uv": [6.125, 1.75, 5.75, 1.375], "texture": "#0"},
				"down": {"uv": [6.875, 3.25, 6.5, 3.625], "texture": "#0"}
			}
		},
		{
			"from": [13, 18, 15],
			"to": [13.25, 19, 20],
			"rotation": {"angle": 22.5, "axis": "x", "origin": [18, 0, 19]},
			"faces": {
				"north": {"uv": [0.125, 8, 0.25, 8.125], "texture": "#0"},
				"east": {"uv": [7.25, 2.875, 7.875, 3], "texture": "#0"},
				"south": {"uv": [8, 0.25, 8.125, 0.375], "texture": "#0"},
				"west": {"uv": [7.25, 4.125, 7.875, 4.25], "texture": "#0"},
				"up": {"uv": [4.25, 7.875, 4.125, 7.25], "texture": "#0"},
				"down": {"uv": [4.375, 7.25, 4.25, 7.875], "texture": "#0"}
			}
		},
		{
			"from": [13.25, 18, 15],
			"to": [17.75, 19, 15.25],
			"rotation": {"angle": 22.5, "axis": "x", "origin": [18, 0, 19]},
			"faces": {
				"north": {"uv": [7.25, 5.25, 7.875, 5.375], "texture": "#0"},
				"east": {"uv": [8, 1.125, 8.125, 1.25], "texture": "#0"},
				"south": {"uv": [7.25, 5.375, 7.875, 5.5], "texture": "#0"},
				"west": {"uv": [8, 1.25, 8.125, 1.375], "texture": "#0"},
				"up": {"uv": [7.875, 5.625, 7.25, 5.5], "texture": "#0"},
				"down": {"uv": [6.25, 7.25, 5.625, 7.375], "texture": "#0"}
			}
		},
		{
			"from": [13.25, 18, 19.75],
			"to": [17.75, 19, 20],
			"rotation": {"angle": 22.5, "axis": "x", "origin": [18, 0, 19]},
			"faces": {
				"north": {"uv": [7.25, 5.625, 7.875, 5.75], "texture": "#0"},
				"east": {"uv": [8, 1.625, 8.125, 1.75], "texture": "#0"},
				"south": {"uv": [7.25, 5.75, 7.875, 5.875], "texture": "#0"},
				"west": {"uv": [1.875, 8, 2, 8.125], "texture": "#0"},
				"up": {"uv": [7.875, 6, 7.25, 5.875], "texture": "#0"},
				"down": {"uv": [6.875, 7.25, 6.25, 7.375], "texture": "#0"}
			}
		},
		{
			"from": [17.75, 18, 15],
			"to": [18, 19, 20],
			"rotation": {"angle": 22.5, "axis": "x", "origin": [22.75, 0, 19]},
			"faces": {
				"north": {"uv": [8, 1, 8.125, 1.125], "texture": "#0"},
				"east": {"uv": [7.25, 4.25, 7.875, 4.375], "texture": "#0"},
				"south": {"uv": [1.125, 8, 1.25, 8.125], "texture": "#0"},
				"west": {"uv": [7.25, 4.375, 7.875, 4.5], "texture": "#0"},
				"up": {"uv": [4.5, 7.875, 4.375, 7.25], "texture": "#0"},
				"down": {"uv": [5.375, 7.25, 5.25, 7.875], "texture": "#0"}
			}
		},
		{
			"from": [17.25, -0.9, 14.75],
			"to": [17.5, 0.1, 19.75],
			"rotation": {"angle": 22.5, "axis": "x", "origin": [22.25, 0, 18.75]},
			"faces": {
				"north": {"uv": [8, 1, 8.125, 1.125], "texture": "#0"},
				"east": {"uv": [7.25, 4.25, 7.875, 4.375], "texture": "#0"},
				"south": {"uv": [1.125, 8, 1.25, 8.125], "texture": "#0"},
				"west": {"uv": [7.25, 4.375, 7.875, 4.5], "texture": "#0"},
				"up": {"uv": [4.5, 7.875, 4.375, 7.25], "texture": "#0"},
				"down": {"uv": [5.375, 7.25, 5.25, 7.875], "texture": "#0"}
			}
		},
		{
			"from": [12.75, -0.9, 14.75],
			"to": [17.25, 0.1, 15],
			"rotation": {"angle": 22.5, "axis": "x", "origin": [17.5, 0, 18.75]},
			"faces": {
				"north": {"uv": [7.25, 5.25, 7.875, 5.375], "texture": "#0"},
				"east": {"uv": [8, 1.125, 8.125, 1.25], "texture": "#0"},
				"south": {"uv": [7.25, 5.375, 7.875, 5.5], "texture": "#0"},
				"west": {"uv": [8, 1.25, 8.125, 1.375], "texture": "#0"},
				"up": {"uv": [7.875, 5.625, 7.25, 5.5], "texture": "#0"},
				"down": {"uv": [6.25, 7.25, 5.625, 7.375], "texture": "#0"}
			}
		},
		{
			"from": [12.5, -0.9, 14.75],
			"to": [12.75, 0.1, 19.75],
			"rotation": {"angle": 22.5, "axis": "x", "origin": [17.5, 0, 18.75]},
			"faces": {
				"north": {"uv": [0.125, 8, 0.25, 8.125], "texture": "#0"},
				"east": {"uv": [7.25, 2.875, 7.875, 3], "texture": "#0"},
				"south": {"uv": [8, 0.25, 8.125, 0.375], "texture": "#0"},
				"west": {"uv": [7.25, 4.125, 7.875, 4.25], "texture": "#0"},
				"up": {"uv": [4.25, 7.875, 4.125, 7.25], "texture": "#0"},
				"down": {"uv": [4.375, 7.25, 4.25, 7.875], "texture": "#0"}
			}
		},
		{
			"from": [12, -2.1, 14],
			"to": [12, 3, 16],
			"rotation": {"angle": 22.5, "axis": "z", "origin": [10, 2, 14]},
			"faces": {
				"north": {"uv": [0, 0, 0, 0.625], "texture": "#0"},
				"east": {"uv": [6.25, 5.5, 6.5, 6.125], "texture": "#0"},
				"south": {"uv": [0, 0, 0, 0.625], "texture": "#0"},
				"west": {"uv": [6.25, 6.125, 6.5, 6.75], "texture": "#0"},
				"up": {"uv": [0, 0.25, 0, 0], "texture": "#0"},
				"down": {"uv": [0, 0, 0, 0.25], "texture": "#0"}
			}
		},
		{
			"from": [13.4, -0.95, 14],
			"to": [15.4, -0.95, 16.15],
			"rotation": {"angle": 0, "axis": "y", "origin": [11.4, -2.95, 13]},
			"faces": {
				"north": {"uv": [0, 0, 0.25, 0], "texture": "#0"},
				"east": {"uv": [0, 0, 0.25, 0], "texture": "#0"},
				"south": {"uv": [0, 0, 0.25, 0], "texture": "#0"},
				"west": {"uv": [0, 0, 0.25, 0], "texture": "#0"},
				"up": {"uv": [6.375, 7.625, 6.125, 7.375], "texture": "#0"},
				"down": {"uv": [6.625, 7.375, 6.375, 7.625], "texture": "#0"}
			}
		},
		{
			"from": [13.4, -0.95, 17.8],
			"to": [15.4, -0.95, 19.05],
			"rotation": {"angle": -45, "axis": "x", "origin": [11.4, -2.95, 17]},
			"faces": {
				"north": {"uv": [0, 0, 0.25, 0], "texture": "#0"},
				"east": {"uv": [0, 0, 0.125, 0], "texture": "#0"},
				"south": {"uv": [0, 0, 0.25, 0], "texture": "#0"},
				"west": {"uv": [0, 0, 0.125, 0], "texture": "#0"},
				"up": {"uv": [8, 4.625, 7.75, 4.5], "texture": "#0"},
				"down": {"uv": [5.125, 7.75, 4.875, 7.875], "texture": "#0"}
			}
		},
		{
			"from": [3, -0.85, 11],
			"to": [4.5, 7.15, 13],
			"rotation": {"angle": 32.5, "axis": "x", "origin": [3.25, 2.15, 11]},
			"faces": {
				"north": {"uv": [4.125, 5.625, 4.375, 6.625], "texture": "#0"},
				"east": {"uv": [4.375, 5.625, 4.625, 6.625], "texture": "#0"},
				"south": {"uv": [4.625, 5.625, 4.875, 6.625], "texture": "#0"},
				"west": {"uv": [4.875, 5.625, 5.125, 6.625], "texture": "#0"},
				"up": {"uv": [6.875, 7.625, 6.625, 7.375], "texture": "#0"},
				"down": {"uv": [7.5, 7.375, 7.25, 7.625], "texture": "#0"}
			}
		},
		{
			"from": [3.4, -1.85, 11],
			"to": [4.5, -0.85, 13],
			"rotation": {"angle": 32.5, "axis": "x", "origin": [3.25, 2.15, 11]},
			"faces": {
				"north": {"uv": [2.5, 8, 2.625, 8.125], "texture": "#0"},
				"east": {"uv": [7.875, 0, 8.125, 0.125], "texture": "#0"},
				"south": {"uv": [8, 2.5, 8.125, 2.625], "texture": "#0"},
				"west": {"uv": [7.875, 0.125, 8.125, 0.25], "texture": "#0"},
				"up": {"uv": [7.625, 8, 7.5, 7.75], "texture": "#0"},
				"down": {"uv": [8, 0.25, 7.875, 0.5], "texture": "#0"}
			}
		},
		{
			"from": [11.11, -1.32, 5.55],
			"to": [11.61, -0.47, 7.55],
			"rotation": {"angle": 27.5, "axis": "x", "origin": [8, -0.65, 4.55]},
			"faces": {
				"north": {"uv": [2.625, 8, 2.75, 8.125], "texture": "#0"},
				"east": {"uv": [7.875, 1.375, 8.125, 1.5], "texture": "#0"},
				"south": {"uv": [8, 2.625, 8.125, 2.75], "texture": "#0"},
				"west": {"uv": [7.875, 1.75, 8.125, 1.875], "texture": "#0"},
				"up": {"uv": [0.5, 8.125, 0.375, 7.875], "texture": "#0"},
				"down": {"uv": [2.125, 7.875, 2, 8.125], "texture": "#0"}
			}
		},
		{
			"from": [4.86, -1.32, 5.55],
			"to": [11.11, -0.47, 6.05],
			"rotation": {"angle": 27.5, "axis": "x", "origin": [7.5, -0.65, 4.55]},
			"faces": {
				"north": {"uv": [7.125, 1.75, 7.875, 1.875], "texture": "#0"},
				"east": {"uv": [3.5, 8, 3.625, 8.125], "texture": "#0"},
				"south": {"uv": [5.625, 7.125, 6.375, 7.25], "texture": "#0"},
				"west": {"uv": [8, 3.5, 8.125, 3.625], "texture": "#0"},
				"up": {"uv": [7.125, 7.25, 6.375, 7.125], "texture": "#0"},
				"down": {"uv": [7.875, 6.75, 7.125, 6.875], "texture": "#0"}
			}
		},
		{
			"from": [11.1, -2.6, 6.8],
			"to": [11.6, -1.85, 12.7],
			"rotation": {"angle": 0, "axis": "y", "origin": [8, -2.6, 7.5]},
			"faces": {
				"north": {"uv": [2.75, 8, 2.875, 8.125], "texture": "#0"},
				"east": {"uv": [7.125, 0.375, 7.875, 0.5], "texture": "#0"},
				"south": {"uv": [8, 2.75, 8.125, 2.875], "texture": "#0"},
				"west": {"uv": [7.125, 1.375, 7.875, 1.5], "texture": "#0"},
				"up": {"uv": [4.875, 7.75, 4.75, 7], "texture": "#0"},
				"down": {"uv": [5, 7, 4.875, 7.75], "texture": "#0"}
			}
		},
		{
			"from": [11.05, -1.85, 8.55],
			"to": [11.55, -1.35, 11.2],
			"rotation": {"angle": 0, "axis": "y", "origin": [9.65, -2.6, 7.5]},
			"faces": {
				"north": {"uv": [2.875, 8, 3, 8.125], "texture": "#0"},
				"east": {"uv": [7.625, 7.375, 8, 7.5], "texture": "#0"},
				"south": {"uv": [8, 2.875, 8.125, 3], "texture": "#0"},
				"west": {"uv": [7.625, 7.5, 8, 7.625], "texture": "#0"},
				"up": {"uv": [7.75, 8, 7.625, 7.625], "texture": "#0"},
				"down": {"uv": [0.375, 7.75, 0.25, 8.125], "texture": "#0"}
			}
		},
		{
			"from": [11.09, -3.3, 13.8],
			"to": [11.61, -0.3, 14.8],
			"rotation": {"angle": 45, "axis": "x", "origin": [8, -0.3, 14.5]},
			"faces": {
				"north": {"uv": [0.875, 7.75, 1, 8.125], "texture": "#0"},
				"east": {"uv": [1.25, 7.75, 1.375, 8.125], "texture": "#0"},
				"south": {"uv": [1.375, 7.75, 1.5, 8.125], "texture": "#0"},
				"west": {"uv": [1.5, 7.75, 1.625, 8.125], "texture": "#0"},
				"up": {"uv": [3.125, 8.125, 3, 8], "texture": "#0"},
				"down": {"uv": [8.125, 3, 8, 3.125], "texture": "#0"}
			}
		},
		{
			"from": [11.5, -0.85, 11],
			"to": [13, 7.15, 13],
			"rotation": {"angle": 32.5, "axis": "x", "origin": [12.75, 2.15, 11]},
			"faces": {
				"north": {"uv": [5.125, 5.625, 5.375, 6.625], "texture": "#0"},
				"east": {"uv": [2, 5.875, 2.25, 6.875], "texture": "#0"},
				"south": {"uv": [2.25, 5.875, 2.5, 6.875], "texture": "#0"},
				"west": {"uv": [2.5, 5.875, 2.75, 6.875], "texture": "#0"},
				"up": {"uv": [1.5, 7.75, 1.25, 7.5], "texture": "#0"},
				"down": {"uv": [1.75, 7.5, 1.5, 7.75], "texture": "#0"}
			}
		},
		{
			"from": [11.5, -1.85, 11],
			"to": [12.6, -0.85, 13],
			"rotation": {"angle": 32.5, "axis": "x", "origin": [12.75, 2.15, 11]},
			"faces": {
				"north": {"uv": [3.125, 8, 3.25, 8.125], "texture": "#0"},
				"east": {"uv": [7.875, 1.875, 8.125, 2], "texture": "#0"},
				"south": {"uv": [8, 3.125, 8.125, 3.25], "texture": "#0"},
				"west": {"uv": [2.75, 7.875, 3, 8], "texture": "#0"},
				"up": {"uv": [2.25, 8.125, 2.125, 7.875], "texture": "#0"},
				"down": {"uv": [8, 2.75, 7.875, 3], "texture": "#0"}
			}
		}
	],
	"display": {
		"thirdperson_righthand": {
			"rotation": [68, 0, 0],
			"translation": [0, 1, -1.75]
		},
		"thirdperson_lefthand": {
			"rotation": [68, 0, 0],
			"translation": [0, 1, -1.75]
		},
		"firstperson_righthand": {
			"translation": [0, 3, 2.5]
		},
		"firstperson_lefthand": {
			"translation": [0, 3, 2.5]
		},
		"gui": {
			"rotation": [7, -156, 0],
			"translation": [3.25, -0.25, 0],
			"scale": [0.6, 0.6, 0.6]
		}
	}
}