{
	"credit": "Made with Blockbench",
	"textures": {
		"0": "idk:item/judd",
		"1": "idk:item/juddflag",
		"particle": "idk:item/judd"
	},
	"elements": [
		{
			"from": [3, 7.5, 5],
			"to": [13, 8.5, 11],
			"rotation": {"angle": 0, "axis": "y", "origin": [8, 1.5, 8]},
			"faces": {
				"north": {"uv": [2.5, 7.5, 5, 7.75], "texture": "#0"},
				"east": {"uv": [2.5, 7.25, 4, 7.5], "texture": "#0"},
				"south": {"uv": [5, 7.5, 7.5, 7.75], "texture": "#0"},
				"west": {"uv": [4.5, 7.75, 6, 8], "texture": "#0"},
				"up": {"uv": [4.5, 7.25, 2, 5.75], "texture": "#0"},
				"down": {"uv": [8.5, 0, 6, 1.5], "texture": "#0"}
			}
		},
		{
			"from": [3, 1.5, 4.25],
			"to": [13, 7.5, 11.5],
			"rotation": {"angle": 0, "axis": "y", "origin": [8, 1.5, 8]},
			"faces": {
				"north": {"uv": [6, 1.5, 8.5, 3], "texture": "#0"},
				"east": {"uv": [7, 3, 8.75, 4.5], "texture": "#0"},
				"south": {"uv": [4.5, 6, 7, 7.5], "texture": "#0"},
				"west": {"uv": [7, 4.5, 8.75, 6], "texture": "#0"},
				"up": {"uv": [2.5, 5.75, 0, 4], "texture": "#0"},
				"down": {"uv": [5, 4, 2.5, 5.75], "texture": "#0"}
			}
		},
		{
			"from": [4, 0, 7],
			"to": [6, 1, 9],
			"rotation": {"angle": 0, "axis": "y", "origin": [4, 0, 7]},
			"faces": {
				"north": {"uv": [4.5, 5.75, 5, 6], "texture": "#0"},
				"east": {"uv": [4, 7.25, 4.5, 7.5], "texture": "#0"},
				"south": {"uv": [8.5, 0.5, 9, 0.75], "texture": "#0"},
				"west": {"uv": [8.5, 0.75, 9, 1], "texture": "#0"},
				"up": {"uv": [6.5, 8.5, 6, 8], "texture": "#0"},
				"down": {"uv": [7, 8, 6.5, 8.5], "texture": "#0"}
			}
		},
		{
			"from": [10, 1, 8],
			"to": [12, 2, 9],
			"rotation": {"angle": 0, "axis": "y", "origin": [10, 1, 7]},
			"faces": {
				"north": {"uv": [5, 8.5, 5.5, 8.75], "texture": "#0"},
				"east": {"uv": [8.75, 4.75, 9, 5], "texture": "#0"},
				"south": {"uv": [5.5, 8.5, 6, 8.75], "texture": "#0"},
				"west": {"uv": [5, 8.75, 5.25, 9], "texture": "#0"},
				"up": {"uv": [6.5, 8.75, 6, 8.5], "texture": "#0"},
				"down": {"uv": [7, 8.5, 6.5, 8.75], "texture": "#0"}
			}
		},
		{
			"from": [10, 0, 7],
			"to": [12, 1, 9],
			"rotation": {"angle": 0, "axis": "y", "origin": [10, 0, 7]},
			"faces": {
				"north": {"uv": [8.5, 2, 9, 2.25], "texture": "#0"},
				"east": {"uv": [8.5, 2.25, 9, 2.5], "texture": "#0"},
				"south": {"uv": [8.5, 2.5, 9, 2.75], "texture": "#0"},
				"west": {"uv": [8.5, 2.75, 9, 3], "texture": "#0"},
				"up": {"uv": [7.5, 8.5, 7, 8], "texture": "#0"},
				"down": {"uv": [0.5, 8.25, 0, 8.75], "texture": "#0"}
			}
		},
		{
			"from": [4, 1, 8],
			"to": [6, 2, 9],
			"rotation": {"angle": 0, "axis": "y", "origin": [4, 1, 7]},
			"faces": {
				"north": {"uv": [8.5, 1, 9, 1.25], "texture": "#0"},
				"east": {"uv": [8.75, 4.5, 9, 4.75], "texture": "#0"},
				"south": {"uv": [8.5, 1.25, 9, 1.5], "texture": "#0"},
				"west": {"uv": [4.75, 8.75, 5, 9], "texture": "#0"},
				"up": {"uv": [9, 1.75, 8.5, 1.5], "texture": "#0"},
				"down": {"uv": [9, 1.75, 8.5, 2], "texture": "#0"}
			}
		},
		{
			"from": [1.25, 6.75, 8],
			"to": [3, 8.25, 9],
			"rotation": {"angle": 0, "axis": "y", "origin": [3, 7.5, 8]},
			"faces": {
				"north": {"uv": [0.5, 8.25, 1, 8.75], "rotation": 270, "texture": "#0"},
				"east": {"uv": [7.5, 9, 7.25, 8.5], "texture": "#0"},
				"south": {"uv": [1, 8.25, 1.5, 8.75], "rotation": 90, "texture": "#0"},
				"west": {"uv": [7.75, 8.5, 7.5, 9], "rotation": 180, "texture": "#0"},
				"up": {"uv": [8.5, 6.5, 8.75, 7], "rotation": 90, "texture": "#0"},
				"down": {"uv": [7, 8.5, 7.25, 9], "rotation": 90, "texture": "#0"}
			}
		},
		{
			"from": [-0.75, 6.5, 8],
			"to": [1.25, 8.5, 9],
			"rotation": {"angle": 0, "axis": "y", "origin": [3, 7.5, 8]},
			"faces": {
				"north": {"uv": [1.5, 8.25, 2, 8.75], "rotation": 270, "texture": "#0"},
				"east": {"uv": [8.25, 9, 8, 8.5], "texture": "#0"},
				"south": {"uv": [2.5, 8.25, 3, 8.75], "rotation": 90, "texture": "#0"},
				"west": {"uv": [8.75, 8, 8.5, 8.5], "rotation": 180, "texture": "#0"},
				"up": {"uv": [8.5, 7.5, 8.75, 8], "rotation": 90, "texture": "#0"},
				"down": {"uv": [7.75, 8.5, 8, 9], "rotation": 90, "texture": "#0"}
			}
		},
		{
			"from": [13, 5.75, 7.25],
			"to": [14, 7.5, 8.75],
			"rotation": {"angle": 22.5, "axis": "z", "origin": [13, 7.5, 8]},
			"faces": {
				"north": {"uv": [0.75, 8.75, 1, 9.25], "texture": "#0"},
				"east": {"uv": [4, 8.25, 4.5, 8.75], "texture": "#0"},
				"south": {"uv": [1, 8.75, 1.25, 9.25], "texture": "#0"},
				"west": {"uv": [4.5, 8.25, 5, 8.75], "texture": "#0"},
				"up": {"uv": [1.5, 9.25, 1.25, 8.75], "texture": "#0"},
				"down": {"uv": [1.75, 8.75, 1.5, 9.25], "texture": "#0"}
			}
		},
		{
			"from": [13, 3.75, 7],
			"to": [14, 5.75, 9],
			"rotation": {"angle": 22.5, "axis": "z", "origin": [13, 7.5, 8]},
			"faces": {
				"north": {"uv": [8.5, 8.5, 8.75, 9], "texture": "#0"},
				"east": {"uv": [3, 8.25, 3.5, 8.75], "texture": "#0"},
				"south": {"uv": [0, 8.75, 0.25, 9.25], "texture": "#0"},
				"west": {"uv": [3.5, 8.25, 4, 8.75], "texture": "#0"},
				"up": {"uv": [0.5, 9.25, 0.25, 8.75], "texture": "#0"},
				"down": {"uv": [0.75, 8.75, 0.5, 9.25], "texture": "#0"}
			}
		},
		{
			"from": [7.25, 3, 11.5],
			"to": [8.75, 3.5, 17.5],
			"rotation": {"angle": 0, "axis": "y", "origin": [8, 1.5, 8]},
			"faces": {
				"north": {"uv": [3.25, 8.75, 3.75, 9], "texture": "#0"},
				"east": {"uv": [6, 7.75, 7.5, 8], "texture": "#0"},
				"south": {"uv": [8.75, 3.25, 9.25, 3.5], "texture": "#0"},
				"west": {"uv": [4.5, 8, 6, 8.25], "texture": "#0"},
				"up": {"uv": [7.5, 7.5, 7, 6], "texture": "#0"},
				"down": {"uv": [2.5, 7.25, 2, 8.75], "texture": "#0"}
			}
		},
		{
			"from": [7.25, 3, 19.5],
			"to": [8.75, 3.5, 20.5],
			"rotation": {"angle": 0, "axis": "y", "origin": [8, 1.5, 8]},
			"faces": {
				"north": {"uv": [8.75, 3.5, 9.25, 3.75], "texture": "#0"},
				"east": {"uv": [8.75, 5.25, 9, 5.5], "texture": "#0"},
				"south": {"uv": [3.75, 8.75, 4.25, 9], "texture": "#0"},
				"west": {"uv": [5.5, 8.75, 5.75, 9], "texture": "#0"},
				"up": {"uv": [9.25, 4, 8.75, 3.75], "texture": "#0"},
				"down": {"uv": [9.25, 4, 8.75, 4.25], "texture": "#0"}
			}
		},
		{
			"from": [6.25, 3, 17.5],
			"to": [9.75, 3.5, 19.5],
			"rotation": {"angle": 0, "axis": "y", "origin": [8, 1.5, 8]},
			"faces": {
				"north": {"uv": [8.25, 6, 9.25, 6.25], "texture": "#0"},
				"east": {"uv": [4.25, 8.75, 4.75, 9], "texture": "#0"},
				"south": {"uv": [8.25, 6.25, 9.25, 6.5], "texture": "#0"},
				"west": {"uv": [8.75, 4.25, 9.25, 4.5], "texture": "#0"},
				"up": {"uv": [3.5, 8.25, 2.5, 7.75], "texture": "#0"},
				"down": {"uv": [4.5, 7.75, 3.5, 8.25], "texture": "#0"}
			}
		},
		{
			"from": [2, 7.75, 4],
			"to": [14, 15.5, 12],
			"rotation": {"angle": 0, "axis": "y", "origin": [8, 1.5, 8]},
			"faces": {
				"north": {"uv": [0, 0, 3, 2], "texture": "#0"},
				"east": {"uv": [5, 4, 7, 6], "texture": "#0"},
				"south": {"uv": [0, 2, 3, 4], "texture": "#0"},
				"west": {"uv": [0, 5.75, 2, 7.75], "texture": "#0"},
				"up": {"uv": [6, 2, 3, 0], "texture": "#0"},
				"down": {"uv": [6, 2, 3, 4], "texture": "#0"}
			}
		},
		{
			"from": [6, 9, 3],
			"to": [10, 11, 4],
			"rotation": {"angle": 0, "axis": "y", "origin": [8, 1.5, 8]},
			"faces": {
				"north": {"uv": [0, 7.75, 1, 8.25], "texture": "#0"},
				"east": {"uv": [1.75, 8.75, 2, 9.25], "texture": "#0"},
				"south": {"uv": [1, 7.75, 2, 8.25], "texture": "#0"},
				"west": {"uv": [2, 8.75, 2.25, 9.25], "texture": "#0"},
				"up": {"uv": [7, 4, 6, 3.75], "texture": "#0"},
				"down": {"uv": [6, 8.25, 5, 8.5], "texture": "#0"}
			}
		},
		{
			"from": [7, 10.25, 2.75],
			"to": [9, 11.5, 4],
			"rotation": {"angle": 0, "axis": "y", "origin": [8, 1.5, 8]},
			"faces": {
				"north": {"uv": [8.5, 7, 9, 7.25], "texture": "#0"},
				"east": {"uv": [8.75, 5, 9, 5.25], "texture": "#0"},
				"south": {"uv": [2.25, 8.75, 2.75, 9], "texture": "#0"},
				"west": {"uv": [5.25, 8.75, 5.5, 9], "texture": "#0"},
				"up": {"uv": [3.25, 9, 2.75, 8.75], "texture": "#0"},
				"down": {"uv": [9.25, 3, 8.75, 3.25], "texture": "#0"}
			}
		},
		{
			"from": [3.17157, 13.48528, 8],
			"to": [6.17157, 16.48528, 9],
			"rotation": {"angle": 0, "axis": "y", "origin": [8, 1.5, 8]},
			"faces": {
				"north": {"uv": [6, 3.75, 6.75, 3], "rotation": 270, "texture": "#0"},
				"east": {"uv": [8.25, 8.5, 7.5, 8.25], "rotation": 90, "texture": "#0"},
				"south": {"uv": [7.5, 6.75, 8.25, 6], "rotation": 90, "texture": "#0"},
				"west": {"uv": [9, 7.25, 8.25, 7.5], "rotation": 90, "texture": "#0"},
				"up": {"uv": [8.25, 7.25, 8.5, 6.5], "rotation": 90, "texture": "#0"},
				"down": {"uv": [6.75, 3.75, 7, 3], "rotation": 90, "texture": "#0"}
			}
		},
		{
			"from": [3.17157, 16.48528, 8],
			"to": [6.17157, 17.48528, 8],
			"rotation": {"angle": 0, "axis": "y", "origin": [8, 1.5, 8]},
			"faces": {
				"north": {"uv": [6.25, 2.5, 6.5, 1.75], "rotation": 270, "texture": "#0"},
				"east": {"uv": [8.25, 8.5, 7.5, 8.25], "rotation": 90, "texture": "#0"},
				"south": {"uv": [8, 2.5, 8.25, 1.75], "rotation": 90, "texture": "#0"},
				"west": {"uv": [9, 7.25, 8.25, 7.5], "rotation": 90, "texture": "#0"},
				"up": {"uv": [8.25, 7.25, 8.5, 6.5], "rotation": 90, "texture": "#0"},
				"down": {"uv": [6.75, 3.75, 7, 3], "rotation": 90, "texture": "#0"}
			}
		},
		{
			"from": [9.88909, 13.42462, 8],
			"to": [12.88909, 16.42462, 9],
			"rotation": {"angle": 0, "axis": "y", "origin": [8, 1.5, 8]},
			"faces": {
				"north": {"uv": [8.25, 6.75, 7.5, 7.5], "texture": "#0"},
				"east": {"uv": [8.5, 8.25, 8.25, 9], "texture": "#0"},
				"south": {"uv": [8.25, 7.5, 7.5, 8.25], "texture": "#0"},
				"west": {"uv": [8.5, 7.5, 8.25, 8.25], "texture": "#0"},
				"up": {"uv": [8.5, 0.25, 9.25, 0], "texture": "#0"},
				"down": {"uv": [8.5, 0.25, 9.25, 0.5], "texture": "#0"}
			}
		},
		{
			"from": [9.88909, 16.42462, 8],
			"to": [12.88909, 17.42462, 8],
			"rotation": {"angle": 0, "axis": "y", "origin": [8, 1.5, 8]},
			"faces": {
				"north": {"uv": [8.25, 7, 7.5, 7.25], "texture": "#0"},
				"east": {"uv": [8.5, 8.25, 8.25, 9], "texture": "#0"},
				"south": {"uv": [8.25, 7.5, 7.5, 7.75], "texture": "#0"},
				"west": {"uv": [8.5, 7.5, 8.25, 8.25], "texture": "#0"},
				"up": {"uv": [8.5, 0.25, 9.25, 0], "texture": "#0"},
				"down": {"uv": [8.5, 0.25, 9.25, 0.5], "texture": "#0"}
			}
		},
		{
			"from": [-0.25, 6, 7.5],
			"to": [0.75, 14, 8.5],
			"rotation": {"angle": 0, "axis": "y", "origin": [-1.25, 6, 7.5]},
			"faces": {
				"north": {"uv": [7, 0, 8, 8], "texture": "#1"},
				"east": {"uv": [8, 0, 9, 8], "texture": "#1"},
				"south": {"uv": [7, 8, 8, 16], "texture": "#1"},
				"west": {"uv": [8, 8, 9, 16], "texture": "#1"},
				"up": {"uv": [10, 1, 9, 0], "texture": "#1"},
				"down": {"uv": [10, 1, 9, 2], "texture": "#1"}
			}
		},
		{
			"from": [-7.25, 8.75, 8],
			"to": [-0.25, 13.75, 8],
			"rotation": {"angle": 0, "axis": "y", "origin": [-1.25, 11.75, 8]},
			"faces": {
				"north": {"uv": [0, 0, 7, 5], "texture": "#1"},
				"east": {"uv": [0, 0, 0, 5], "texture": "#1"},
				"south": {"uv": [0, 5, 7, 10], "texture": "#1"},
				"west": {"uv": [0, 0, 0, 5], "texture": "#1"},
				"up": {"uv": [7, 0, 0, 0], "texture": "#1"},
				"down": {"uv": [7, 0, 0, 0], "texture": "#1"}
			}
		}
	],
	"groups": [
		0,
		1,
		2,
		3,
		4,
		5,
		{
			"name": "group",
			"origin": [8, 1.5, 8],
			"color": 0,
			"children": [6, 7]
		},
		{
			"name": "group",
			"origin": [8, 1.5, 8],
			"color": 0,
			"children": [8, 9]
		},
		10,
		11,
		12,
		{
			"name": "group",
			"origin": [8, 8, 8],
			"color": 0,
			"children": [13, 14, 15, 16, 17, 18, 19]
		},
		20,
		21
	]
}