{
	"format_version": "1.21.6",
	"credit": "Made with Blockbench",
	"texture_size": [32, 32],
	"textures": {
		"0": "idk:item/burstbomb_or",
		"particle": "idk:item/burstbomb_or"
	},
	"elements": [
		{
			"from": [4, 0.5, 4],
			"to": [12, 6, 12],
			"rotation": {"angle": 0, "axis": "y", "origin": [4, 1, 4]},
			"faces": {
				"north": {"uv": [4, 0, 8, 3], "texture": "#0"},
				"east": {"uv": [4, 3, 8, 6], "texture": "#0"},
				"south": {"uv": [4, 6, 8, 9], "texture": "#0"},
				"west": {"uv": [0, 8, 4, 11], "texture": "#0"},
				"up": {"uv": [4, 4, 0, 0], "texture": "#0"},
				"down": {"uv": [4, 4, 0, 8], "texture": "#0"}
			}
		},
		{
			"from": [5, 0, 5],
			"to": [11, 8, 11],
			"rotation": {"angle": 0, "axis": "y", "origin": [4, 1, 4]},
			"faces": {
				"north": {"uv": [8, 0, 11, 4], "texture": "#0"},
				"east": {"uv": [8, 4, 11, 8], "texture": "#0"},
				"south": {"uv": [8, 8, 11, 12], "texture": "#0"},
				"west": {"uv": [4, 9, 7, 13], "texture": "#0"},
				"up": {"uv": [3, 14, 0, 11], "texture": "#0"},
				"down": {"uv": [14, 0, 11, 3], "texture": "#0"}
			}
		},
		{
			"from": [7, 8.25, 7.25],
			"to": [9, 8.75, 9.5],
			"rotation": {"angle": 0, "axis": "y", "origin": [4, 0.75, 4.25]},
			"faces": {
				"north": {"uv": [11, 11, 12, 11.5], "texture": "#0"},
				"east": {"uv": [11, 11.5, 12, 12], "texture": "#0"},
				"south": {"uv": [3, 12, 4, 12.5], "texture": "#0"},
				"west": {"uv": [12, 3, 13, 3.5], "texture": "#0"},
				"up": {"uv": [12, 8, 11, 7], "texture": "#0"},
				"down": {"uv": [12, 8, 11, 9], "texture": "#0"}
			}
		},
		{
			"from": [7.25, 7.53081, 8.01097],
			"to": [8.75, 9.53081, 9.56097],
			"rotation": {"angle": 22.5, "axis": "x", "origin": [8, 9.40707, 8.839]},
			"faces": {
				"north": {"uv": [7, 9, 8, 10], "texture": "#0"},
				"east": {"uv": [7, 10, 8, 11], "texture": "#0"},
				"south": {"uv": [3, 11, 4, 12], "texture": "#0"},
				"west": {"uv": [11, 3, 12, 4], "texture": "#0"},
				"up": {"uv": [12, 5, 11, 4], "texture": "#0"},
				"down": {"uv": [12, 5, 11, 6], "texture": "#0"}
			}
		},
		{
			"from": [7, 9.53081, 7.76097],
			"to": [9, 10.53081, 9.81097],
			"rotation": {"angle": 22.5, "axis": "x", "origin": [8, 9.40707, 8.839]},
			"faces": {
				"north": {"uv": [11, 9, 12, 9.5], "texture": "#0"},
				"east": {"uv": [11, 9.5, 12, 10], "texture": "#0"},
				"south": {"uv": [11, 10, 12, 10.5], "texture": "#0"},
				"west": {"uv": [11, 10.5, 12, 11], "texture": "#0"},
				"up": {"uv": [12, 7, 11, 6], "texture": "#0"},
				"down": {"uv": [8, 11, 7, 12], "texture": "#0"}
			}
		}
	],
	"display": {
		"thirdperson_righthand": {
			"translation": [0, -3, 0]
		},
		"gui": {
			"rotation": [15.66, 40.42, -5.56],
			"translation": [0.25, 3, 0]
		}
	}
}