{
	"format_version": "1.21.6",
	"credit": "Made with Blockbench",
	"texture_size": [64, 64],
	"textures": {
		"0": "idk:item/splashwall_lm",
		"particle": "idk:item/splashwall_lm"
	},
	"elements": [
		{
			"from": [5, 0, 5],
			"to": [11, 1, 11],
			"rotation": {"angle": 0, "axis": "y", "origin": [7, 0, 7]},
			"faces": {
				"north": {"uv": [4.25, 7.25, 5.75, 7.5], "texture": "#0"},
				"east": {"uv": [4.25, 7.5, 5.75, 7.75], "texture": "#0"},
				"south": {"uv": [8, 4, 9.5, 4.25], "texture": "#0"},
				"west": {"uv": [4.25, 8, 5.75, 8.25], "texture": "#0"},
				"up": {"uv": [3.5, 4, 2, 2.5], "texture": "#0"},
				"down": {"uv": [5, 2.5, 3.5, 4], "texture": "#0"}
			}
		},
		{
			"from": [7, 1, 7],
			"to": [9, 32, 9],
			"rotation": {"angle": 0, "axis": "y", "origin": [7, 0, 7]},
			"faces": {
				"north": {"uv": [0, 2.5, 0.5, 10.25], "texture": "#0"},
				"east": {"uv": [0.5, 2.5, 1, 10.25], "texture": "#0"},
				"south": {"uv": [1, 2.5, 1.5, 10.25], "texture": "#0"},
				"west": {"uv": [1.5, 2.5, 2, 10.25], "texture": "#0"},
				"up": {"uv": [4.75, 6.75, 4.25, 6.25], "texture": "#0"},
				"down": {"uv": [4.75, 6.75, 4.25, 7.25], "texture": "#0"}
			}
		},
		{
			"from": [6, 11, 6],
			"to": [10, 20, 10],
			"rotation": {"angle": 0, "axis": "y", "origin": [7, 0, 7]},
			"faces": {
				"north": {"uv": [2, 4, 3, 6.25], "texture": "#0"},
				"east": {"uv": [3, 4, 4, 6.25], "texture": "#0"},
				"south": {"uv": [4, 4, 5, 6.25], "texture": "#0"},
				"west": {"uv": [5, 2.5, 6, 4.75], "texture": "#0"},
				"up": {"uv": [8.25, 3.5, 7.25, 2.5], "texture": "#0"},
				"down": {"uv": [4.25, 7.25, 3.25, 8.25], "texture": "#0"}
			}
		},
		{
			"from": [5.75, 20, 5.75],
			"to": [10.25, 21, 10.25],
			"rotation": {"angle": 0, "axis": "y", "origin": [7, 0, 7]},
			"faces": {
				"north": {"uv": [2, 7.5, 3.25, 7.75], "texture": "#0"},
				"east": {"uv": [2, 7.75, 3.25, 8], "texture": "#0"},
				"south": {"uv": [2, 8, 3.25, 8.25], "texture": "#0"},
				"west": {"uv": [8, 4.25, 9.25, 4.5], "texture": "#0"},
				"up": {"uv": [6.25, 6, 5, 4.75], "texture": "#0"},
				"down": {"uv": [7.25, 2.5, 6, 3.75], "texture": "#0"}
			}
		},
		{
			"from": [5.75, 10, 5.75],
			"to": [10.25, 11, 10.25],
			"rotation": {"angle": 0, "axis": "y", "origin": [7, -10, 7]},
			"faces": {
				"north": {"uv": [8, 4.5, 9.25, 4.75], "texture": "#0"},
				"east": {"uv": [5.75, 8, 7, 8.25], "texture": "#0"},
				"south": {"uv": [7, 8, 8.25, 8.25], "texture": "#0"},
				"west": {"uv": [2, 8.25, 3.25, 8.5], "texture": "#0"},
				"up": {"uv": [6.25, 7.25, 5, 6], "texture": "#0"},
				"down": {"uv": [3.25, 6.25, 2, 7.5], "texture": "#0"}
			}
		},
		{
			"from": [6, 25, 6],
			"to": [10, 29, 10],
			"rotation": {"angle": 0, "axis": "y", "origin": [7, 0, 7]},
			"faces": {
				"north": {"uv": [6, 3.75, 7, 4.75], "texture": "#0"},
				"east": {"uv": [3.25, 6.25, 4.25, 7.25], "texture": "#0"},
				"south": {"uv": [6.25, 4.75, 7.25, 5.75], "texture": "#0"},
				"west": {"uv": [6.25, 5.75, 7.25, 6.75], "texture": "#0"},
				"up": {"uv": [7.25, 7.75, 6.25, 6.75], "texture": "#0"},
				"down": {"uv": [8, 3.75, 7, 4.75], "texture": "#0"}
			}
		},
		{
			"from": [-15.8, 0, 8],
			"to": [31.8, 30, 8],
			"rotation": {"angle": 0, "axis": "y", "origin": [5, 0, 7]},
			"faces": {
				"north": {"uv": [3.25, 8.25, 15.25, 16], "texture": "#0"},
				"east": {"uv": [0, 0, 0, 1.25], "texture": "#0"},
				"south": {"uv": [3.25, 8.25, 15.25, 16], "texture": "#0"},
				"west": {"uv": [0, 0, 0, 1.25], "texture": "#0"},
				"up": {"uv": [12, 0, 0, 0], "texture": "#0"},
				"down": {"uv": [12, 0, 0, 0], "texture": "#0"}
			}
		},
		{
			"from": [-5, 28, 7.5],
			"to": [6, 29, 8.5],
			"rotation": {"angle": -7.5, "axis": "z", "origin": [6, 28.5, 8]},
			"faces": {
				"north": {"uv": [7.25, 3.5, 10, 3.75], "texture": "#0"},
				"east": {"uv": [4.75, 6.25, 5, 6.5], "texture": "#0"},
				"south": {"uv": [7.25, 4.75, 10, 5], "texture": "#0"},
				"west": {"uv": [4.75, 6.5, 5, 6.75], "texture": "#0"},
				"up": {"uv": [10, 5.25, 7.25, 5], "texture": "#0"},
				"down": {"uv": [10, 5.25, 7.25, 5.5], "texture": "#0"}
			}
		},
		{
			"from": [-15.8, 29.4, 7.5],
			"to": [-4.8, 30.4, 8.5],
			"rotation": {"angle": 0, "axis": "y", "origin": [-4.8, 29.9, 8]},
			"faces": {
				"north": {"uv": [7.25, 5.5, 10, 5.75], "texture": "#0"},
				"east": {"uv": [4.75, 6.75, 5, 7], "texture": "#0"},
				"south": {"uv": [7.25, 5.75, 10, 6], "texture": "#0"},
				"west": {"uv": [4.75, 7, 5, 7.25], "texture": "#0"},
				"up": {"uv": [10, 6.25, 7.25, 6], "texture": "#0"},
				"down": {"uv": [10, 6.25, 7.25, 6.5], "texture": "#0"}
			}
		},
		{
			"from": [10, 28, 7.5],
			"to": [21, 29, 8.5],
			"rotation": {"angle": 7.5, "axis": "z", "origin": [10, 28.5, 8]},
			"faces": {
				"north": {"uv": [7.25, 6.5, 10, 6.75], "texture": "#0"},
				"east": {"uv": [5.75, 7.25, 6, 7.5], "texture": "#0"},
				"south": {"uv": [7.25, 6.75, 10, 7], "texture": "#0"},
				"west": {"uv": [6, 7.25, 6.25, 7.5], "texture": "#0"},
				"up": {"uv": [10, 7.25, 7.25, 7], "texture": "#0"},
				"down": {"uv": [10, 7.25, 7.25, 7.5], "texture": "#0"}
			}
		},
		{
			"from": [20.8, 29.4, 7.5],
			"to": [31.8, 30.4, 8.5],
			"rotation": {"angle": 0, "axis": "y", "origin": [20.8, 29.9, 8]},
			"faces": {
				"north": {"uv": [7.25, 7.5, 10, 7.75], "texture": "#0"},
				"east": {"uv": [5.75, 7.5, 6, 7.75], "texture": "#0"},
				"south": {"uv": [4.25, 7.75, 7, 8], "texture": "#0"},
				"west": {"uv": [6, 7.5, 6.25, 7.75], "texture": "#0"},
				"up": {"uv": [9.75, 8, 7, 7.75], "texture": "#0"},
				"down": {"uv": [10.75, 3.75, 8, 4], "texture": "#0"}
			}
		}
	],
	"display": {
		"thirdperson_righthand": {
			"translation": [0, 0, 0.5]
		},
		"gui": {
			"rotation": [15.66, 40.42, -5.56],
			"translation": [-0.5, -3, 0],
			"scale": [0.4, 0.4, 0.4]
		}
	}
}