{
	"format_version": "1.21.6",
	"credit": "Made with Blockbench",
	"texture_size": [32, 32],
	"textures": {
		"0": "idk:item/splatbomb_lm",
		"particle": "idk:item/splatbomb_lm"
	},
	"elements": [
		{
			"from": [3, 0, 3],
			"to": [5, 2, 5],
			"rotation": {"angle": 0, "axis": "y", "origin": [3, 0, 3]},
			"faces": {
				"north": {"uv": [4, 12, 5, 13], "texture": "#0"},
				"east": {"uv": [12, 4, 13, 5], "texture": "#0"},
				"south": {"uv": [5, 12, 6, 13], "texture": "#0"},
				"west": {"uv": [12, 5, 13, 6], "texture": "#0"},
				"up": {"uv": [7, 13, 6, 12], "texture": "#0"},
				"down": {"uv": [13, 6, 12, 7], "texture": "#0"}
			}
		},
		{
			"from": [3, 0, 11],
			"to": [5, 2, 13],
			"rotation": {"angle": 0, "axis": "y", "origin": [3, 0, 11]},
			"faces": {
				"north": {"uv": [11, 7, 12, 8], "texture": "#0"},
				"east": {"uv": [11, 8, 12, 9], "texture": "#0"},
				"south": {"uv": [9, 11, 10, 12], "texture": "#0"},
				"west": {"uv": [10, 11, 11, 12], "texture": "#0"},
				"up": {"uv": [12, 12, 11, 11], "texture": "#0"},
				"down": {"uv": [13, 0, 12, 1], "texture": "#0"}
			}
		},
		{
			"from": [11, 0, 11],
			"to": [13, 2, 13],
			"rotation": {"angle": 0, "axis": "y", "origin": [11, 0, 11]},
			"faces": {
				"north": {"uv": [1, 12, 2, 13], "texture": "#0"},
				"east": {"uv": [12, 1, 13, 2], "texture": "#0"},
				"south": {"uv": [2, 12, 3, 13], "texture": "#0"},
				"west": {"uv": [12, 2, 13, 3], "texture": "#0"},
				"up": {"uv": [4, 13, 3, 12], "texture": "#0"},
				"down": {"uv": [13, 3, 12, 4], "texture": "#0"}
			}
		},
		{
			"from": [11, 0, 3],
			"to": [13, 2, 5],
			"rotation": {"angle": 0, "axis": "y", "origin": [11, 0, 3]},
			"faces": {
				"north": {"uv": [1, 11, 2, 12], "texture": "#0"},
				"east": {"uv": [2, 11, 3, 12], "texture": "#0"},
				"south": {"uv": [3, 11, 4, 12], "texture": "#0"},
				"west": {"uv": [4, 11, 5, 12], "texture": "#0"},
				"up": {"uv": [6, 12, 5, 11], "texture": "#0"},
				"down": {"uv": [12, 6, 11, 7], "texture": "#0"}
			}
		},
		{
			"from": [11, 8, 3],
			"to": [13, 10, 5],
			"rotation": {"angle": 0, "axis": "y", "origin": [11, 8, 3]},
			"faces": {
				"north": {"uv": [12, 7, 13, 8], "texture": "#0"},
				"east": {"uv": [12, 8, 13, 9], "texture": "#0"},
				"south": {"uv": [9, 12, 10, 13], "texture": "#0"},
				"west": {"uv": [10, 12, 11, 13], "texture": "#0"},
				"up": {"uv": [13, 11, 12, 10], "texture": "#0"},
				"down": {"uv": [12, 12, 11, 13], "texture": "#0"}
			}
		},
		{
			"from": [5, 1, 5],
			"to": [11, 9, 11],
			"rotation": {"angle": 0, "axis": "y", "origin": [7, 7, 7]},
			"faces": {
				"north": {"uv": [0, 0, 3, 4], "texture": "#0"},
				"east": {"uv": [3, 0, 6, 4], "texture": "#0"},
				"south": {"uv": [0, 4, 3, 8], "texture": "#0"},
				"west": {"uv": [3, 4, 6, 8], "texture": "#0"},
				"up": {"uv": [9, 3, 6, 0], "texture": "#0"},
				"down": {"uv": [9, 3, 6, 6], "texture": "#0"}
			}
		},
		{
			"from": [11.5, 2, 3.5],
			"to": [12.5, 8, 4.5],
			"rotation": {"angle": 0, "axis": "y", "origin": [11, 6, 3]},
			"faces": {
				"north": {"uv": [6, 6, 6.5, 9], "texture": "#0"},
				"east": {"uv": [6.5, 6, 7, 9], "texture": "#0"},
				"south": {"uv": [7, 6, 7.5, 9], "texture": "#0"},
				"west": {"uv": [7.5, 6, 8, 9], "texture": "#0"},
				"up": {"uv": [11.5, 10.5, 11, 10], "texture": "#0"},
				"down": {"uv": [12, 10, 11.5, 10.5], "texture": "#0"}
			}
		},
		{
			"from": [5, 0.5, 3.5],
			"to": [11, 1.5, 4.5],
			"rotation": {"angle": 0, "axis": "y", "origin": [7, 0, 3]},
			"faces": {
				"north": {"uv": [8, 6, 11, 6.5], "texture": "#0"},
				"east": {"uv": [10.5, 13, 11, 13.5], "texture": "#0"},
				"south": {"uv": [8, 6.5, 11, 7], "texture": "#0"},
				"west": {"uv": [13, 10.5, 13.5, 11], "texture": "#0"},
				"up": {"uv": [11, 7.5, 8, 7], "texture": "#0"},
				"down": {"uv": [11, 7.5, 8, 8], "texture": "#0"}
			}
		},
		{
			"from": [5, 0.5, 11.5],
			"to": [11, 1.5, 12.5],
			"rotation": {"angle": 0, "axis": "y", "origin": [7, 0, 11]},
			"faces": {
				"north": {"uv": [8, 8, 11, 8.5], "texture": "#0"},
				"east": {"uv": [11, 13, 11.5, 13.5], "texture": "#0"},
				"south": {"uv": [8, 8.5, 11, 9], "texture": "#0"},
				"west": {"uv": [13, 11, 13.5, 11.5], "texture": "#0"},
				"up": {"uv": [12, 0.5, 9, 0], "texture": "#0"},
				"down": {"uv": [12, 0.5, 9, 1], "texture": "#0"}
			}
		},
		{
			"from": [5, 8.5, 11.5],
			"to": [11, 9.5, 12.5],
			"rotation": {"angle": 0, "axis": "y", "origin": [7, 8, 11]},
			"faces": {
				"north": {"uv": [9, 1, 12, 1.5], "texture": "#0"},
				"east": {"uv": [11.5, 13, 12, 13.5], "texture": "#0"},
				"south": {"uv": [9, 1.5, 12, 2], "texture": "#0"},
				"west": {"uv": [13, 11.5, 13.5, 12], "texture": "#0"},
				"up": {"uv": [12, 2.5, 9, 2], "texture": "#0"},
				"down": {"uv": [12, 2.5, 9, 3], "texture": "#0"}
			}
		},
		{
			"from": [5, 8.5, 3.5],
			"to": [11, 9.5, 4.5],
			"rotation": {"angle": 0, "axis": "y", "origin": [7, 8, 3]},
			"faces": {
				"north": {"uv": [9, 3, 12, 3.5], "texture": "#0"},
				"east": {"uv": [12, 13, 12.5, 13.5], "texture": "#0"},
				"south": {"uv": [9, 3.5, 12, 4], "texture": "#0"},
				"west": {"uv": [13, 12, 13.5, 12.5], "texture": "#0"},
				"up": {"uv": [12, 4.5, 9, 4], "texture": "#0"},
				"down": {"uv": [12, 4.5, 9, 5], "texture": "#0"}
			}
		},
		{
			"from": [11.5, 8.5, 5],
			"to": [12.5, 9.5, 11],
			"rotation": {"angle": 0, "axis": "y", "origin": [11, 8, 9]},
			"faces": {
				"north": {"uv": [12.5, 13, 13, 13.5], "texture": "#0"},
				"east": {"uv": [9, 5, 12, 5.5], "texture": "#0"},
				"south": {"uv": [13, 12.5, 13.5, 13], "texture": "#0"},
				"west": {"uv": [9, 5.5, 12, 6], "texture": "#0"},
				"up": {"uv": [6.5, 12, 6, 9], "texture": "#0"},
				"down": {"uv": [7, 9, 6.5, 12], "texture": "#0"}
			}
		},
		{
			"from": [11.5, 0.5, 5],
			"to": [12.5, 1.5, 11],
			"rotation": {"angle": 0, "axis": "y", "origin": [11, 0, 9]},
			"faces": {
				"north": {"uv": [13, 13, 13.5, 13.5], "texture": "#0"},
				"east": {"uv": [7, 9, 10, 9.5], "texture": "#0"},
				"south": {"uv": [8, 13.5, 8.5, 14], "texture": "#0"},
				"west": {"uv": [7, 9.5, 10, 10], "texture": "#0"},
				"up": {"uv": [7.5, 13, 7, 10], "texture": "#0"},
				"down": {"uv": [8, 10, 7.5, 13], "texture": "#0"}
			}
		},
		{
			"from": [3.5, 0.5, 5],
			"to": [4.5, 1.5, 11],
			"rotation": {"angle": 0, "axis": "y", "origin": [3, 0, 9]},
			"faces": {
				"north": {"uv": [8.5, 13.5, 9, 14], "texture": "#0"},
				"east": {"uv": [8, 10, 11, 10.5], "texture": "#0"},
				"south": {"uv": [9, 13.5, 9.5, 14], "texture": "#0"},
				"west": {"uv": [10, 9, 13, 9.5], "texture": "#0"},
				"up": {"uv": [8.5, 13.5, 8, 10.5], "texture": "#0"},
				"down": {"uv": [9, 10.5, 8.5, 13.5], "texture": "#0"}
			}
		},
		{
			"from": [3.5, 8.5, 5],
			"to": [4.5, 9.5, 11],
			"rotation": {"angle": 0, "axis": "y", "origin": [3, 8, 9]},
			"faces": {
				"north": {"uv": [13.5, 9, 14, 9.5], "texture": "#0"},
				"east": {"uv": [10, 9.5, 13, 10], "texture": "#0"},
				"south": {"uv": [9.5, 13.5, 10, 14], "texture": "#0"},
				"west": {"uv": [9, 10.5, 12, 11], "texture": "#0"},
				"up": {"uv": [0.5, 14, 0, 11], "texture": "#0"},
				"down": {"uv": [1, 11, 0.5, 14], "texture": "#0"}
			}
		},
		{
			"from": [3.5, 2, 3.5],
			"to": [4.5, 8, 4.5],
			"rotation": {"angle": 0, "axis": "y", "origin": [3, 6, 3]},
			"faces": {
				"north": {"uv": [0, 8, 0.5, 11], "texture": "#0"},
				"east": {"uv": [0.5, 8, 1, 11], "texture": "#0"},
				"south": {"uv": [1, 8, 1.5, 11], "texture": "#0"},
				"west": {"uv": [1.5, 8, 2, 11], "texture": "#0"},
				"up": {"uv": [9.5, 13.5, 9, 13], "texture": "#0"},
				"down": {"uv": [13.5, 9, 13, 9.5], "texture": "#0"}
			}
		},
		{
			"from": [3.5, 2, 11.5],
			"to": [4.5, 8, 12.5],
			"rotation": {"angle": 0, "axis": "y", "origin": [3, 6, 11]},
			"faces": {
				"north": {"uv": [2, 8, 2.5, 11], "texture": "#0"},
				"east": {"uv": [2.5, 8, 3, 11], "texture": "#0"},
				"south": {"uv": [3, 8, 3.5, 11], "texture": "#0"},
				"west": {"uv": [3.5, 8, 4, 11], "texture": "#0"},
				"up": {"uv": [10, 13.5, 9.5, 13], "texture": "#0"},
				"down": {"uv": [13.5, 9.5, 13, 10], "texture": "#0"}
			}
		},
		{
			"from": [11.5, 2, 11.5],
			"to": [12.5, 8, 12.5],
			"rotation": {"angle": 0, "axis": "y", "origin": [11, 6, 11]},
			"faces": {
				"north": {"uv": [4, 8, 4.5, 11], "texture": "#0"},
				"east": {"uv": [4.5, 8, 5, 11], "texture": "#0"},
				"south": {"uv": [5, 8, 5.5, 11], "texture": "#0"},
				"west": {"uv": [5.5, 8, 6, 11], "texture": "#0"},
				"up": {"uv": [10.5, 13.5, 10, 13], "texture": "#0"},
				"down": {"uv": [13.5, 10, 13, 10.5], "texture": "#0"}
			}
		},
		{
			"from": [3, 8, 3],
			"to": [5, 10, 5],
			"rotation": {"angle": 0, "axis": "y", "origin": [3, 8, 3]},
			"faces": {
				"north": {"uv": [12, 11, 13, 12], "texture": "#0"},
				"east": {"uv": [12, 12, 13, 13], "texture": "#0"},
				"south": {"uv": [13, 0, 14, 1], "texture": "#0"},
				"west": {"uv": [1, 13, 2, 14], "texture": "#0"},
				"up": {"uv": [14, 2, 13, 1], "texture": "#0"},
				"down": {"uv": [3, 13, 2, 14], "texture": "#0"}
			}
		},
		{
			"from": [3, 8, 11],
			"to": [5, 10, 13],
			"rotation": {"angle": 0, "axis": "y", "origin": [3, 8, 11]},
			"faces": {
				"north": {"uv": [13, 2, 14, 3], "texture": "#0"},
				"east": {"uv": [3, 13, 4, 14], "texture": "#0"},
				"south": {"uv": [13, 3, 14, 4], "texture": "#0"},
				"west": {"uv": [4, 13, 5, 14], "texture": "#0"},
				"up": {"uv": [14, 5, 13, 4], "texture": "#0"},
				"down": {"uv": [6, 13, 5, 14], "texture": "#0"}
			}
		},
		{
			"from": [11, 8, 11],
			"to": [13, 10, 13],
			"rotation": {"angle": 0, "axis": "y", "origin": [11, 8, 11]},
			"faces": {
				"north": {"uv": [13, 5, 14, 6], "texture": "#0"},
				"east": {"uv": [6, 13, 7, 14], "texture": "#0"},
				"south": {"uv": [13, 6, 14, 7], "texture": "#0"},
				"west": {"uv": [7, 13, 8, 14], "texture": "#0"},
				"up": {"uv": [14, 8, 13, 7], "texture": "#0"},
				"down": {"uv": [14, 8, 13, 9], "texture": "#0"}
			}
		}
	],
	"display": {
		"thirdperson_righthand": {
			"translation": [0, -2, -3.25]
		},
		"gui": {
			"rotation": [15.66, 40.42, -5.56],
			"translation": [0.25, 3, 0]
		}
	}
}