{
	"format_version": "1.21.6",
	"credit": "Made with Blockbench",
	"texture_size": [32, 32],
	"textures": {
		"0": "idk:item/sprinkler_or",
		"particle": "idk:item/sprinkler_or"
	},
	"elements": [
		{
			"from": [4, 0, 4],
			"to": [12, 1, 12],
			"rotation": {"angle": 0, "axis": "y", "origin": [4, 0, 4]},
			"faces": {
				"north": {"uv": [8.5, 9, 12.5, 9.5], "texture": "#0"},
				"east": {"uv": [8.5, 9.5, 12.5, 10], "texture": "#0"},
				"south": {"uv": [10, 0, 14, 0.5], "texture": "#0"},
				"west": {"uv": [10, 0.5, 14, 1], "texture": "#0"},
				"up": {"uv": [4, 4, 0, 0], "texture": "#0"},
				"down": {"uv": [4, 4, 0, 8], "texture": "#0"}
			}
		},
		{
			"from": [6.5, 1, 6.5],
			"to": [9.5, 8, 9.5],
			"rotation": {"angle": 0, "axis": "y", "origin": [4, 1, 4]},
			"faces": {
				"north": {"uv": [4, 0, 5.5, 3.5], "texture": "#0"},
				"east": {"uv": [4, 3.5, 5.5, 7], "texture": "#0"},
				"south": {"uv": [5.5, 0, 7, 3.5], "texture": "#0"},
				"west": {"uv": [5.5, 3.5, 7, 7], "texture": "#0"},
				"up": {"uv": [7, 8.5, 5.5, 7], "texture": "#0"},
				"down": {"uv": [8.5, 6, 7, 7.5], "texture": "#0"}
			}
		},
		{
			"from": [7, 8, 7],
			"to": [9, 11, 9],
			"rotation": {"angle": 0, "axis": "y", "origin": [4, 8, 4]},
			"faces": {
				"north": {"uv": [10, 6.5, 11, 8], "texture": "#0"},
				"east": {"uv": [8.5, 10, 9.5, 11.5], "texture": "#0"},
				"south": {"uv": [9.5, 10, 10.5, 11.5], "texture": "#0"},
				"west": {"uv": [3, 10.5, 4, 12], "texture": "#0"},
				"up": {"uv": [4, 9, 3, 8], "texture": "#0"},
				"down": {"uv": [11, 8, 10, 9], "texture": "#0"}
			}
		},
		{
			"from": [4, 9, 8],
			"to": [12, 10, 8],
			"rotation": {"angle": 0, "axis": "y", "origin": [5, 8, 4]},
			"faces": {
				"north": {"uv": [10, 1, 14, 1.5], "texture": "#0"},
				"east": {"uv": [0, 0, 0, 0.5], "texture": "#0"},
				"south": {"uv": [10, 1.5, 14, 2], "texture": "#0"},
				"west": {"uv": [0, 0, 0, 0.5], "texture": "#0"},
				"up": {"uv": [4, 0, 0, 0], "texture": "#0"},
				"down": {"uv": [4, 0, 0, 0], "texture": "#0"}
			}
		},
		{
			"from": [8.7, 8, 6.6],
			"to": [10.7, 11.8, 9.4],
			"rotation": {"angle": -45, "axis": "z", "origin": [5.7, 8, 4]},
			"faces": {
				"north": {"uv": [4.5, 9, 5.5, 11], "texture": "#0"},
				"east": {"uv": [7, 0, 8.5, 2], "texture": "#0"},
				"south": {"uv": [0, 9.5, 1, 11.5], "texture": "#0"},
				"west": {"uv": [7, 2, 8.5, 4], "texture": "#0"},
				"up": {"uv": [11, 3.5, 10, 2], "texture": "#0"},
				"down": {"uv": [11, 3.5, 10, 5], "texture": "#0"}
			}
		},
		{
			"from": [8.2, 12.25, 6.5],
			"to": [11.2, 15.25, 9.5],
			"rotation": {"angle": -45, "axis": "z", "origin": [5.2, 8.25, 4]},
			"faces": {
				"north": {"uv": [7, 7.5, 8.5, 9], "texture": "#0"},
				"east": {"uv": [0, 8, 1.5, 9.5], "texture": "#0"},
				"south": {"uv": [1.5, 8, 3, 9.5], "texture": "#0"},
				"west": {"uv": [8.5, 0, 10, 1.5], "texture": "#0"},
				"up": {"uv": [10, 3, 8.5, 1.5], "texture": "#0"},
				"down": {"uv": [10, 3, 8.5, 4.5], "texture": "#0"}
			}
		},
		{
			"from": [4.8, 12.25, 6.5],
			"to": [7.8, 15.25, 9.5],
			"rotation": {"angle": 45, "axis": "z", "origin": [10.8, 8.25, 4]},
			"faces": {
				"north": {"uv": [8.5, 4.5, 10, 6], "texture": "#0"},
				"east": {"uv": [5.5, 8.5, 7, 10], "texture": "#0"},
				"south": {"uv": [8.5, 6, 10, 7.5], "texture": "#0"},
				"west": {"uv": [8.5, 7.5, 10, 9], "texture": "#0"},
				"up": {"uv": [4.5, 10.5, 3, 9], "texture": "#0"},
				"down": {"uv": [8.5, 9, 7, 10.5], "texture": "#0"}
			}
		},
		{
			"from": [5.3, 8, 6.6],
			"to": [7.3, 11.8, 9.4],
			"rotation": {"angle": 45, "axis": "z", "origin": [10.3, 8, 4]},
			"faces": {
				"north": {"uv": [1, 9.5, 2, 11.5], "texture": "#0"},
				"east": {"uv": [4, 7, 5.5, 9], "texture": "#0"},
				"south": {"uv": [2, 9.5, 3, 11.5], "texture": "#0"},
				"west": {"uv": [7, 4, 8.5, 6], "texture": "#0"},
				"up": {"uv": [11, 6.5, 10, 5], "texture": "#0"},
				"down": {"uv": [6.5, 10, 5.5, 11.5], "texture": "#0"}
			}
		}
	],
	"display": {
		"gui": {
			"rotation": [15.66, 40.42, -5.56],
			"translation": [0.25, 3, 0]
		}
	}
}