{
	"format_version": "1.21.6",
	"credit": "Made with Blockbench",
	"texture_size": [32, 32],
	"textures": {
		"0": "idk:item/squid_klyaksa_orange",
		"particle": "idk:item/squid_klyaksa_orange"
	},
	"elements": [
		{
			"from": [4, 0, 4],
			"to": [12, 4, 12],
			"rotation": {"angle": 0, "axis": "y", "origin": [7, 0, 9]},
			"faces": {
				"north": {"uv": [8, 4, 4, 6], "texture": "#0"},
				"east": {"uv": [8, 2, 4, 4], "texture": "#0"},
				"south": {"uv": [8, 0, 4, 2], "texture": "#0"},
				"west": {"uv": [8, 6, 4, 8], "texture": "#0"},
				"up": {"uv": [4, 0, 0, 4], "texture": "#0"},
				"down": {"uv": [4, 8, 0, 4], "texture": "#0"}
			}
		},
		{
			"from": [10, 0, 11],
			"to": [12, 2, 15],
			"rotation": {"angle": 22.5, "axis": "y", "origin": [11, 1, 13]},
			"faces": {
				"north": {"uv": [6.5, 9, 5.5, 10], "texture": "#0"},
				"east": {"uv": [10, 1, 8, 2], "texture": "#0"},
				"south": {"uv": [5.5, 9, 4.5, 10], "texture": "#0"},
				"west": {"uv": [10, 2, 8, 3], "texture": "#0"},
				"up": {"uv": [9, 3, 8, 5], "texture": "#0"},
				"down": {"uv": [4.5, 10, 3.5, 8], "texture": "#0"}
			}
		},
		{
			"from": [7, 0, 11],
			"to": [9, 2, 14.5],
			"rotation": {"angle": 0, "axis": "y", "origin": [8, 1, 13]},
			"faces": {
				"north": {"uv": [9.5, 9, 8.5, 10], "texture": "#0"},
				"east": {"uv": [9.5, 8, 7.5, 9], "texture": "#0"},
				"south": {"uv": [8.5, 9, 7.5, 10], "texture": "#0"},
				"west": {"uv": [2, 9, 0, 10], "texture": "#0"},
				"up": {"uv": [3, 9, 2, 11], "texture": "#0"},
				"down": {"uv": [10, 5, 9, 3], "texture": "#0"}
			}
		},
		{
			"from": [4, 0, 11],
			"to": [6, 2, 15],
			"rotation": {"angle": -22.5, "axis": "y", "origin": [5, 1, 13]},
			"faces": {
				"north": {"uv": [10, 7, 9, 8], "texture": "#0"},
				"east": {"uv": [6.5, 8, 4.5, 9], "texture": "#0"},
				"south": {"uv": [10, 6, 9, 7], "texture": "#0"},
				"west": {"uv": [10, 5, 8, 6], "texture": "#0"},
				"up": {"uv": [9, 6, 8, 8], "texture": "#0"},
				"down": {"uv": [7.5, 10, 6.5, 8], "texture": "#0"}
			}
		},
		{
			"from": [3.75, 3, 8.25],
			"to": [5.5, 4.25, 10],
			"rotation": {"angle": 0, "axis": "y", "origin": [3.5, 3, 10]},
			"faces": {
				"north": {"uv": [11, 2, 10, 2.5], "texture": "#0"},
				"east": {"uv": [11, 1.5, 10, 2], "texture": "#0"},
				"south": {"uv": [11, 1, 10, 1.5], "texture": "#0"},
				"west": {"uv": [11, 2.5, 10, 3], "texture": "#0"},
				"up": {"uv": [10.5, 8, 9.5, 9], "texture": "#0"},
				"down": {"uv": [10.5, 10, 9.5, 9], "texture": "#0"}
			}
		},
		{
			"from": [10.5, 3, 8.25],
			"to": [12.25, 4.25, 10],
			"rotation": {"angle": 0, "axis": "y", "origin": [10.25, 3, 10]},
			"faces": {
				"north": {"uv": [11, 3.5, 10, 4], "texture": "#0"},
				"east": {"uv": [11, 3, 10, 3.5], "texture": "#0"},
				"south": {"uv": [4, 10, 3, 10.5], "texture": "#0"},
				"west": {"uv": [5, 10, 4, 10.5], "texture": "#0"},
				"up": {"uv": [1, 10, 0, 11], "texture": "#0"},
				"down": {"uv": [2, 11, 1, 10], "texture": "#0"}
			}
		},
		{
			"from": [4.5, 0, 11.75],
			"to": [11.5, 0, 13.75],
			"rotation": {"angle": 22.5, "axis": "x", "origin": [9.5, 0, 13.75]},
			"faces": {
				"north": {"uv": [3.5, 0, 0, 0], "texture": "#0"},
				"east": {"uv": [1, 0, 0, 0], "texture": "#0"},
				"south": {"uv": [3.5, 0, 0, 0], "texture": "#0"},
				"west": {"uv": [1, 0, 0, 0], "texture": "#0"},
				"up": {"uv": [3.5, 8, 0, 9], "texture": "#0"},
				"down": {"uv": [11.5, 1, 8, 0], "texture": "#0"}
			}
		}
	]
}