{
	"format_version": "1.21.6",
	"credit": "Made with Blockbench",
	"texture_size": [64, 64],
	"textures": {
		"0": "idk:item/suctionbomb_lm",
		"particle": "idk:item/suctionbomb_lm"
	},
	"elements": [
		{
			"from": [4, 0, 4],
			"to": [12, 3, 5],
			"rotation": {"angle": 0, "axis": "y", "origin": [7, 0, 7]},
			"faces": {
				"north": {"uv": [5, 3, 7, 3.75], "texture": "#0"},
				"east": {"uv": [2.75, 7.25, 3, 8], "texture": "#0"},
				"south": {"uv": [2.5, 5.5, 4.5, 6.25], "texture": "#0"},
				"west": {"uv": [3, 7.25, 3.25, 8], "texture": "#0"},
				"up": {"uv": [8.25, 6.25, 6.25, 6], "texture": "#0"},
				"down": {"uv": [8.5, 0.75, 6.5, 1], "texture": "#0"}
			}
		},
		{
			"from": [4, 0, 5],
			"to": [5, 3, 12],
			"rotation": {"angle": 0, "axis": "y", "origin": [7, 0, 7]},
			"faces": {
				"north": {"uv": [3.25, 7.25, 3.5, 8], "texture": "#0"},
				"east": {"uv": [4.5, 5.5, 6.25, 6.25], "texture": "#0"},
				"south": {"uv": [3.5, 7.25, 3.75, 8], "texture": "#0"},
				"west": {"uv": [6, 3.75, 7.75, 4.5], "texture": "#0"},
				"up": {"uv": [0.75, 8.5, 0.5, 6.75], "texture": "#0"},
				"down": {"uv": [1, 6.75, 0.75, 8.5], "texture": "#0"}
			}
		},
		{
			"from": [5, 2, 5],
			"to": [11, 3, 11],
			"rotation": {"angle": 0, "axis": "y", "origin": [7, 0, 7]},
			"faces": {
				"north": {"uv": [1, 6.75, 2.5, 7], "texture": "#0"},
				"east": {"uv": [7, 3, 8.5, 3.25], "texture": "#0"},
				"south": {"uv": [7, 3.25, 8.5, 3.5], "texture": "#0"},
				"west": {"uv": [7, 3.5, 8.5, 3.75], "texture": "#0"},
				"up": {"uv": [4.5, 5.5, 3, 4], "texture": "#0"},
				"down": {"uv": [6, 4, 4.5, 5.5], "texture": "#0"}
			}
		},
		{
			"from": [5, 9, 5],
			"to": [11, 17, 11],
			"rotation": {"angle": 0, "axis": "y", "origin": [7, 7, 7]},
			"faces": {
				"north": {"uv": [0, 3.5, 1.5, 5.5], "texture": "#0"},
				"east": {"uv": [3.5, 0, 5, 2], "texture": "#0"},
				"south": {"uv": [1.5, 3.5, 3, 5.5], "texture": "#0"},
				"west": {"uv": [3.5, 2, 5, 4], "texture": "#0"},
				"up": {"uv": [6.5, 1.5, 5, 0], "texture": "#0"},
				"down": {"uv": [6.5, 1.5, 5, 3], "texture": "#0"}
			}
		},
		{
			"from": [4.5, 17, 4.5],
			"to": [11.5, 18, 11.5],
			"rotation": {"angle": 0, "axis": "y", "origin": [7, 7, 7]},
			"faces": {
				"north": {"uv": [7, 1.25, 8.75, 1.5], "texture": "#0"},
				"east": {"uv": [7, 1.5, 8.75, 1.75], "texture": "#0"},
				"south": {"uv": [7, 1.75, 8.75, 2], "texture": "#0"},
				"west": {"uv": [7, 2, 8.75, 2.25], "texture": "#0"},
				"up": {"uv": [1.75, 1.75, 0, 0], "texture": "#0"},
				"down": {"uv": [1.75, 1.75, 0, 3.5], "texture": "#0"}
			}
		},
		{
			"from": [4.5, 8, 4.5],
			"to": [11.5, 9, 11.5],
			"rotation": {"angle": 0, "axis": "y", "origin": [7, -2, 7]},
			"faces": {
				"north": {"uv": [7, 2.25, 8.75, 2.5], "texture": "#0"},
				"east": {"uv": [7, 2.5, 8.75, 2.75], "texture": "#0"},
				"south": {"uv": [2.75, 7, 4.5, 7.25], "texture": "#0"},
				"west": {"uv": [7, 2.75, 8.75, 3], "texture": "#0"},
				"up": {"uv": [3.5, 1.75, 1.75, 0], "texture": "#0"},
				"down": {"uv": [3.5, 1.75, 1.75, 3.5], "texture": "#0"}
			}
		},
		{
			"from": [5.5, 6.75, 5.5],
			"to": [10.5, 7.75, 10.5],
			"rotation": {"angle": 0, "axis": "y", "origin": [7, -3.25, 7]},
			"faces": {
				"north": {"uv": [7.25, 0, 8.5, 0.25], "texture": "#0"},
				"east": {"uv": [7.25, 0.25, 8.5, 0.5], "texture": "#0"},
				"south": {"uv": [7.25, 0.5, 8.5, 0.75], "texture": "#0"},
				"west": {"uv": [1, 7.25, 2.25, 7.5], "texture": "#0"},
				"up": {"uv": [1.25, 6.75, 0, 5.5], "texture": "#0"},
				"down": {"uv": [2.5, 5.5, 1.25, 6.75], "texture": "#0"}
			}
		},
		{
			"from": [7, 4, 7],
			"to": [9, 8, 9],
			"rotation": {"angle": 0, "axis": "y", "origin": [7, 1, 7]},
			"faces": {
				"north": {"uv": [6.5, 1, 7, 2], "texture": "#0"},
				"east": {"uv": [6.5, 2, 7, 3], "texture": "#0"},
				"south": {"uv": [6.5, 6.25, 7, 7.25], "texture": "#0"},
				"west": {"uv": [0, 6.75, 0.5, 7.75], "texture": "#0"},
				"up": {"uv": [3.5, 4, 3, 3.5], "texture": "#0"},
				"down": {"uv": [2.75, 7.25, 2.25, 7.75], "texture": "#0"}
			}
		},
		{
			"from": [6.5, 3, 6.5],
			"to": [9.5, 4.5, 9.5],
			"rotation": {"angle": 0, "axis": "y", "origin": [7, 1, 7]},
			"faces": {
				"north": {"uv": [5, 7, 5.75, 7.5], "texture": "#0"},
				"east": {"uv": [5.75, 7, 6.5, 7.5], "texture": "#0"},
				"south": {"uv": [7, 6.25, 7.75, 6.75], "texture": "#0"},
				"west": {"uv": [7, 6.75, 7.75, 7.25], "texture": "#0"},
				"up": {"uv": [6.5, 7, 5.75, 6.25], "texture": "#0"},
				"down": {"uv": [7.25, 0, 6.5, 0.75], "texture": "#0"}
			}
		},
		{
			"from": [11, 0, 5],
			"to": [12, 3, 11],
			"rotation": {"angle": 0, "axis": "y", "origin": [7, 0, 7]},
			"faces": {
				"north": {"uv": [4.25, 7.25, 4.5, 8], "texture": "#0"},
				"east": {"uv": [4.25, 6.25, 5.75, 7], "texture": "#0"},
				"south": {"uv": [6.5, 7.25, 6.75, 8], "texture": "#0"},
				"west": {"uv": [6.25, 5.25, 7.75, 6], "texture": "#0"},
				"up": {"uv": [4.75, 8.5, 4.5, 7], "texture": "#0"},
				"down": {"uv": [5, 7, 4.75, 8.5], "texture": "#0"}
			}
		},
		{
			"from": [5, 0, 11],
			"to": [12, 3, 12],
			"rotation": {"angle": 0, "axis": "y", "origin": [7, 0, 7]},
			"faces": {
				"north": {"uv": [6, 4.5, 7.75, 5.25], "texture": "#0"},
				"east": {"uv": [3.75, 7.25, 4, 8], "texture": "#0"},
				"south": {"uv": [2.5, 6.25, 4.25, 7], "texture": "#0"},
				"west": {"uv": [4, 7.25, 4.25, 8], "texture": "#0"},
				"up": {"uv": [2.75, 7.25, 1, 7], "texture": "#0"},
				"down": {"uv": [8.75, 1, 7, 1.25], "texture": "#0"}
			}
		}
	],
	"display": {
		"gui": {
			"rotation": [15.66, -148, -5.56],
			"translation": [0.25, -0.75, 0],
			"scale": [0.78, 0.78, 0.78]
		}
	}
}