{
	"credit": "Made with Blockbench",
	"texture_size": [32, 32],
	"textures": {
		"0": "item/orange_dye",
		"particle": "item/orange_dye"
	},
	"elements": [
		{
			"from": [5, 5.25, 3],
			"to": [11, 11.25, 9],
			"rotation": {"angle": 0, "axis": "y", "origin": [8, 7.25, 8]},
			"faces": {
				"north": {"uv": [0, 3, 3, 6], "texture": "#0"},
				"east": {"uv": [3, 0, 6, 3], "texture": "#0"},
				"south": {"uv": [3, 3, 6, 6], "texture": "#0"},
				"west": {"uv": [0, 0, 3, 3], "texture": "#0"},
				"up": {"uv": [3, 9, 0, 6], "rotation": 270, "texture": "#0"},
				"down": {"uv": [9, 0, 6, 3], "rotation": 90, "texture": "#0"}
			}
		},
		{
			"from": [6, 6.25, 9],
			"to": [6, 10.25, 15],
			"rotation": {"angle": 0, "axis": "y", "origin": [8, 7.25, 8]},
			"faces": {
				"north": {"uv": [0, 0, 0, 2], "texture": "#0"},
				"east": {"uv": [6, 3, 9, 5], "texture": "#0"},
				"south": {"uv": [0, 0, 0, 2], "texture": "#0"},
				"west": {"uv": [3, 6, 6, 8], "texture": "#0"},
				"up": {"uv": [3, 0, 0, 0], "rotation": 270, "texture": "#0"},
				"down": {"uv": [3, 0, 0, 0], "rotation": 90, "texture": "#0"}
			}
		},
		{
			"from": [5, 5.25, 9],
			"to": [5, 11.25, 12],
			"rotation": {"angle": 0, "axis": "y", "origin": [8, 7.25, 8]},
			"faces": {
				"north": {"uv": [0, 0, 0, 3], "texture": "#0"},
				"east": {"uv": [6, 9, 7.5, 12], "texture": "#0"},
				"south": {"uv": [0, 0, 0, 3], "texture": "#0"},
				"west": {"uv": [9, 4, 10.5, 7], "texture": "#0"},
				"up": {"uv": [1.5, 0, 0, 0], "rotation": 270, "texture": "#0"},
				"down": {"uv": [1.5, 0, 0, 0], "rotation": 90, "texture": "#0"}
			}
		},
		{
			"from": [11, 5.25, 9],
			"to": [11, 11.25, 12],
			"rotation": {"angle": 0, "axis": "y", "origin": [8, 7.25, 8]},
			"faces": {
				"north": {"uv": [0, 0, 0, 3], "texture": "#0"},
				"east": {"uv": [7.5, 9, 9, 12], "texture": "#0"},
				"south": {"uv": [0, 0, 0, 3], "texture": "#0"},
				"west": {"uv": [9, 7, 10.5, 10], "texture": "#0"},
				"up": {"uv": [1.5, 0, 0, 0], "rotation": 270, "texture": "#0"},
				"down": {"uv": [1.5, 0, 0, 0], "rotation": 90, "texture": "#0"}
			}
		},
		{
			"from": [5, 5.25, 9],
			"to": [11, 5.25, 12],
			"rotation": {"angle": 0, "axis": "y", "origin": [8, 7.25, 8]},
			"faces": {
				"north": {"uv": [0, 0, 3, 0], "texture": "#0"},
				"east": {"uv": [0, 0, 1.5, 0], "texture": "#0"},
				"south": {"uv": [0, 0, 3, 0], "texture": "#0"},
				"west": {"uv": [0, 0, 1.5, 0], "texture": "#0"},
				"up": {"uv": [4.5, 13, 3, 10], "rotation": 270, "texture": "#0"},
				"down": {"uv": [6, 10, 4.5, 13], "rotation": 90, "texture": "#0"}
			}
		},
		{
			"from": [5, 11.25, 9],
			"to": [11, 11.25, 12],
			"rotation": {"angle": 0, "axis": "y", "origin": [8, 7.25, 8]},
			"faces": {
				"north": {"uv": [0, 0, 3, 0], "texture": "#0"},
				"east": {"uv": [0, 0, 1.5, 0], "texture": "#0"},
				"south": {"uv": [0, 0, 3, 0], "texture": "#0"},
				"west": {"uv": [0, 0, 1.5, 0], "texture": "#0"},
				"up": {"uv": [10.5, 13, 9, 10], "rotation": 270, "texture": "#0"},
				"down": {"uv": [12, 4, 10.5, 7], "rotation": 90, "texture": "#0"}
			}
		},
		{
			"from": [6, 6.25, 9],
			"to": [10, 6.25, 15],
			"rotation": {"angle": 0, "axis": "y", "origin": [8, 7.25, 8]},
			"faces": {
				"north": {"uv": [0, 0, 2, 0], "texture": "#0"},
				"east": {"uv": [0, 0, 3, 0], "texture": "#0"},
				"south": {"uv": [0, 0, 2, 0], "texture": "#0"},
				"west": {"uv": [0, 0, 3, 0], "texture": "#0"},
				"up": {"uv": [6, 10, 3, 8], "rotation": 270, "texture": "#0"},
				"down": {"uv": [3, 9, 0, 11], "rotation": 90, "texture": "#0"}
			}
		},
		{
			"from": [6, 10.25, 9],
			"to": [10, 10.25, 15],
			"rotation": {"angle": 0, "axis": "y", "origin": [8, 7.25, 8]},
			"faces": {
				"north": {"uv": [0, 0, 2, 0], "texture": "#0"},
				"east": {"uv": [0, 0, 3, 0], "texture": "#0"},
				"south": {"uv": [0, 0, 2, 0], "texture": "#0"},
				"west": {"uv": [0, 0, 3, 0], "texture": "#0"},
				"up": {"uv": [12, 2, 9, 0], "rotation": 270, "texture": "#0"},
				"down": {"uv": [12, 2, 9, 4], "rotation": 90, "texture": "#0"}
			}
		},
		{
			"from": [10, 6.25, 9],
			"to": [10, 10.25, 15],
			"rotation": {"angle": 0, "axis": "y", "origin": [8, 7.25, 8]},
			"faces": {
				"north": {"uv": [0, 0, 0, 2], "texture": "#0"},
				"east": {"uv": [6, 7, 9, 9], "texture": "#0"},
				"south": {"uv": [0, 0, 0, 2], "texture": "#0"},
				"west": {"uv": [6, 5, 9, 7], "texture": "#0"},
				"up": {"uv": [3, 0, 0, 0], "rotation": 270, "texture": "#0"},
				"down": {"uv": [3, 0, 0, 0], "rotation": 90, "texture": "#0"}
			}
		}
	],
	"display": {}
}